pincode_from,pincode_till,city,state,iso3166_subdivision_code
110001,110110,New Delhi,Delhi,IN-DL
121001,121101,Faridabad,Haryana,IN-HR
121102,121102,Palwal,Haryana,IN-HR
121103,121103,Hathin,Haryana,IN-HR
121105,121106,Hodal,Haryana,IN-HR
121107,121107,Hasanpur,Haryana,IN-HR
122001,122018,Gurugram,Haryana,IN-HR
122051,122052,Manesar,Haryana,IN-HR
122098,122101,Gurugram,Haryana,IN-HR
122102,122103,Sohna,Haryana,IN-HR
122104,122104,Ferozepur Jhirka,Haryana,IN-HR
122105,122105,Taoru,Haryana,IN-HR
122107,122107,Nuh,Haryana,IN-HR
122108,122108,Ferozepur Jhirka,Haryana,IN-HR
122413,122413,Manesar,Haryana,IN-HR
122414,122503,Pataudi,Haryana,IN-HR
122504,122504,Hailey Mandi,Haryana,IN-HR
122505,122505,Gurugram,Haryana,IN-HR
122506,122506,Farrukhnagar,Haryana,IN-HR
122508,122508,Punahana,Haryana,IN-HR
123001,123001,Narnaul,Haryana,IN-HR
123021,123021,Ateli,Haryana,IN-HR
123023,123023,Nangal Chaudhary,Haryana,IN-HR
123024,123024,Mahendragarh,Haryana,IN-HR
123027,123027,Kanina,Haryana,IN-HR
123028,123031,Mahendragarh,Haryana,IN-HR
123034,123034,Kanina,Haryana,IN-HR
123035,123103,Rewari,Haryana,IN-HR
123106,123106,Dharuhera,Haryana,IN-HR
123110,123110,Rewari,Haryana,IN-HR
123301,123303,Kosli,Haryana,IN-HR
123401,123411,Rewari,Haryana,IN-HR
123412,123501,Bawal,Haryana,IN-HR
124001,124021,Rohtak,Haryana,IN-HR
124022,124022,Maham,Haryana,IN-HR
124102,124102,Beri,Haryana,IN-HR
124103,124104,Jhajjar,Haryana,IN-HR
124105,124105,Bahadurgarh,Haryana,IN-HR
124106,124106,Matenhail,Haryana,IN-HR
124107,124107,Beri,Haryana,IN-HR
124108,124109,Jhajjar,Haryana,IN-HR
124111,124112,Maham,Haryana,IN-HR
124113,124113,Kalanaur,Haryana,IN-HR
124141,124146,Matenhail,Haryana,IN-HR
124201,124202,Beri,Haryana,IN-HR
124303,124401,Rohtak,Haryana,IN-HR
124404,124404,Sampla,Haryana,IN-HR
124406,124412,Rohtak,Haryana,IN-HR
124501,124501,Sampla,Haryana,IN-HR
124504,124508,Bahadurgarh,Haryana,IN-HR
124513,124514,Maham,Haryana,IN-HR
125001,125011,Hisar,Haryana,IN-HR
125033,125033,Hansi,Haryana,IN-HR
125037,125037,Hisar,Haryana,IN-HR
125038,125038,Hansi,Haryana,IN-HR
125039,125039,Narnaund,Haryana,IN-HR
125042,125042,Hansi,Haryana,IN-HR
125044,125044,Hisar,Haryana,IN-HR
125047,125047,Gorakhpur,Haryana,IN-HR
125048,125048,Fatehabad,Haryana,IN-HR
125049,125049,Hansi,Haryana,IN-HR
125050,125050,Fatehabad,Haryana,IN-HR
125051,125051,Ratia,Haryana,IN-HR
125052,125052,Adampur,Haryana,IN-HR
125053,125053,Fatehabad,Haryana,IN-HR
125054,125056,Sirsa,Haryana,IN-HR
125058,125058,Nathusari Chopta,Haryana,IN-HR
125060,125060,Sirsa,Haryana,IN-HR
125075,125076,Rania,Haryana,IN-HR
125077,125077,Dabwali,Haryana,IN-HR
125078,125078,Sirsa,Haryana,IN-HR
125101,125101,Dabwali,Haryana,IN-HR
125102,125102,Ellenabad,Haryana,IN-HR
125103,125103,Dabwali,Haryana,IN-HR
125104,125104,Mandi Dabwali,Haryana,IN-HR
125106,125106,Tohana,Haryana,IN-HR
125110,125110,Nathusari Chopta,Haryana,IN-HR
125111,125111,Bhuna,Haryana,IN-HR
125112,125113,Hisar,Haryana,IN-HR
125120,125120,Tohana,Haryana,IN-HR
125121,125121,Barwala,Haryana,IN-HR
125133,125133,Jakhal Mandi,Haryana,IN-HR
125201,125201,Kalanwali,Haryana,IN-HR
126101,126101,Julana,Haryana,IN-HR
126102,126102,Jind,Haryana,IN-HR
126110,126110,Safidon,Haryana,IN-HR
126111,126111,Jind,Haryana,IN-HR
126112,126113,Safidon,Haryana,IN-HR
126114,126114,Jind,Haryana,IN-HR
126115,126115,Uchana,Haryana,IN-HR
126116,126116,Narwana,Haryana,IN-HR
126125,126125,Jind,Haryana,IN-HR
126152,126152,Narwana,Haryana,IN-HR
127021,127021,Bhiwani,Haryana,IN-HR
127022,127026,Dadri,Haryana,IN-HR
127027,127027,Bhiwani,Haryana,IN-HR
127028,127028,Loharu,Haryana,IN-HR
127029,127029,Tosham,Haryana,IN-HR
127030,127031,Bhiwani,Haryana,IN-HR
127032,127035,Bawani Khera,Haryana,IN-HR
127040,127040,Tosham,Haryana,IN-HR
127041,127041,Bawani Khera,Haryana,IN-HR
127042,127042,Dadri,Haryana,IN-HR
127043,127043,Tosham,Haryana,IN-HR
127045,127046,Siwani,Haryana,IN-HR
127111,127114,Bhiwani,Haryana,IN-HR
127201,127201,Loharu,Haryana,IN-HR
127306,127306,Charkhi Dadri,Haryana,IN-HR
127307,127307,Dadri,Haryana,IN-HR
127308,127308,Badhra,Haryana,IN-HR
127309,127309,Bhiwani,Haryana,IN-HR
127310,127310,Dadri,Haryana,IN-HR
127311,127311,Bhiwani,Haryana,IN-HR
127312,127312,Badhra,Haryana,IN-HR
131001,131027,Sonipat,Haryana,IN-HR
131028,131028,Narela,Haryana,IN-HR
131029,131039,Sonipat,Haryana,IN-HR
131101,131102,Ganaur,Haryana,IN-HR
131103,131103,Narela,Haryana,IN-HR
131301,131306,Gohana,Haryana,IN-HR
131402,131402,Kharkhauda,Haryana,IN-HR
131403,131403,Sonipat,Haryana,IN-HR
131408,131408,Kharkhoda,Haryana,IN-HR
131409,131409,Gohana,Haryana,IN-HR
132001,132023,Karnal,Haryana,IN-HR
132024,132024,Nissing,Haryana,IN-HR
132036,132037,Karnal,Haryana,IN-HR
132039,132040,Assandh,Haryana,IN-HR
132041,132041,Indri,Haryana,IN-HR
132046,132046,Assandh,Haryana,IN-HR
132054,132054,Indri,Haryana,IN-HR
132101,132102,Samalkha,Haryana,IN-HR
132103,132106,Panipat,Haryana,IN-HR
132107,132107,Israna,Haryana,IN-HR
132108,132113,Panipat,Haryana,IN-HR
132114,132114,Gharaunda,Haryana,IN-HR
132115,132115,Samalkha,Haryana,IN-HR
132116,132116,Taraori,Haryana,IN-HR
132117,132117,Nilokheri,Haryana,IN-HR
132122,132122,Samalkha,Haryana,IN-HR
132140,132140,Panipat,Haryana,IN-HR
132145,132145,Israna,Haryana,IN-HR
132157,132157,Nilokheri,Haryana,IN-HR
133001,133102,Ambala,Haryana,IN-HR
133103,133103,Mustafabad,Haryana,IN-HR
133104,133104,Ambala,Haryana,IN-HR
133201,133203,Barara,Haryana,IN-HR
133204,133204,Bilaspur,Haryana,IN-HR
133205,133205,Barara,Haryana,IN-HR
133206,133206,Bilaspur,Haryana,IN-HR
133207,133207,Barara,Haryana,IN-HR
133301,133302,Kalka,Haryana,IN-HR
134003,134008,Ambala,Haryana,IN-HR
134101,134102,Kalka,Haryana,IN-HR
134103,134103,Panchkula,Haryana,IN-HR
134104,134105,Kalka,Haryana,IN-HR
134107,134118,Panchkula,Haryana,IN-HR
134201,134203,Narayangarh,Haryana,IN-HR
134204,134205,Panchkula,Haryana,IN-HR
135001,135001,Yamunanagar,Haryana,IN-HR
135002,135004,Jagadhri,Haryana,IN-HR
135021,135021,Chhachhrauli,Haryana,IN-HR
135101,135101,Buriya,Haryana,IN-HR
135102,135102,Bilaspur,Haryana,IN-HR
135103,135106,Chhachhrauli,Haryana,IN-HR
135133,135133,Radaur,Haryana,IN-HR
136020,136021,Fatehpur Pundri,Haryana,IN-HR
136026,136026,Pundri,Haryana,IN-HR
136027,136027,Kaithal,Haryana,IN-HR
136030,136030,Pehowa,Haryana,IN-HR
136033,136034,Guhla,Haryana,IN-HR
136035,136035,Cheeka,Haryana,IN-HR
136038,136038,Thanesar,Haryana,IN-HR
136042,136042,Kaithal,Haryana,IN-HR
136043,136043,Fatehpur Pundri,Haryana,IN-HR
136044,136044,Rajound,Haryana,IN-HR
136117,136117,Kalayat,Haryana,IN-HR
136118,136119,Thanesar,Haryana,IN-HR
136128,136129,Pehowa,Haryana,IN-HR
136130,136131,Thanesar,Haryana,IN-HR
136132,136132,Ladwa,Haryana,IN-HR
136134,136135,Shahbad,Haryana,IN-HR
136136,136136,Pehowa,Haryana,IN-HR
136156,136156,Shahbad,Haryana,IN-HR
140001,140001,Ropar,Punjab,IN-PB
140101,140101,Morinda,Punjab,IN-PB
140102,140102,Chamkaur Sahib,Punjab,IN-PB
140103,140103,Kurali,Punjab,IN-PB
140108,140108,Rupnagar,Punjab,IN-PB
140109,140110,Kharar,Punjab,IN-PB
140111,140112,Chamkaur Sahib,Punjab,IN-PB
140113,140114,Rupnagar,Punjab,IN-PB
140115,140115,Kiratpur Sahib,Punjab,IN-PB
140116,140116,Shri Anandpur Sahib,Punjab,IN-PB
140117,140117,Nurpur Kalan,Punjab,IN-PB
140118,140123,Shri Anandpur Sahib,Punjab,IN-PB
140124,140127,Nangal,Punjab,IN-PB
140128,140128,Shri Anandpur Sahib,Punjab,IN-PB
140133,140133,Nangal,Punjab,IN-PB
140201,140201,Dera Bassi,Punjab,IN-PB
140301,140301,Kharar,Punjab,IN-PB
140306,140307,S.a.s. Nagar,Punjab,IN-PB
140308,140308,Mohali,Punjab,IN-PB
140401,140402,Rajpura,Punjab,IN-PB
140405,140405,Fatehgarh Sahib,Punjab,IN-PB
140406,140406,Sirhind,Punjab,IN-PB
140407,140407,Sirhind Fatehgarh Sahib,Punjab,IN-PB
140408,140408,Bassi Pathana,Punjab,IN-PB
140412,140412,Basi,Punjab,IN-PB
140413,140413,Kharar,Punjab,IN-PB
140417,140417,Rajpura,Punjab,IN-PB
140501,140501,Lalru,Punjab,IN-PB
140506,140507,Dera Bassi,Punjab,IN-PB
140601,140601,Banur,Punjab,IN-PB
140602,140602,Rajpura,Punjab,IN-PB
140603,140603,Zirakpur,Punjab,IN-PB
140604,140604,Panchkula,Punjab,IN-PB
140701,140701,Rajpura,Punjab,IN-PB
140702,140702,Ghanaur,Punjab,IN-PB
140802,140802,Khamanon,Punjab,IN-PB
140901,140901,Kharar,Punjab,IN-PB
141001,141017,Ludhiana,Punjab,IN-PB
141101,141101,Mullanpur Dakha,Punjab,IN-PB
141102,141103,Ludhiana,Punjab,IN-PB
141104,141104,Raikot,Punjab,IN-PB
141105,141105,Ludhiana,Punjab,IN-PB
141106,141109,Raikot,Punjab,IN-PB
141110,141110,Jagraon,Punjab,IN-PB
141112,141113,Ludhiana,Punjab,IN-PB
141114,141114,Samrala,Punjab,IN-PB
141115,141115,Machhiwara,Punjab,IN-PB
141116,141116,Ludhiana,Punjab,IN-PB
141117,141117,Payal,Punjab,IN-PB
141118,141118,Ludhiana,Punjab,IN-PB
141119,141119,Maloud,Punjab,IN-PB
141120,141120,Sahnewal,Punjab,IN-PB
141121,141121,Samrala,Punjab,IN-PB
141122,141123,Ludhiana,Punjab,IN-PB
141125,141125,Samrala,Punjab,IN-PB
141126,141206,Ludhiana,Punjab,IN-PB
141401,141401,Khanna,Punjab,IN-PB
141411,141411,Khamanon,Punjab,IN-PB
141412,141412,Khanna,Punjab,IN-PB
141413,141413,Payal,Punjab,IN-PB
141414,141414,Khanna,Punjab,IN-PB
141415,141416,Payal,Punjab,IN-PB
141417,141417,Khanna,Punjab,IN-PB
141418,141419,Payal,Punjab,IN-PB
141421,141422,Doraha,Punjab,IN-PB
141801,141801,Khamanon Kalan,Punjab,IN-PB
142001,142011,Moga,Punjab,IN-PB
142021,142022,Ludhiana,Punjab,IN-PB
142023,142026,Jagraon,Punjab,IN-PB
142027,142027,Ludhiana,Punjab,IN-PB
142028,142028,Jagraon,Punjab,IN-PB
142029,142029,Ludhiana,Punjab,IN-PB
142030,142031,Jagraon,Punjab,IN-PB
142032,142032,Raikot,Punjab,IN-PB
142033,142036,Jagraon,Punjab,IN-PB
142037,142037,Badhni Kalan,Punjab,IN-PB
142038,142038,Bagha Purana,Punjab,IN-PB
142039,142039,Nihal Singh Wala,Punjab,IN-PB
142040,142040,Moga,Punjab,IN-PB
142041,142042,Dharamkot,Punjab,IN-PB
142043,142043,Kot Isse Khan,Punjab,IN-PB
142044,142044,Makhu,Punjab,IN-PB
142045,142046,Nihal Singh Wala,Punjab,IN-PB
142047,142047,Zira,Punjab,IN-PB
142048,142048,Moga,Punjab,IN-PB
142049,142049,Bagha Purana,Punjab,IN-PB
142050,142050,Talwandi Bhai,Punjab,IN-PB
142052,142052,Firozpur,Punjab,IN-PB
142053,142054,Moga,Punjab,IN-PB
142055,142056,Nihal Singh Wala,Punjab,IN-PB
142057,142057,Bagha Purana,Punjab,IN-PB
142058,142058,Dharamkot,Punjab,IN-PB
142060,142060,Mudki,Punjab,IN-PB
143001,143022,Amritsar,Punjab,IN-PB
143101,143101,Raja Sansi,Punjab,IN-PB
143102,143103,Ajnala,Punjab,IN-PB
143105,143108,Amritsar,Punjab,IN-PB
143109,143109,Ajnala,Punjab,IN-PB
143111,143111,Baba Bakala,Punjab,IN-PB
143112,143112,Rayya,Punjab,IN-PB
143113,143113,Amritsar,Punjab,IN-PB
143114,143114,Baba Bakala,Punjab,IN-PB
143115,143115,Jandiala,Punjab,IN-PB
143116,143116,Baba Bakala,Punjab,IN-PB
143117,143118,Khadur Sahib,Punjab,IN-PB
143119,143119,Baba Bakala,Punjab,IN-PB
143149,143149,Jandiala,Punjab,IN-PB
143201,143205,Baba Bakala,Punjab,IN-PB
143301,143301,Tarn Taran,Punjab,IN-PB
143302,143302,Patti,Punjab,IN-PB
143303,143303,Bhikhiwind,Punjab,IN-PB
143304,143305,Patti,Punjab,IN-PB
143401,143402,Tarn Taran,Punjab,IN-PB
143406,143407,Khadur Sahib,Punjab,IN-PB
143408,143411,Tarn Taran,Punjab,IN-PB
143412,143412,Patti,Punjab,IN-PB
143413,143413,Amritsar,Punjab,IN-PB
143414,143414,Tarn Taran,Punjab,IN-PB
143415,143416,Patti,Punjab,IN-PB
143419,143419,Khem Karan,Punjab,IN-PB
143422,143422,Khadur Sahib,Punjab,IN-PB
143501,143504,Amritsar,Punjab,IN-PB
143505,143511,Batala,Punjab,IN-PB
143512,143512,Kalanaur,Punjab,IN-PB
143513,143514,Batala,Punjab,IN-PB
143515,143515,Sri Hargobindpur,Punjab,IN-PB
143516,143516,Qadian,Punjab,IN-PB
143517,143518,Gurdaspur,Punjab,IN-PB
143519,143519,Dhariwal,Punjab,IN-PB
143520,143526,Gurdaspur,Punjab,IN-PB
143527,143527,Batala,Punjab,IN-PB
143528,143530,Gurdaspur,Punjab,IN-PB
143531,143531,Dina Nagar,Punjab,IN-PB
143532,143532,Gurdaspur,Punjab,IN-PB
143533,143534,Pathankot,Punjab,IN-PB
143601,143601,Majitha,Punjab,IN-PB
143602,143602,Htfatehgarh Churian,Punjab,IN-PB
143603,143603,Ramdas,Punjab,IN-PB
143604,143605,Dera Baba Nanak,Punjab,IN-PB
143606,143606,Ajnala,Punjab,IN-PB
144001,144010,Jalandhar,Punjab,IN-PB
144011,144012,Shahkot,Punjab,IN-PB
144020,144028,Jalandhar,Punjab,IN-PB
144029,144029,Nawanshahr,Punjab,IN-PB
144030,144030,Jalandhar,Punjab,IN-PB
144031,144032,Phillaur,Punjab,IN-PB
144033,144033,Jandiala,Punjab,IN-PB
144034,144035,Phillaur,Punjab,IN-PB
144036,144036,Bilga,Punjab,IN-PB
144037,144037,Phillaur,Punjab,IN-PB
144039,144039,Nurmahal,Punjab,IN-PB
144040,144040,Nakodar,Punjab,IN-PB
144041,144041,Mehatpur,Punjab,IN-PB
144042,144044,Nakodar,Punjab,IN-PB
144101,144102,Jalandhar,Punjab,IN-PB
144103,144103,Adampur,Punjab,IN-PB
144104,144104,Jalandhar,Punjab,IN-PB
144105,144105,Sham Chaurasii,Punjab,IN-PB
144106,144106,Jalandhar,Punjab,IN-PB
144201,144201,Bhogpur,Punjab,IN-PB
144202,144205,Dasua,Punjab,IN-PB
144206,144206,Hoshiarpur,Punjab,IN-PB
144207,144207,Gardhiwala,Punjab,IN-PB
144208,144208,Hariana,Punjab,IN-PB
144209,144210,Hoshiarpur,Punjab,IN-PB
144211,144211,Mukerian,Punjab,IN-PB
144212,144214,Dasua,Punjab,IN-PB
144216,144216,Mukerian,Punjab,IN-PB
144221,144221,Hajipur,Punjab,IN-PB
144222,144224,Mukerian,Punjab,IN-PB
144301,144301,Alawalpur,Punjab,IN-PB
144302,144303,Jalandhar,Punjab,IN-PB
144305,144305,Dasua,Punjab,IN-PB
144306,144306,Mukerian,Punjab,IN-PB
144311,144311,Phillaur,Punjab,IN-PB
144401,144403,Phagwara,Punjab,IN-PB
144404,144404,Garhshankar,Punjab,IN-PB
144405,144405,Phagwara,Punjab,IN-PB
144406,144406,Garhshankar,Punjab,IN-PB
144407,144408,Phagwara,Punjab,IN-PB
144409,144409,Goraya,Punjab,IN-PB
144410,144410,Phillaur,Punjab,IN-PB
144411,144411,Phagwara,Punjab,IN-PB
144415,144416,Phillaur,Punjab,IN-PB
144417,144417,Nawanshahr,Punjab,IN-PB
144418,144419,Phillaur,Punjab,IN-PB
144421,144501,Nawanshahr,Punjab,IN-PB
144502,144502,Phillaur,Punjab,IN-PB
144503,144504,Nawanshahr,Punjab,IN-PB
144505,144505,Banga,Punjab,IN-PB
144506,144516,Nawanshahr,Punjab,IN-PB
144517,144517,Rahon,Punjab,IN-PB
144518,144518,Nawanshahr,Punjab,IN-PB
144519,144520,Garhshankar,Punjab,IN-PB
144521,144522,Balachaur,Punjab,IN-PB
144523,144523,Garhshankar,Punjab,IN-PB
144524,144526,Balachaur,Punjab,IN-PB
144527,144532,Garhshankar,Punjab,IN-PB
144533,144533,Balachaur,Punjab,IN-PB
144601,144603,Kapurthala,Punjab,IN-PB
144606,144606,Khadur Sahib,Punjab,IN-PB
144620,144620,Kapurthala,Punjab,IN-PB
144621,144621,Begowal,Punjab,IN-PB
144622,144622,Bhulath,Punjab,IN-PB
144623,144623,Nakodar,Punjab,IN-PB
144624,144624,Nadala,Punjab,IN-PB
144625,144625,Kapurthala,Punjab,IN-PB
144626,144628,Sultanpur Lodhi,Punjab,IN-PB
144629,144629,Lohian Khas,Punjab,IN-PB
144630,144630,Nakodar,Punjab,IN-PB
144631,144631,Bhulath,Punjab,IN-PB
144632,144632,Phagwara,Punjab,IN-PB
144633,144633,Phillaur,Punjab,IN-PB
144701,144703,Shahkot,Punjab,IN-PB
144801,144801,Kartarpur,Punjab,IN-PB
144802,144802,Kapurthala,Punjab,IN-PB
144803,144803,Jalandhar,Punjab,IN-PB
144804,144804,Dhilwan,Punjab,IN-PB
144805,144806,Jalandhar,Punjab,IN-PB
144819,144819,Bhulath,Punjab,IN-PB
145001,145001,Pathankot,Punjab,IN-PB
145022,145022,Dhar Kalan,Punjab,IN-PB
145023,145023,Sujanpur,Punjab,IN-PB
145024,145025,Pathankot,Punjab,IN-PB
145026,145026,Tnarot Jaimal Singh,Punjab,IN-PB
145027,145027,Pathankot,Punjab,IN-PB
145029,145029,Dhar Kalan,Punjab,IN-PB
145101,145101,Pathankot,Punjab,IN-PB
146001,146024,Hoshiarpur,Punjab,IN-PB
146101,146103,Garhshankar,Punjab,IN-PB
146104,146104,Hoshiarpur,Punjab,IN-PB
146105,146105,Mahilpur,Punjab,IN-PB
146106,146109,Garhshankar,Punjab,IN-PB
146110,146115,Hoshiarpur,Punjab,IN-PB
146116,146116,Dasua,Punjab,IN-PB
147001,147021,Patiala,Punjab,IN-PB
147101,147101,Samana,Punjab,IN-PB
147102,147102,Ghagga,Punjab,IN-PB
147103,147103,Sanaur,Punjab,IN-PB
147104,147104,Fatehgarh Sahib,Punjab,IN-PB
147105,147105,Patran,Punjab,IN-PB
147111,147111,Patiala,Punjab,IN-PB
147201,147201,Nabha,Punjab,IN-PB
147202,147202,Bhadson,Punjab,IN-PB
147203,147203,Amloh,Punjab,IN-PB
147301,147301,Gobindgarh,Punjab,IN-PB
148001,148002,Sangrur,Punjab,IN-PB
148017,148017,Dhuri,Punjab,IN-PB
148018,148020,Malerkotla,Punjab,IN-PB
148021,148021,Ahmedgarh,Punjab,IN-PB
148022,148022,Amargarh,Punjab,IN-PB
148023,148023,Malerkotla,Punjab,IN-PB
148024,148025,Dhuri,Punjab,IN-PB
148026,148026,Bhawanigarh,Punjab,IN-PB
148027,148027,Khanauri,Punjab,IN-PB
148028,148028,Sunam,Punjab,IN-PB
148029,148029,Cheema,Punjab,IN-PB
148030,148030,Sunam,Punjab,IN-PB
148031,148031,Lehragaga,Punjab,IN-PB
148033,148033,Moonak,Punjab,IN-PB
148034,148034,Dhuri,Punjab,IN-PB
148035,148035,Dirba,Punjab,IN-PB
148100,148100,Tapa,Punjab,IN-PB
148101,148101,Barnala,Punjab,IN-PB
148102,148102,Bhadaur,Punjab,IN-PB
148103,148103,Tapa,Punjab,IN-PB
148104,148104,Barnala,Punjab,IN-PB
148105,148105,Dhanaula,Punjab,IN-PB
148106,148106,Longowal,Punjab,IN-PB
148107,148107,Handiaya,Punjab,IN-PB
148108,148108,Tapa,Punjab,IN-PB
148109,148109,Barnala,Punjab,IN-PB
151001,151006,Bathinda,Punjab,IN-PB
151101,151101,Bhucho Mandi,Punjab,IN-PB
151102,151102,Nathana,Punjab,IN-PB
151103,151104,Rampura Phul,Punjab,IN-PB
151105,151105,Mehraj,Punjab,IN-PB
151106,151106,Bhai Rupa,Punjab,IN-PB
151108,151108,Rampura Phul,Punjab,IN-PB
151111,151111,Lehra Mohabbat,Punjab,IN-PB
151201,151201,Bathinda,Punjab,IN-PB
151202,151202,Jaitu,Punjab,IN-PB
151203,151203,Faridkot,Punjab,IN-PB
151204,151204,Kotakpura,Punjab,IN-PB
151205,151205,Jaitu,Punjab,IN-PB
151206,151206,Bhagta Bhai Ka,Punjab,IN-PB
151207,151207,Faridkot,Punjab,IN-PB
151208,151208,Jaitu,Punjab,IN-PB
151209,151209,Faridkot,Punjab,IN-PB
151210,151211,Malout,Punjab,IN-PB
151212,151214,Faridkot,Punjab,IN-PB
151301,151301,Raman,Punjab,IN-PB
151302,151302,Talwandi Sabo,Punjab,IN-PB
151401,151401,Sangat,Punjab,IN-PB
151501,151501,Bareta,Punjab,IN-PB
151502,151502,Budhlada,Punjab,IN-PB
151503,151503,Boha,Punjab,IN-PB
151504,151504,Bhikhi,Punjab,IN-PB
151505,151505,Mansa,Punjab,IN-PB
151506,151507,Sardulgarh,Punjab,IN-PB
151508,151508,Mansa,Punjab,IN-PB
151509,151509,Talwandi Sabo,Punjab,IN-PB
151510,151510,Joga,Punjab,IN-PB
152001,152002,Ferozepur,Punjab,IN-PB
152003,152005,Firozpur,Punjab,IN-PB
152020,152020,Fazilka,Punjab,IN-PB
152021,152021,Zira,Punjab,IN-PB
152022,152022,Guru Har Sahai,Punjab,IN-PB
152023,152023,Mamdot,Punjab,IN-PB
152024,152024,Jalalabad,Punjab,IN-PB
152025,152025,Bariwala,Punjab,IN-PB
152026,152026,Muktsar,Punjab,IN-PB
152028,152028,Zira,Punjab,IN-PB
152031,152031,Gidderbaha,Punjab,IN-PB
152032,152032,Muktsar,Punjab,IN-PB
152033,152033,Jalalabad,Punjab,IN-PB
152101,152101,Gidderbaha,Punjab,IN-PB
152107,152115,Malout,Punjab,IN-PB
152116,152118,Abohar,Punjab,IN-PB
152121,152123,Fazilka,Punjab,IN-PB
152124,152124,Arniwala Sheikh Subhanpur,Punjab,IN-PB
152128,152132,Abohar,Punjab,IN-PB
160001,160047,Chandigarh,Chandigarh,IN-CH
160055,160071,S.a.s. Nagar,Punjab,IN-PB
160101,160102,Chandigarh,Chandigarh,IN-CH
160103,160103,Nayagaon,Punjab,IN-PB
160104,160104,Zirakpur,Punjab,IN-PB
171001,171015,Shimla,Himachal Pradesh,IN-HP
171018,171019,Sunni,Himachal Pradesh,IN-HP
171102,171102,Darlaghat,Himachal Pradesh,IN-HP
171103,171103,Shimla,Himachal Pradesh,IN-HP
171201,171201,Theog,Himachal Pradesh,IN-HP
171202,171202,Kotkhai,Himachal Pradesh,IN-HP
171203,171203,Tikar,Himachal Pradesh,IN-HP
171204,171204,Kotkhai,Himachal Pradesh,IN-HP
171205,171206,Jubbal,Himachal Pradesh,IN-HP
171207,171207,Rohru,Himachal Pradesh,IN-HP
171208,171208,Chirgaon,Himachal Pradesh,IN-HP
171209,171209,Theog,Himachal Pradesh,IN-HP
171210,171210,Nerwa,Himachal Pradesh,IN-HP
171211,171211,Chpopal,Himachal Pradesh,IN-HP
171212,171212,Theog,Himachal Pradesh,IN-HP
171213,171213,Nagar Panchyat Narkanda,Himachal Pradesh,IN-HP
171214,171214,Chirgaon,Himachal Pradesh,IN-HP
171215,171216,Jubbal,Himachal Pradesh,IN-HP
171217,171217,Bagachnogi,Himachal Pradesh,IN-HP
171218,171218,Junga,Himachal Pradesh,IN-HP
171219,171219,Shimla,Himachal Pradesh,IN-HP
171220,171220,Theog,Himachal Pradesh,IN-HP
171221,171221,Dodra Kwar,Himachal Pradesh,IN-HP
171222,171222,Theog,Himachal Pradesh,IN-HP
171223,171224,Rohru,Himachal Pradesh,IN-HP
171225,171225,Kotkhai,Himachal Pradesh,IN-HP
171226,171226,Theog,Himachal Pradesh,IN-HP
171301,171301,Karsog,Himachal Pradesh,IN-HP
172001,172001,Rampur,Himachal Pradesh,IN-HP
172002,172002,Nirmand,Himachal Pradesh,IN-HP
172021,172021,Nankhari,Himachal Pradesh,IN-HP
172022,172022,Rampur,Himachal Pradesh,IN-HP
172023,172023,Nirmand,Himachal Pradesh,IN-HP
172024,172024,Kumarsain,Himachal Pradesh,IN-HP
172025,172026,Anni,Himachal Pradesh,IN-HP
172027,172027,Kumarsain,Himachal Pradesh,IN-HP
172028,172028,Nankhari,Himachal Pradesh,IN-HP
172029,172031,Kumarsain,Himachal Pradesh,IN-HP
172032,172032,Anni,Himachal Pradesh,IN-HP
172033,172033,Nirmand,Himachal Pradesh,IN-HP
172034,172102,Rampur,Himachal Pradesh,IN-HP
172103,172104,Nichar,Himachal Pradesh,IN-HP
172105,172106,Sangla,Himachal Pradesh,IN-HP
172107,172108,Kalpa,Himachal Pradesh,IN-HP
172109,172109,Morang,Himachal Pradesh,IN-HP
172110,172111,Poo,Himachal Pradesh,IN-HP
172112,172112,Hangrang,Himachal Pradesh,IN-HP
172113,172114,Spiti,Himachal Pradesh,IN-HP
172115,172115,Nichar,Himachal Pradesh,IN-HP
172116,172116,Morang,Himachal Pradesh,IN-HP
172117,172117,Spiti,Himachal Pradesh,IN-HP
172118,172118,Nichar,Himachal Pradesh,IN-HP
172201,172201,Rampur,Himachal Pradesh,IN-HP
173001,173001,Nahan,Himachal Pradesh,IN-HP
173021,173021,Poanta Sahib,Himachal Pradesh,IN-HP
173022,173022,Dadahu,Himachal Pradesh,IN-HP
173023,173023,Renuka,Himachal Pradesh,IN-HP
173024,173024,Pachhad,Himachal Pradesh,IN-HP
173025,173025,Poanta Sahib,Himachal Pradesh,IN-HP
173026,173026,Nahan,Himachal Pradesh,IN-HP
173027,173027,Shalai,Himachal Pradesh,IN-HP
173029,173029,Kamrau,Himachal Pradesh,IN-HP
173030,173030,Nahan,Himachal Pradesh,IN-HP
173031,173031,Poanta Sahib,Himachal Pradesh,IN-HP
173032,173032,Renuka,Himachal Pradesh,IN-HP
173101,173101,Rajgarh,Himachal Pradesh,IN-HP
173104,173104,Nohra,Himachal Pradesh,IN-HP
173201,173204,Kasauli,Himachal Pradesh,IN-HP
173205,173205,Baddi,Himachal Pradesh,IN-HP
173206,173206,Subathu,Himachal Pradesh,IN-HP
173207,173208,Arki,Himachal Pradesh,IN-HP
173209,173209,Kasauli,Himachal Pradesh,IN-HP
173210,173214,Solan,Himachal Pradesh,IN-HP
173215,173217,Kandaghat,Himachal Pradesh,IN-HP
173218,173218,Ramshahr,Himachal Pradesh,IN-HP
173220,173220,Parwanoo,Himachal Pradesh,IN-HP
173221,173221,Arki,Himachal Pradesh,IN-HP
173222,173222,Kandaghat,Himachal Pradesh,IN-HP
173223,173223,Solan,Himachal Pradesh,IN-HP
173225,173225,Kasauli,Himachal Pradesh,IN-HP
173229,173230,Solan,Himachal Pradesh,IN-HP
173233,173233,Krishangarh,Himachal Pradesh,IN-HP
173234,173234,Kandaghat,Himachal Pradesh,IN-HP
173235,173235,Arki,Himachal Pradesh,IN-HP
173236,173236,Krishangarh,Himachal Pradesh,IN-HP
174001,174001,Bilaspur,Himachal Pradesh,IN-HP
174002,174002,Naina Devi Ji,Himachal Pradesh,IN-HP
174003,174003,Ghumarwin,Himachal Pradesh,IN-HP
174004,174005,Bilaspur,Himachal Pradesh,IN-HP
174011,174011,Naina Devi Ji,Himachal Pradesh,IN-HP
174012,174013,Bilaspur,Himachal Pradesh,IN-HP
174015,174015,Naina Devi Ji,Himachal Pradesh,IN-HP
174017,174017,Jhanduta,Himachal Pradesh,IN-HP
174021,174021,Ghumarwin,Himachal Pradesh,IN-HP
174023,174023,Bharari,Himachal Pradesh,IN-HP
174024,174024,Jhanduta,Himachal Pradesh,IN-HP
174026,174026,Ghumarwin,Himachal Pradesh,IN-HP
174027,174028,Bharari,Himachal Pradesh,IN-HP
174029,174029,Jhanduta,Himachal Pradesh,IN-HP
174030,174030,Talai,Himachal Pradesh,IN-HP
174031,174031,Jhanduta,Himachal Pradesh,IN-HP
174032,174033,Namhol,Himachal Pradesh,IN-HP
174034,174035,Jhanduta,Himachal Pradesh,IN-HP
174036,174036,Sundernagar,Himachal Pradesh,IN-HP
174101,174101,Nalagarh,Himachal Pradesh,IN-HP
174102,174102,Ramshahr,Himachal Pradesh,IN-HP
174103,174103,Baddi,Himachal Pradesh,IN-HP
174201,174201,Bangana,Himachal Pradesh,IN-HP
174301,174301,Santokhgarh,Himachal Pradesh,IN-HP
174302,174302,Amb,Himachal Pradesh,IN-HP
174303,174303,Una,Himachal Pradesh,IN-HP
174304,174305,Barsar,Himachal Pradesh,IN-HP
174306,174306,Una,Himachal Pradesh,IN-HP
174307,174308,Bangana,Himachal Pradesh,IN-HP
174309,174309,Barsar,Himachal Pradesh,IN-HP
174310,174310,Naina Devi Ji,Himachal Pradesh,IN-HP
174311,174312,Barsar,Himachal Pradesh,IN-HP
174314,174314,Bangana,Himachal Pradesh,IN-HP
174315,174315,Una,Himachal Pradesh,IN-HP
174316,174316,Amb,Himachal Pradesh,IN-HP
174317,174317,Haroli,Himachal Pradesh,IN-HP
174319,174319,Ghanari,Himachal Pradesh,IN-HP
174320,174321,Bangana,Himachal Pradesh,IN-HP
174405,174405,Galore,Himachal Pradesh,IN-HP
174503,174503,Haroli,Himachal Pradesh,IN-HP
174505,174505,Hamirpur,Himachal Pradesh,IN-HP
174507,174507,Tahliwal,Himachal Pradesh,IN-HP
175001,175001,Mandi,Himachal Pradesh,IN-HP
175002,175002,Sundernagar,Himachal Pradesh,IN-HP
175003,175003,Kotli,Himachal Pradesh,IN-HP
175004,175004,Baldwara,Himachal Pradesh,IN-HP
175005,175005,Mandi,Himachal Pradesh,IN-HP
175006,175006,Balh,Himachal Pradesh,IN-HP
175007,175007,Sarkajhat,Himachal Pradesh,IN-HP
175008,175008,Nerchowk,Himachal Pradesh,IN-HP
175009,175011,Karsog,Himachal Pradesh,IN-HP
175012,175013,Padhar,Himachal Pradesh,IN-HP
175014,175015,Joginder Nagar,Himachal Pradesh,IN-HP
175016,175016,Lad Bharol,Himachal Pradesh,IN-HP
175017,175019,Sundernagar,Himachal Pradesh,IN-HP
175020,175020,Joginder Nagar,Himachal Pradesh,IN-HP
175021,175021,Nerchowk,Himachal Pradesh,IN-HP
175023,175023,Rewalsar,Himachal Pradesh,IN-HP
175024,175024,Sarkajhat,Himachal Pradesh,IN-HP
175025,175026,Dharmpur,Himachal Pradesh,IN-HP
175027,175027,Balh,Himachal Pradesh,IN-HP
175028,175029,Chachyot,Himachal Pradesh,IN-HP
175030,175031,Sundernagar,Himachal Pradesh,IN-HP
175032,175032,Joginder Nagar,Himachal Pradesh,IN-HP
175033,175034,Baldwara,Himachal Pradesh,IN-HP
175035,175035,Thunag,Himachal Pradesh,IN-HP
175036,175036,Balh,Himachal Pradesh,IN-HP
175037,175037,Sarkajhat,Himachal Pradesh,IN-HP
175038,175038,Nihri,Himachal Pradesh,IN-HP
175039,175039,Chachyot,Himachal Pradesh,IN-HP
175040,175040,Dharmpur,Himachal Pradesh,IN-HP
175042,175042,Sarkajhat,Himachal Pradesh,IN-HP
175045,175045,Balh,Himachal Pradesh,IN-HP
175046,175046,Karsog,Himachal Pradesh,IN-HP
175047,175048,Thunag,Himachal Pradesh,IN-HP
175049,175049,Bhadrota,Himachal Pradesh,IN-HP
175050,175050,Sandhol,Himachal Pradesh,IN-HP
175051,175051,Dharmpur,Himachal Pradesh,IN-HP
175052,175052,Kotli,Himachal Pradesh,IN-HP
175075,175075,Mandi,Himachal Pradesh,IN-HP
175101,175102,Kullu,Himachal Pradesh,IN-HP
175103,175103,Manali,Himachal Pradesh,IN-HP
175104,175104,Kullu,Himachal Pradesh,IN-HP
175105,175105,Bhunter,Himachal Pradesh,IN-HP
175106,175106,Bali Chowki,Himachal Pradesh,IN-HP
175121,175121,Aut,Himachal Pradesh,IN-HP
175123,175123,Banjar,Himachal Pradesh,IN-HP
175124,175124,Mandi,Himachal Pradesh,IN-HP
175125,175126,Bhunter,Himachal Pradesh,IN-HP
175128,175130,Kullu,Himachal Pradesh,IN-HP
175131,175131,Manali,Himachal Pradesh,IN-HP
175132,175132,Kyelang,Himachal Pradesh,IN-HP
175133,175133,Lahul,Himachal Pradesh,IN-HP
175134,175134,Sainj,Himachal Pradesh,IN-HP
175136,175136,Manali,Himachal Pradesh,IN-HP
175138,175138,Kullu,Himachal Pradesh,IN-HP
175139,175140,Lahul,Himachal Pradesh,IN-HP
175141,175141,Bhunter,Himachal Pradesh,IN-HP
175142,175142,Udaipur,Himachal Pradesh,IN-HP
175143,175143,Manali,Himachal Pradesh,IN-HP
176001,176001,Kangra,Himachal Pradesh,IN-HP
176002,176002,Nagrota Bagwan,Himachal Pradesh,IN-HP
176021,176021,Jawali,Himachal Pradesh,IN-HP
176022,176022,Nurpur,Himachal Pradesh,IN-HP
176023,176023,Jawali,Himachal Pradesh,IN-HP
176025,176025,Fatehpur,Himachal Pradesh,IN-HP
176026,176026,Harchakian,Himachal Pradesh,IN-HP
176027,176027,Nagrota,Himachal Pradesh,IN-HP
176028,176028,Dera Gopipur,Himachal Pradesh,IN-HP
176029,176029,Kangra,Himachal Pradesh,IN-HP
176030,176030,Khundian,Himachal Pradesh,IN-HP
176031,176031,Jawlamukhi,Himachal Pradesh,IN-HP
176032,176032,Khundian,Himachal Pradesh,IN-HP
176033,176033,Dera Gopipur,Himachal Pradesh,IN-HP
176036,176036,Jawlamukhi,Himachal Pradesh,IN-HP
176037,176037,Baroh,Himachal Pradesh,IN-HP
176038,176038,Kangra,Himachal Pradesh,IN-HP
176039,176040,Dhatwal,Himachal Pradesh,IN-HP
176041,176041,Bhota,Himachal Pradesh,IN-HP
176042,176042,Barsar,Himachal Pradesh,IN-HP
176043,176045,Bhoranj,Himachal Pradesh,IN-HP
176047,176047,Nagrota Bagwan,Himachal Pradesh,IN-HP
176048,176048,Bhoranj,Himachal Pradesh,IN-HP
176049,176049,Dhatwal,Himachal Pradesh,IN-HP
176051,176051,Nurpur,Himachal Pradesh,IN-HP
176052,176052,Dharamshala,Himachal Pradesh,IN-HP
176053,176053,Fatehpur,Himachal Pradesh,IN-HP
176054,176054,Baroh,Himachal Pradesh,IN-HP
176055,176055,Khundian,Himachal Pradesh,IN-HP
176056,176056,Nagrota Bagwan,Himachal Pradesh,IN-HP
176057,176057,Dharamshala,Himachal Pradesh,IN-HP
176058,176058,Fatehpur,Himachal Pradesh,IN-HP
176059,176062,Palampur,Himachal Pradesh,IN-HP
176063,176063,Baijnath,Himachal Pradesh,IN-HP
176064,176064,Palampur,Himachal Pradesh,IN-HP
176065,176065,Dhira,Himachal Pradesh,IN-HP
176066,176066,Jawlamukhi,Himachal Pradesh,IN-HP
176067,176067,Palampur,Himachal Pradesh,IN-HP
176071,176071,Baijnath,Himachal Pradesh,IN-HP
176073,176075,Thural,Himachal Pradesh,IN-HP
176076,176076,Jaisinghpur,Himachal Pradesh,IN-HP
176077,176077,Multhan,Himachal Pradesh,IN-HP
176081,176081,Baijnath,Himachal Pradesh,IN-HP
176082,176082,Jaisinghpur,Himachal Pradesh,IN-HP
176083,176083,Palampur,Himachal Pradesh,IN-HP
176084,176084,Dhira,Himachal Pradesh,IN-HP
176085,176087,Palampur,Himachal Pradesh,IN-HP
176088,176088,Baijnath,Himachal Pradesh,IN-HP
176089,176089,Jaisinghpur,Himachal Pradesh,IN-HP
176090,176090,Sandhol,Himachal Pradesh,IN-HP
176091,176091,Jaisinghpur,Himachal Pradesh,IN-HP
176092,176092,Palampur,Himachal Pradesh,IN-HP
176093,176093,Thural,Himachal Pradesh,IN-HP
176094,176098,Jaisinghpur,Himachal Pradesh,IN-HP
176101,176101,Dhira,Himachal Pradesh,IN-HP
176102,176103,Palampur,Himachal Pradesh,IN-HP
176107,176107,Thural,Himachal Pradesh,IN-HP
176108,176109,Tira Sujanpur,Himachal Pradesh,IN-HP
176110,176110,Sujanpur,Himachal Pradesh,IN-HP
176111,176111,Tira Sujanpur,Himachal Pradesh,IN-HP
176115,176128,Baijnath,Himachal Pradesh,IN-HP
176200,176204,Nurpur,Himachal Pradesh,IN-HP
176205,176205,Kotla,Himachal Pradesh,IN-HP
176206,176206,Shahpur,Himachal Pradesh,IN-HP
176207,176207,Sihunta,Himachal Pradesh,IN-HP
176208,176208,Shahpur,Himachal Pradesh,IN-HP
176209,176209,Kangra,Himachal Pradesh,IN-HP
176210,176210,Harchakian,Himachal Pradesh,IN-HP
176211,176211,Nurpur,Himachal Pradesh,IN-HP
176213,176213,Dharamshala,Himachal Pradesh,IN-HP
176214,176214,Kangra,Himachal Pradesh,IN-HP
176215,176216,Dharamshala,Himachal Pradesh,IN-HP
176217,176217,Shahpur,Himachal Pradesh,IN-HP
176218,176219,Dharamshala,Himachal Pradesh,IN-HP
176225,176225,Jawali,Himachal Pradesh,IN-HP
176301,176301,Bhattiyat,Himachal Pradesh,IN-HP
176302,176302,Chowari,Himachal Pradesh,IN-HP
176303,176306,Dalhousie,Himachal Pradesh,IN-HP
176308,176308,Bhalai,Himachal Pradesh,IN-HP
176309,176309,Holi,Himachal Pradesh,IN-HP
176310,176311,Chamba,Himachal Pradesh,IN-HP
176312,176312,Saluni,Himachal Pradesh,IN-HP
176313,176313,Bhattiyat,Himachal Pradesh,IN-HP
176314,176314,Chamba,Himachal Pradesh,IN-HP
176315,176315,Bharmour,Himachal Pradesh,IN-HP
176316,176316,Churah,Himachal Pradesh,IN-HP
176317,176317,Saluni,Himachal Pradesh,IN-HP
176318,176319,Chamba,Himachal Pradesh,IN-HP
176320,176320,Saluni,Himachal Pradesh,IN-HP
176321,176321,Churah,Himachal Pradesh,IN-HP
176323,176323,Pangi,Himachal Pradesh,IN-HP
176324,176324,Chamba,Himachal Pradesh,IN-HP
176325,176325,Dalhousie,Himachal Pradesh,IN-HP
176326,176326,Holi,Himachal Pradesh,IN-HP
176401,176403,Indora,Himachal Pradesh,IN-HP
176501,176502,Jaswan,Himachal Pradesh,IN-HP
176601,176601,Haroli,Himachal Pradesh,IN-HP
177001,177005,Hamirpur,Himachal Pradesh,IN-HP
177006,177006,Galore,Himachal Pradesh,IN-HP
177007,177007,Tira Sujanpur,Himachal Pradesh,IN-HP
177020,177020,Hamirpur,Himachal Pradesh,IN-HP
177021,177023,Tauni Devi Bamson,Himachal Pradesh,IN-HP
177024,177025,Bhoranj,Himachal Pradesh,IN-HP
177026,177026,Galore,Himachal Pradesh,IN-HP
177027,177027,Hamirpur,Himachal Pradesh,IN-HP
177028,177028,Tauni Devi Bamson,Himachal Pradesh,IN-HP
177029,177029,Hamirpur,Himachal Pradesh,IN-HP
177031,177031,Bangana,Himachal Pradesh,IN-HP
177033,177033,Nadaun,Himachal Pradesh,IN-HP
177034,177034,Rakkar,Himachal Pradesh,IN-HP
177038,177038,Nadaun,Himachal Pradesh,IN-HP
177039,177039,Bangana,Himachal Pradesh,IN-HP
177040,177042,Nadaun,Himachal Pradesh,IN-HP
177043,177043,Rakkar,Himachal Pradesh,IN-HP
177044,177048,Nadaun,Himachal Pradesh,IN-HP
177101,177101,Dehra,Himachal Pradesh,IN-HP
177103,177105,Dera Gopipur,Himachal Pradesh,IN-HP
177106,177106,Dadasiba,Himachal Pradesh,IN-HP
177107,177107,Dera Gopipur,Himachal Pradesh,IN-HP
177108,177108,Rakkar,Himachal Pradesh,IN-HP
177109,177109,Amb,Himachal Pradesh,IN-HP
177110,177110,Bharwain,Himachal Pradesh,IN-HP
177111,177111,Jaswan,Himachal Pradesh,IN-HP
177112,177113,Dadasiba,Himachal Pradesh,IN-HP
177114,177117,Dera Gopipur,Himachal Pradesh,IN-HP
177118,177118,Bhoranj,Himachal Pradesh,IN-HP
177119,177119,Barsar,Himachal Pradesh,IN-HP
177201,177201,Gagret,Himachal Pradesh,IN-HP
177202,177203,Amb,Himachal Pradesh,IN-HP
177204,177206,Ghanari,Himachal Pradesh,IN-HP
177207,177209,Haroli,Himachal Pradesh,IN-HP
177210,177211,Amb,Himachal Pradesh,IN-HP
177212,177219,Ghanari,Himachal Pradesh,IN-HP
177220,177220,Haroli,Himachal Pradesh,IN-HP
177301,177301,Nadaun,Himachal Pradesh,IN-HP
177401,177401,Hamirpur,Himachal Pradesh,IN-HP
177501,177501,Bhoranj,Himachal Pradesh,IN-HP
177601,177601,Tauni Devi Bamson,Himachal Pradesh,IN-HP
180001,180020,Jammu,Jammu and Kashmir,IN-JK
181101,181101,Jammu,Jammu and Kashmir,IN-JK
181102,181102,R.s.pora,Jammu and Kashmir,IN-JK
181111,181111,Ranbir Singh Pura,Jammu and Kashmir,IN-JK
181121,181124,Jammu,Jammu and Kashmir,IN-JK
181131,181131,Arnia,Jammu and Kashmir,IN-JK
181132,181132,Bishnah,Jammu and Kashmir,IN-JK
181133,181133,Bari Brahamana,Jammu and Kashmir,IN-JK
181141,181141,Ramgarh,Jammu and Kashmir,IN-JK
181143,181145,Samba,Jammu and Kashmir,IN-JK
181152,181152,Jammu,Jammu and Kashmir,IN-JK
181201,181201,Akhnoor,Jammu and Kashmir,IN-JK
181202,181202,Jourian,Jammu and Kashmir,IN-JK
181203,181204,Akhnoor,Jammu and Kashmir,IN-JK
181205,181206,Jammu,Jammu and Kashmir,IN-JK
181207,181207,Akhnoor,Jammu and Kashmir,IN-JK
181221,181224,Jammu,Jammu and Kashmir,IN-JK
182101,182121,Udhampur,Jammu and Kashmir,IN-JK
182122,182122,Ramnagar,Jammu and Kashmir,IN-JK
182124,182125,Udhampur,Jammu and Kashmir,IN-JK
182126,182126,Ramnagar,Jammu and Kashmir,IN-JK
182127,182127,Majalta,Jammu and Kashmir,IN-JK
182128,182128,Ramnagar,Jammu and Kashmir,IN-JK
182141,182142,Chenani,Jammu and Kashmir,IN-JK
182143,182143,Batote,Jammu and Kashmir,IN-JK
182144,182144,Ramban,Jammu and Kashmir,IN-JK
182145,182146,Banihal,Jammu and Kashmir,IN-JK
182147,182147,Doda,Jammu and Kashmir,IN-JK
182148,182148,Ramban,Jammu and Kashmir,IN-JK
182161,182161,Ramnagar,Jammu and Kashmir,IN-JK
182201,182202,Doda,Jammu and Kashmir,IN-JK
182203,182203,Thathri,Jammu and Kashmir,IN-JK
182204,182204,Kishtwar,Jammu and Kashmir,IN-JK
182205,182205,Marwah,Jammu and Kashmir,IN-JK
182206,182206,Kishtwar,Jammu and Kashmir,IN-JK
182207,182207,Gandoh,Jammu and Kashmir,IN-JK
182221,182221,Doda,Jammu and Kashmir,IN-JK
182222,182222,Bhaderwah,Jammu and Kashmir,IN-JK
182301,182301,Katra,Jammu and Kashmir,IN-JK
182311,182312,Reasi,Jammu and Kashmir,IN-JK
182313,182315,Gool-Gulabgarh,Jammu and Kashmir,IN-JK
182320,182320,Reasi,Jammu and Kashmir,IN-JK
184101,184104,Kathua,Jammu and Kashmir,IN-JK
184120,184120,Vijaypur,Jammu and Kashmir,IN-JK
184121,184141,Samba,Jammu and Kashmir,IN-JK
184142,184142,Hiranagar,Jammu and Kashmir,IN-JK
184143,184143,Kathua,Jammu and Kashmir,IN-JK
184144,184144,Hiranagar,Jammu and Kashmir,IN-JK
184145,184145,Samba,Jammu and Kashmir,IN-JK
184148,184148,Hiranagar,Jammu and Kashmir,IN-JK
184151,184151,Parole,Jammu and Kashmir,IN-JK
184152,184152,Lakhanpur,Jammu and Kashmir,IN-JK
184201,184202,Bashohli,Jammu and Kashmir,IN-JK
184203,184204,Billawar,Jammu and Kashmir,IN-JK
184205,184205,Samba,Jammu and Kashmir,IN-JK
184206,184206,Bani,Jammu and Kashmir,IN-JK
185101,185101,Poonch,Jammu and Kashmir,IN-JK
185102,185102,Mandi,Jammu and Kashmir,IN-JK
185121,185121,Surankote,Jammu and Kashmir,IN-JK
185131,185133,Rajouri,Jammu and Kashmir,IN-JK
185135,185135,Darhal,Jammu and Kashmir,IN-JK
185151,185151,Mirpur,Jammu and Kashmir,IN-JK
185152,185152,Nowshehra,Jammu and Kashmir,IN-JK
185153,185153,Sunderbani,Jammu and Kashmir,IN-JK
185154,185154,Akhnoor,Jammu and Kashmir,IN-JK
185155,185156,Mirpur,Jammu and Kashmir,IN-JK
185201,185202,Kalakote,Jammu and Kashmir,IN-JK
185203,185203,Reasi,Jammu and Kashmir,IN-JK
185211,185211,Mirpur,Jammu and Kashmir,IN-JK
185212,185212,Thanna Mandi,Jammu and Kashmir,IN-JK
185233,185233,Gool-Gulabgarh,Jammu and Kashmir,IN-JK
185234,185234,Thanna Mandi,Jammu and Kashmir,IN-JK
190001,190006,Srinagar,Jammu and Kashmir,IN-JK
190007,190007,Budgam,Jammu and Kashmir,IN-JK
190008,190011,Srinagar,Jammu and Kashmir,IN-JK
190012,190012,Soyibug,Jammu and Kashmir,IN-JK
190014,190018,Srinagar,Jammu and Kashmir,IN-JK
190019,190019,Chadoora,Jammu and Kashmir,IN-JK
190020,190020,Srinagar,Jammu and Kashmir,IN-JK
190021,190021,Budgam,Jammu and Kashmir,IN-JK
190023,190025,Srinagar,Jammu and Kashmir,IN-JK
191101,191101,Srinagar,Jammu and Kashmir,IN-JK
191102,191102,Pampore,Jammu and Kashmir,IN-JK
191103,191103,Khrew,Jammu and Kashmir,IN-JK
191111,191111,Budgam,Jammu and Kashmir,IN-JK
191112,191112,Charari Sharief,Jammu and Kashmir,IN-JK
191113,191113,Chadoora,Jammu and Kashmir,IN-JK
191121,191121,Srinagar,Jammu and Kashmir,IN-JK
191131,191131,Lar,Jammu and Kashmir,IN-JK
191132,191132,Budgam,Jammu and Kashmir,IN-JK
191201,191201,Ganderbal,Jammu and Kashmir,IN-JK
191202,191202,Kangan,Jammu and Kashmir,IN-JK
192101,192101,Anantnag,Jammu and Kashmir,IN-JK
192121,192121,Pampore,Jammu and Kashmir,IN-JK
192122,192122,Awantipora,Jammu and Kashmir,IN-JK
192123,192123,Tral,Jammu and Kashmir,IN-JK
192124,192124,Bijbehara,Jammu and Kashmir,IN-JK
192125,192125,Anantnag,Jammu and Kashmir,IN-JK
192126,192129,Pahalgam,Jammu and Kashmir,IN-JK
192201,192201,Achabal,Jammu and Kashmir,IN-JK
192202,192202,C Kokernag,Jammu and Kashmir,IN-JK
192210,192211,Dooru,Jammu and Kashmir,IN-JK
192212,192212,Dooru Verinag,Jammu and Kashmir,IN-JK
192221,192221,Qazigund,Jammu and Kashmir,IN-JK
192231,192231,Kulgam,Jammu and Kashmir,IN-JK
192232,192232,Yaripora,Jammu and Kashmir,IN-JK
192233,192233,D H Pora,Jammu and Kashmir,IN-JK
192301,192302,Mcpulwama,Jammu and Kashmir,IN-JK
192303,192303,Shopian,Jammu and Kashmir,IN-JK
192304,192306,Mcpulwama,Jammu and Kashmir,IN-JK
192401,192401,Pahalgam,Jammu and Kashmir,IN-JK
193101,193103,Baramulla,Jammu and Kashmir,IN-JK
193108,193108,Pattan,Jammu and Kashmir,IN-JK
193109,193109,Kreeri,Jammu and Kashmir,IN-JK
193121,193121,Pattan,Jammu and Kashmir,IN-JK
193122,193122,Boniyar,Jammu and Kashmir,IN-JK
193123,193123,Uri,Jammu and Kashmir,IN-JK
193201,193201,Sopore,Jammu and Kashmir,IN-JK
193221,193221,Handwara,Jammu and Kashmir,IN-JK
193222,193222,Kupwara,Jammu and Kashmir,IN-JK
193223,193223,Handwara,Jammu and Kashmir,IN-JK
193224,193225,Muzaffarabad,Jammu and Kashmir,IN-JK
193301,193301,Rafiabad,Jammu and Kashmir,IN-JK
193302,193302,Langate,Jammu and Kashmir,IN-JK
193303,193303,Rafiabad,Jammu and Kashmir,IN-JK
193401,193403,Tangmarg,Jammu and Kashmir,IN-JK
193404,193404,Kunzer,Jammu and Kashmir,IN-JK
193411,193411,Khag,Jammu and Kashmir,IN-JK
193501,193501,Sonawari,Jammu and Kashmir,IN-JK
193502,193502,Bandipora,Jammu and Kashmir,IN-JK
193503,193503,Gurez,Jammu and Kashmir,IN-JK
193504,193504,Lar,Jammu and Kashmir,IN-JK
193505,193505,Bandipura,Jammu and Kashmir,IN-JK
194101,194101,Leh,Ladakh,IN-LA
194102,194102,Sanku,Ladakh,IN-LA
194103,194103,Kargil,Ladakh,IN-LA
194104,194104,Leh,Ladakh,IN-LA
194105,194105,Kargil,Ladakh,IN-LA
194106,194107,Khalsi,Ladakh,IN-LA
194109,194109,Sanku,Ladakh,IN-LA
194201,194202,Leh,Ladakh,IN-LA
194301,194301,Sanku,Ladakh,IN-LA
194302,194302,Zanskar,Ladakh,IN-LA
194303,194303,Sanku,Ladakh,IN-LA
194401,194404,Leh,Ladakh,IN-LA
201001,201007,Ghaziabad,Uttar Pradesh,IN-UP
201008,201008,Dardri,Uttar Pradesh,IN-UP
201009,201014,Ghaziabad,Uttar Pradesh,IN-UP
201015,201015,Dasna,Uttar Pradesh,IN-UP
201016,201019,Ghaziabad,Uttar Pradesh,IN-UP
201020,201020,Khoda Makanpur,Uttar Pradesh,IN-UP
201021,201021,Ghaziabad,Uttar Pradesh,IN-UP
201102,201103,Loni,Uttar Pradesh,IN-UP
201201,201204,Modinagar,Uttar Pradesh,IN-UP
201206,201206,Muradnagar,Uttar Pradesh,IN-UP
201301,201305,Noida,Uttar Pradesh,IN-UP
201306,201306,Gautam Buddha Nagar,Uttar Pradesh,IN-UP
201307,201309,Noida,Uttar Pradesh,IN-UP
201310,201310,Gautam Buddha Nagar,Uttar Pradesh,IN-UP
201311,201311,Dardri,Uttar Pradesh,IN-UP
201312,201312,Gautam Buddha Nagar,Uttar Pradesh,IN-UP
201313,201313,Noida,Uttar Pradesh,IN-UP
201314,201314,Dardri,Uttar Pradesh,IN-UP
201315,201315,Gautam Buddha Nagar,Uttar Pradesh,IN-UP
201316,201316,Noida,Uttar Pradesh,IN-UP
201317,201318,Dardri,Uttar Pradesh,IN-UP
202001,202001,Aligarh,Uttar Pradesh,IN-UP
202002,202121,Koil,Uttar Pradesh,IN-UP
202122,202122,Aligarh,Uttar Pradesh,IN-UP
202123,202124,Iglas,Uttar Pradesh,IN-UP
202125,202125,Harduaganj,Uttar Pradesh,IN-UP
202126,202126,Gabhana,Uttar Pradesh,IN-UP
202127,202127,Koil,Uttar Pradesh,IN-UP
202128,202128,Jalali,Uttar Pradesh,IN-UP
202129,202129,Kauriaganj,Uttar Pradesh,IN-UP
202130,202130,Chharra,Uttar Pradesh,IN-UP
202131,202131,Atrauli,Uttar Pradesh,IN-UP
202132,202132,Gabhana,Uttar Pradesh,IN-UP
202133,202134,Atrauli,Uttar Pradesh,IN-UP
202135,202135,Khair,Uttar Pradesh,IN-UP
202136,202136,Gabhana,Uttar Pradesh,IN-UP
202137,202137,Jatari,Uttar Pradesh,IN-UP
202138,202138,Khair,Uttar Pradesh,IN-UP
202139,202139,Sasni,Uttar Pradesh,IN-UP
202140,202140,Koil,Uttar Pradesh,IN-UP
202141,202141,Khair,Uttar Pradesh,IN-UP
202142,202143,Gabhana,Uttar Pradesh,IN-UP
202145,202146,Beswan,Uttar Pradesh,IN-UP
202150,202150,Koil,Uttar Pradesh,IN-UP
202155,202155,Gabhana,Uttar Pradesh,IN-UP
202165,202165,Khair,Uttar Pradesh,IN-UP
202170,202170,Vijaigarh,Uttar Pradesh,IN-UP
202280,202282,Atrauli,Uttar Pradesh,IN-UP
203001,203002,Bulandshahr,Uttar Pradesh,IN-UP
203129,203132,Khurja,Uttar Pradesh,IN-UP
203135,203135,Jewar,Uttar Pradesh,IN-UP
203141,203141,Jahangirpur,Uttar Pradesh,IN-UP
203150,203150,Bulandshahr,Uttar Pradesh,IN-UP
203155,203155,Jewar,Uttar Pradesh,IN-UP
203201,203201,Dankaur,Uttar Pradesh,IN-UP
203202,203202,Gautam Buddha Nagar,Uttar Pradesh,IN-UP
203203,203203,Kakod,Uttar Pradesh,IN-UP
203205,203206,Sikandrabad,Uttar Pradesh,IN-UP
203207,203207,Dardri,Uttar Pradesh,IN-UP
203209,203209,Rabupura,Uttar Pradesh,IN-UP
203389,203389,Naraura,Uttar Pradesh,IN-UP
203390,203390,Anupshahr,Uttar Pradesh,IN-UP
203391,203391,Shikarpur,Uttar Pradesh,IN-UP
203392,203392,Debai,Uttar Pradesh,IN-UP
203393,203393,Dibai,Uttar Pradesh,IN-UP
203394,203394,Jahangirabad,Uttar Pradesh,IN-UP
203395,203395,Shikarpur,Uttar Pradesh,IN-UP
203396,203396,Pahasu,Uttar Pradesh,IN-UP
203397,203397,Chhatari,Uttar Pradesh,IN-UP
203398,203398,Siana,Uttar Pradesh,IN-UP
203399,203399,Debai,Uttar Pradesh,IN-UP
203401,203401,Aurangabad,Uttar Pradesh,IN-UP
203402,203403,Siana,Uttar Pradesh,IN-UP
203405,203405,Khanpur,Uttar Pradesh,IN-UP
203407,203407,Bulandshahr,Uttar Pradesh,IN-UP
203408,203408,Gulaothi,Uttar Pradesh,IN-UP
203409,203409,Bulandshahr,Uttar Pradesh,IN-UP
203411,203411,Saidpur,Uttar Pradesh,IN-UP
203412,203412,Siana,Uttar Pradesh,IN-UP
204101,204101,Hathras,Uttar Pradesh,IN-UP
204102,204102,Sasni,Uttar Pradesh,IN-UP
204211,204211,Sikandrarao,Uttar Pradesh,IN-UP
204212,204212,Hasayan,Uttar Pradesh,IN-UP
204213,204213,Mursan,Uttar Pradesh,IN-UP
204214,204215,Sikandrarao,Uttar Pradesh,IN-UP
204216,204216,Sasni,Uttar Pradesh,IN-UP
205001,205119,Mainpuri,Uttar Pradesh,IN-UP
205121,205121,Ghiror,Uttar Pradesh,IN-UP
205247,205247,Bhogaon,Uttar Pradesh,IN-UP
205261,205261,Karhal,Uttar Pradesh,IN-UP
205262,205262,Bhogaon,Uttar Pradesh,IN-UP
205263,205263,Mainpuri,Uttar Pradesh,IN-UP
205264,205264,Karhal,Uttar Pradesh,IN-UP
205265,205265,Kurawali,Uttar Pradesh,IN-UP
205267,205267,Bhogaon,Uttar Pradesh,IN-UP
205268,205268,Karhal,Uttar Pradesh,IN-UP
205301,205301,Bewar,Uttar Pradesh,IN-UP
205303,205303,Kishni,Uttar Pradesh,IN-UP
205304,205304,Kusmara,Uttar Pradesh,IN-UP
206001,206003,Etawah,Uttar Pradesh,IN-UP
206120,206120,Bharthana,Uttar Pradesh,IN-UP
206121,206121,Babarpur Ajitmal,Uttar Pradesh,IN-UP
206122,206122,Auraiya,Uttar Pradesh,IN-UP
206123,206123,Etawah,Uttar Pradesh,IN-UP
206124,206124,Bakewar,Uttar Pradesh,IN-UP
206125,206125,Chakarnagar,Uttar Pradesh,IN-UP
206126,206126,Ekdil,Uttar Pradesh,IN-UP
206127,206127,Lakhna,Uttar Pradesh,IN-UP
206128,206128,Bharthana,Uttar Pradesh,IN-UP
206129,206129,Auraiya,Uttar Pradesh,IN-UP
206130,206130,Saifai,Uttar Pradesh,IN-UP
206131,206131,Etawah,Uttar Pradesh,IN-UP
206241,206241,Bidhuna,Uttar Pradesh,IN-UP
206242,206242,Bharthana,Uttar Pradesh,IN-UP
206243,206243,Bidhuna,Uttar Pradesh,IN-UP
206244,206244,Auraiya,Uttar Pradesh,IN-UP
206245,206245,Jaswantnagar,Uttar Pradesh,IN-UP
206246,206246,Bidhuna,Uttar Pradesh,IN-UP
206247,206247,Phaphund,Uttar Pradesh,IN-UP
206248,206252,Bidhuna,Uttar Pradesh,IN-UP
206253,206253,Etawah,Uttar Pradesh,IN-UP
206255,206255,Bidhuna,Uttar Pradesh,IN-UP
207001,207120,Etah,Uttar Pradesh,IN-UP
207121,207121,Sakit,Uttar Pradesh,IN-UP
207122,207122,Etah,Uttar Pradesh,IN-UP
207123,207124,Kasganj,Uttar Pradesh,IN-UP
207125,207125,Mirehchi,Uttar Pradesh,IN-UP
207241,207241,Amanpur,Uttar Pradesh,IN-UP
207242,207242,Ganj Dundwara,Uttar Pradesh,IN-UP
207243,207243,Patiali,Uttar Pradesh,IN-UP
207244,207244,Raja Ka Rampur,Uttar Pradesh,IN-UP
207245,207245,Sahawar,Uttar Pradesh,IN-UP
207246,207246,Sidhpura,Uttar Pradesh,IN-UP
207247,207248,Aliganj,Uttar Pradesh,IN-UP
207249,207249,Jaithara,Uttar Pradesh,IN-UP
207250,207250,Aliganj,Uttar Pradesh,IN-UP
207301,207301,Awagarh,Uttar Pradesh,IN-UP
207302,207302,Jalesar,Uttar Pradesh,IN-UP
207401,207401,Marehra,Uttar Pradesh,IN-UP
207402,207402,Kasganj,Uttar Pradesh,IN-UP
207403,207403,Soron,Uttar Pradesh,IN-UP
208001,208027,Kanpur,Uttar Pradesh,IN-UP
209101,209101,Akbarpur,Uttar Pradesh,IN-UP
209111,209111,Pukhrayan,Uttar Pradesh,IN-UP
209112,209112,Amraudha,Uttar Pradesh,IN-UP
209115,209115,Sikandra,Uttar Pradesh,IN-UP
209121,209121,Akbarpur,Uttar Pradesh,IN-UP
209125,209125,Sikandra,Uttar Pradesh,IN-UP
209202,209203,Bilhaur,Uttar Pradesh,IN-UP
209204,209204,Akbarpur,Uttar Pradesh,IN-UP
209205,209205,Bilhaur,Uttar Pradesh,IN-UP
209206,209206,Ghatampur,Uttar Pradesh,IN-UP
209208,209208,Bhognipur,Uttar Pradesh,IN-UP
209209,209209,Ghatampur,Uttar Pradesh,IN-UP
209210,209210,Bilhaur,Uttar Pradesh,IN-UP
209214,209217,Kanpur,Uttar Pradesh,IN-UP
209301,209301,Derapur,Uttar Pradesh,IN-UP
209302,209302,Jhinjhak,Uttar Pradesh,IN-UP
209303,209303,Rura,Uttar Pradesh,IN-UP
209304,209305,Kanpur,Uttar Pradesh,IN-UP
209306,209306,Rasulabad,Uttar Pradesh,IN-UP
209307,209307,Akbarpur,Uttar Pradesh,IN-UP
209308,209308,Ghatampur,Uttar Pradesh,IN-UP
209310,209310,Derapur,Uttar Pradesh,IN-UP
209311,209311,Akbarpur,Uttar Pradesh,IN-UP
209312,209312,Bhognipur,Uttar Pradesh,IN-UP
209401,209401,Ghatampur,Uttar Pradesh,IN-UP
209402,209402,Kanpur,Uttar Pradesh,IN-UP
209501,209502,Kaimganj,Uttar Pradesh,IN-UP
209503,209503,Shamshabad,Uttar Pradesh,IN-UP
209504,209504,Kaimganj,Uttar Pradesh,IN-UP
209505,209505,Kampil,Uttar Pradesh,IN-UP
209601,209601,Fatehgarh,Uttar Pradesh,IN-UP
209602,209602,Farrukhabad-Cum-Fatehgarh,Uttar Pradesh,IN-UP
209621,209622,Amritpur,Uttar Pradesh,IN-UP
209625,209625,Farrukhabad,Uttar Pradesh,IN-UP
209651,209651,Mohammadabad,Uttar Pradesh,IN-UP
209652,209652,Farrukhabad,Uttar Pradesh,IN-UP
209720,209720,Bhogaon,Uttar Pradesh,IN-UP
209721,209721,Chhibramau,Uttar Pradesh,IN-UP
209722,209722,Gursahaiganj,Uttar Pradesh,IN-UP
209723,209723,Indergarh,Uttar Pradesh,IN-UP
209724,209724,Kamalganj,Uttar Pradesh,IN-UP
209725,209727,Kannauj,Uttar Pradesh,IN-UP
209728,209728,Saurikh,Uttar Pradesh,IN-UP
209729,209729,Sikanderpur K,Uttar Pradesh,IN-UP
209731,209731,Talgram,Uttar Pradesh,IN-UP
209732,209732,Tirwaganj,Uttar Pradesh,IN-UP
209733,209733,Kannauj,Uttar Pradesh,IN-UP
209734,209734,Tirwaganj,Uttar Pradesh,IN-UP
209735,209735,Chhibramau,Uttar Pradesh,IN-UP
209736,209738,Tirwaganj,Uttar Pradesh,IN-UP
209739,209743,Farrukhabad,Uttar Pradesh,IN-UP
209745,209745,Kaimganj,Uttar Pradesh,IN-UP
209747,209747,Chhibramau,Uttar Pradesh,IN-UP
209749,209749,Farrukhabad,Uttar Pradesh,IN-UP
209801,209801,Unnao,Uttar Pradesh,IN-UP
209821,209821,Maurawan,Uttar Pradesh,IN-UP
209825,209827,Purwa,Uttar Pradesh,IN-UP
209831,209841,Hasanganj,Uttar Pradesh,IN-UP
209859,209859,Nawabganj,Uttar Pradesh,IN-UP
209860,209860,Unnao,Uttar Pradesh,IN-UP
209861,209861,Gangaghat,Uttar Pradesh,IN-UP
209862,209862,Kanpur,Uttar Pradesh,IN-UP
209863,209863,Bighapur,Uttar Pradesh,IN-UP
209864,209864,Bhagwant Nagar,Uttar Pradesh,IN-UP
209865,209867,Bighapur,Uttar Pradesh,IN-UP
209868,209868,Bangarmau,Uttar Pradesh,IN-UP
209869,209869,Ganjmuradabad,Uttar Pradesh,IN-UP
209870,209870,Rasulabad,Uttar Pradesh,IN-UP
209871,209871,Safipur,Uttar Pradesh,IN-UP
209881,209881,Mohan,Uttar Pradesh,IN-UP
210001,210001,Banda,Uttar Pradesh,IN-UP
210120,210120,Atarra,Uttar Pradesh,IN-UP
210121,210121,Baberu,Uttar Pradesh,IN-UP
210122,210122,Oran,Uttar Pradesh,IN-UP
210123,210123,Banda,Uttar Pradesh,IN-UP
210125,210125,Baberu,Uttar Pradesh,IN-UP
210126,210126,Banda,Uttar Pradesh,IN-UP
210128,210128,Tindwari,Uttar Pradesh,IN-UP
210129,210129,Naraini,Uttar Pradesh,IN-UP
210201,210202,Atarra,Uttar Pradesh,IN-UP
210203,210203,Bisanda Buzurg,Uttar Pradesh,IN-UP
210204,210204,Chitrakoot,Uttar Pradesh,IN-UP
210205,210205,Bighapur,Uttar Pradesh,IN-UP
210206,210206,Karwi,Uttar Pradesh,IN-UP
210207,210207,Rajapur,Uttar Pradesh,IN-UP
210208,210208,Manikpur,Uttar Pradesh,IN-UP
210209,210209,Mau,Uttar Pradesh,IN-UP
210301,210341,Hamirpur,Uttar Pradesh,IN-UP
210421,210421,Charkhari,Uttar Pradesh,IN-UP
210422,210422,Sarila,Uttar Pradesh,IN-UP
210423,210423,Kul Pahar,Uttar Pradesh,IN-UP
210424,210424,Kabrai,Uttar Pradesh,IN-UP
210425,210425,Kharela,Uttar Pradesh,IN-UP
210426,210426,Kul Pahar,Uttar Pradesh,IN-UP
210427,210427,Mahoba,Uttar Pradesh,IN-UP
210428,210428,Rath,Uttar Pradesh,IN-UP
210429,210429,Kul Pahar,Uttar Pradesh,IN-UP
210430,210430,Gohand,Uttar Pradesh,IN-UP
210431,210431,Rath,Uttar Pradesh,IN-UP
210432,210432,Sarila,Uttar Pradesh,IN-UP
210433,210433,Mahoba,Uttar Pradesh,IN-UP
210501,210501,Maudaha,Uttar Pradesh,IN-UP
210502,210502,Hamirpur,Uttar Pradesh,IN-UP
210504,210504,Mahoba,Uttar Pradesh,IN-UP
210505,210505,Kurara,Uttar Pradesh,IN-UP
210506,210507,Maudaha,Uttar Pradesh,IN-UP
211001,211008,Prayagraj,Uttar Pradesh,IN-UP
211010,211010,Karchhana,Uttar Pradesh,IN-UP
211011,211018,Prayagraj,Uttar Pradesh,IN-UP
211019,211019,Jhusi,Uttar Pradesh,IN-UP
211020,211020,Prayagraj,Uttar Pradesh,IN-UP
211021,211022,Soraon,Uttar Pradesh,IN-UP
211023,211023,Prayagraj,Uttar Pradesh,IN-UP
212104,212104,Bharatganj,Uttar Pradesh,IN-UP
212105,212105,Karchhana,Uttar Pradesh,IN-UP
212106,212107,Bara,Uttar Pradesh,IN-UP
212108,212108,Shankargarh,Uttar Pradesh,IN-UP
212109,212109,Phulpur Al,Uttar Pradesh,IN-UP
212111,212111,Karchhana,Uttar Pradesh,IN-UP
212201,212201,Bharwari,Uttar Pradesh,IN-UP
212202,212203,Chail,Uttar Pradesh,IN-UP
212204,212205,Daranagar,Uttar Pradesh,IN-UP
212206,212206,Karari,Uttar Pradesh,IN-UP
212207,212207,Manjhanpur,Uttar Pradesh,IN-UP
212208,212212,Prayagraj,Uttar Pradesh,IN-UP
212213,212213,Chail,Uttar Pradesh,IN-UP
212214,212214,Manjhanpur,Uttar Pradesh,IN-UP
212216,212216,Sarai Akil,Uttar Pradesh,IN-UP
212217,212217,Sirathu,Uttar Pradesh,IN-UP
212218,212218,Chail,Uttar Pradesh,IN-UP
212301,212301,Karchhana,Uttar Pradesh,IN-UP
212302,212303,Meja,Uttar Pradesh,IN-UP
212305,212305,Sirsa,Uttar Pradesh,IN-UP
212306,212306,Koraon,Uttar Pradesh,IN-UP
212307,212307,Karchhana,Uttar Pradesh,IN-UP
212308,212308,Meja,Uttar Pradesh,IN-UP
212401,212401,Machhlishahr,Uttar Pradesh,IN-UP
212402,212404,Phulpur Al,Uttar Pradesh,IN-UP
212405,212405,Handia,Uttar Pradesh,IN-UP
212502,212503,Soraon,Uttar Pradesh,IN-UP
212507,212507,Mau Aima,Uttar Pradesh,IN-UP
212601,212622,Fatehpur,Uttar Pradesh,IN-UP
212631,212635,Bindki,Uttar Pradesh,IN-UP
212641,212641,Khaga,Uttar Pradesh,IN-UP
212645,212645,Fatehpur,Uttar Pradesh,IN-UP
212650,212650,Khaga,Uttar Pradesh,IN-UP
212651,212651,Fatehpur,Uttar Pradesh,IN-UP
212652,212652,Hathgram,Uttar Pradesh,IN-UP
212653,212653,Khaga,Uttar Pradesh,IN-UP
212654,212654,Fatehpur,Uttar Pradesh,IN-UP
212655,212656,Khaga,Uttar Pradesh,IN-UP
212657,212657,Bindki,Uttar Pradesh,IN-UP
212658,212658,Kishunpur,Uttar Pradesh,IN-UP
212659,212659,Kora Jahanabad,Uttar Pradesh,IN-UP
212661,212661,Fatehpur,Uttar Pradesh,IN-UP
212663,212663,Bahuwa,Uttar Pradesh,IN-UP
212664,212665,Bindki,Uttar Pradesh,IN-UP
221001,221005,Varanasi,Uttar Pradesh,IN-UP
221006,221006,Pindra,Uttar Pradesh,IN-UP
221007,221007,Varanasi,Uttar Pradesh,IN-UP
221008,221008,Ramnagar,Uttar Pradesh,IN-UP
221009,221009,Chandauli,Uttar Pradesh,IN-UP
221010,221011,Varanasi,Uttar Pradesh,IN-UP
221012,221012,Chandauli,Uttar Pradesh,IN-UP
221101,221101,Pindra,Uttar Pradesh,IN-UP
221103,221103,Varanasi,Uttar Pradesh,IN-UP
221104,221105,Pindra,Uttar Pradesh,IN-UP
221106,221109,Varanasi,Uttar Pradesh,IN-UP
221110,221110,Chandauli,Uttar Pradesh,IN-UP
221112,221112,Varanasi,Uttar Pradesh,IN-UP
221115,221115,Sakaldiha,Uttar Pradesh,IN-UP
221116,221202,Pindra,Uttar Pradesh,IN-UP
221204,221204,Baragaon,Uttar Pradesh,IN-UP
221206,221208,Pindra,Uttar Pradesh,IN-UP
221301,221301,Aurai,Uttar Pradesh,IN-UP
221302,221302,Varanasi,Uttar Pradesh,IN-UP
221303,221303,Gopiganj,Uttar Pradesh,IN-UP
221304,221304,Gyanpur,Uttar Pradesh,IN-UP
221305,221305,Varanasi,Uttar Pradesh,IN-UP
221306,221306,Khamaria,Uttar Pradesh,IN-UP
221307,221307,Varanasi,Uttar Pradesh,IN-UP
221308,221310,Gyanpur,Uttar Pradesh,IN-UP
221311,221313,Varanasi,Uttar Pradesh,IN-UP
221314,221314,Aurai,Uttar Pradesh,IN-UP
221401,221402,Bhadhoi,Uttar Pradesh,IN-UP
221403,221403,Varanasi,Uttar Pradesh,IN-UP
221404,221404,Suriyawan R,Uttar Pradesh,IN-UP
221405,221405,Varanasi,Uttar Pradesh,IN-UP
221406,221406,Bhadhoi,Uttar Pradesh,IN-UP
221407,221407,Varanasi,Uttar Pradesh,IN-UP
221409,221409,Bhadhoi,Uttar Pradesh,IN-UP
221502,221503,Handia,Uttar Pradesh,IN-UP
221505,221507,Phulpur Al,Uttar Pradesh,IN-UP
221508,221508,Handia,Uttar Pradesh,IN-UP
221601,221603,Madhuban,Uttar Pradesh,IN-UP
221701,221701,Rasra,Uttar Pradesh,IN-UP
221705,221706,Maunath Bhanjan,Uttar Pradesh,IN-UP
221709,221712,Rasra,Uttar Pradesh,IN-UP
221713,221713,Chitbara Gaon,Uttar Pradesh,IN-UP
221715,221716,Belthara Road,Uttar Pradesh,IN-UP
221717,221717,Sikanderpur B,Uttar Pradesh,IN-UP
221718,221718,Belthara Road,Uttar Pradesh,IN-UP
222001,222109,Jaunpur,Uttar Pradesh,IN-UP
222125,222126,Badlapur,Uttar Pradesh,IN-UP
222127,222128,Mariahu,Uttar Pradesh,IN-UP
222129,222129,Kerakat,Uttar Pradesh,IN-UP
222131,222133,Jaunpur,Uttar Pradesh,IN-UP
222135,222135,Machhlishahr,Uttar Pradesh,IN-UP
222136,222136,Kerakat,Uttar Pradesh,IN-UP
222137,222137,Mariahu,Uttar Pradesh,IN-UP
222138,222138,Jaunpur,Uttar Pradesh,IN-UP
222139,222139,Khetasarai,Uttar Pradesh,IN-UP
222141,222141,Jaunpur,Uttar Pradesh,IN-UP
222142,222142,Kerakat,Uttar Pradesh,IN-UP
222143,222143,Machhlishahr,Uttar Pradesh,IN-UP
222144,222144,Jaunpur,Uttar Pradesh,IN-UP
222145,222145,Badlapur,Uttar Pradesh,IN-UP
222146,222146,Kerakat,Uttar Pradesh,IN-UP
222148,222148,Lalganj,Uttar Pradesh,IN-UP
222149,222149,Kerakat,Uttar Pradesh,IN-UP
222161,222165,Mariahu,Uttar Pradesh,IN-UP
222170,222170,Kerakat,Uttar Pradesh,IN-UP
222175,222175,Badlapur,Uttar Pradesh,IN-UP
222180,222180,Jafarabad,Uttar Pradesh,IN-UP
222181,222181,Kerakat,Uttar Pradesh,IN-UP
222201,222201,Machhlishahr,Uttar Pradesh,IN-UP
222202,222202,Mogra Badshahpur,Uttar Pradesh,IN-UP
222203,222203,Mariahu,Uttar Pradesh,IN-UP
222204,222204,Machhlishahr,Uttar Pradesh,IN-UP
222301,222301,Koeripur,Uttar Pradesh,IN-UP
222302,222303,Lambhua,Uttar Pradesh,IN-UP
223101,223105,Shahganj,Uttar Pradesh,IN-UP
223221,223221,Burhanpur,Uttar Pradesh,IN-UP
223222,223222,Phulpur,Uttar Pradesh,IN-UP
223223,223223,Atrauliya,Uttar Pradesh,IN-UP
223224,223224,Phulpur,Uttar Pradesh,IN-UP
223225,223225,Mahul,Uttar Pradesh,IN-UP
223226,223226,Phulpur,Uttar Pradesh,IN-UP
223227,223227,Nizamabad,Uttar Pradesh,IN-UP
224001,224001,Ayodhya,Uttar Pradesh,IN-UP
224116,224120,Rudauli,Uttar Pradesh,IN-UP
224121,224121,Milkipur,Uttar Pradesh,IN-UP
224122,224122,Akbarpur,Uttar Pradesh,IN-UP
224123,224123,Ayodhya,Uttar Pradesh,IN-UP
224125,224125,Jalalpur,Uttar Pradesh,IN-UP
224126,224126,Sohawal,Uttar Pradesh,IN-UP
224127,224127,Milkipur,Uttar Pradesh,IN-UP
224129,224129,Ashrafpur Kichhauchha,Uttar Pradesh,IN-UP
224132,224132,Bhiti,Uttar Pradesh,IN-UP
224133,224135,Faizabad,Uttar Pradesh,IN-UP
224137,224137,Allapur,Uttar Pradesh,IN-UP
224139,224139,Jalalpur,Uttar Pradesh,IN-UP
224141,224141,Gosainganj,Uttar Pradesh,IN-UP
224143,224145,Tanda,Uttar Pradesh,IN-UP
224146,224146,Akbarpur,Uttar Pradesh,IN-UP
224147,224147,Allapur,Uttar Pradesh,IN-UP
224149,224149,Jalalpur,Uttar Pradesh,IN-UP
224151,224151,Akbarpur,Uttar Pradesh,IN-UP
224152,224152,Bhiti,Uttar Pradesh,IN-UP
224153,224153,Milkipur,Uttar Pradesh,IN-UP
224155,224155,Ashrafpur Kichhauchha,Uttar Pradesh,IN-UP
224157,224157,Bhiti,Uttar Pradesh,IN-UP
224158,224158,Milkipur,Uttar Pradesh,IN-UP
224159,224159,Jalalpur,Uttar Pradesh,IN-UP
224161,224161,Faizabad,Uttar Pradesh,IN-UP
224164,224164,Milkipur,Uttar Pradesh,IN-UP
224168,224168,Akbarpur,Uttar Pradesh,IN-UP
224171,224172,Faizabad,Uttar Pradesh,IN-UP
224176,224181,Allapur,Uttar Pradesh,IN-UP
224182,224182,Sohawal,Uttar Pradesh,IN-UP
224183,224183,Jalalpur,Uttar Pradesh,IN-UP
224186,224186,Akbarpur,Uttar Pradesh,IN-UP
224188,224189,Sohawal,Uttar Pradesh,IN-UP
224190,224190,Tanda,Uttar Pradesh,IN-UP
224195,224195,Bikapur,Uttar Pradesh,IN-UP
224201,224201,Sohawal,Uttar Pradesh,IN-UP
224202,224202,Bhadarsa,Uttar Pradesh,IN-UP
224203,224207,Bikapur,Uttar Pradesh,IN-UP
224208,224208,Milkipur,Uttar Pradesh,IN-UP
224209,224209,Bikapur,Uttar Pradesh,IN-UP
224210,224210,Akbarpur,Uttar Pradesh,IN-UP
224225,224225,Milkipur,Uttar Pradesh,IN-UP
224227,224227,Tanda,Uttar Pradesh,IN-UP
224228,224229,Milkipur,Uttar Pradesh,IN-UP
224230,224230,Tanda,Uttar Pradesh,IN-UP
224231,224231,Bhiti,Uttar Pradesh,IN-UP
224232,224234,Tanda,Uttar Pradesh,IN-UP
224235,224235,Akbarpur,Uttar Pradesh,IN-UP
224238,224238,Tanda,Uttar Pradesh,IN-UP
224284,224284,Bikapur,Uttar Pradesh,IN-UP
225001,225003,Nawabganj,Uttar Pradesh,IN-UP
225119,225120,Haidergarh,Uttar Pradesh,IN-UP
225121,225121,Nawabganj,Uttar Pradesh,IN-UP
225122,225122,Satrikh,Uttar Pradesh,IN-UP
225123,225123,Nawabganj,Uttar Pradesh,IN-UP
225124,225126,Haidergarh,Uttar Pradesh,IN-UP
225201,225202,Ramnagar,Uttar Pradesh,IN-UP
225203,225204,Nawabganj,Uttar Pradesh,IN-UP
225205,225205,Ramnagar,Uttar Pradesh,IN-UP
225206,225207,Sirauli Gauspur,Uttar Pradesh,IN-UP
225208,225208,Ramnagar,Uttar Pradesh,IN-UP
225301,225301,Dewa,Uttar Pradesh,IN-UP
225302,225303,Fatehpur,Uttar Pradesh,IN-UP
225304,225304,Ramnagar,Uttar Pradesh,IN-UP
225305,225306,Fatehpur,Uttar Pradesh,IN-UP
225401,225401,Ramsanehighat,Uttar Pradesh,IN-UP
225403,225404,Dariyabad,Uttar Pradesh,IN-UP
225405,225409,Ramsanehighat,Uttar Pradesh,IN-UP
225412,225412,Nawabganj,Uttar Pradesh,IN-UP
225413,225413,Haidergarh,Uttar Pradesh,IN-UP
225414,225414,Zaidpur,Uttar Pradesh,IN-UP
225415,225415,Tikaitnagar,Uttar Pradesh,IN-UP
225416,225416,Haidergarh,Uttar Pradesh,IN-UP
226001,226018,Lucknow,Uttar Pradesh,IN-UP
226019,226019,Bakshi Ka Talab,Uttar Pradesh,IN-UP
226020,226031,Lucknow,Uttar Pradesh,IN-UP
226101,226101,Kakori,Uttar Pradesh,IN-UP
226102,226104,Malihabad,Uttar Pradesh,IN-UP
226201,226202,Bakshi Ka Talab,Uttar Pradesh,IN-UP
226203,226203,Itaunja,Uttar Pradesh,IN-UP
226301,226302,Mohanlalganj,Uttar Pradesh,IN-UP
226303,226303,Nagram,Uttar Pradesh,IN-UP
226401,226401,Lucknow,Uttar Pradesh,IN-UP
226501,226501,Goshainganj,Uttar Pradesh,IN-UP
227304,227304,Lambhua,Uttar Pradesh,IN-UP
227405,227407,Amethi,Uttar Pradesh,IN-UP
227408,227408,Sultanpur,Uttar Pradesh,IN-UP
227409,227411,Gauriganj,Uttar Pradesh,IN-UP
227412,227413,Amethi,Uttar Pradesh,IN-UP
227801,227801,Gauriganj,Uttar Pradesh,IN-UP
227805,227805,Sultanpur,Uttar Pradesh,IN-UP
227806,227806,Baldirai,Uttar Pradesh,IN-UP
227807,227807,Musafir-Khana,Uttar Pradesh,IN-UP
227808,227808,Sultanpur,Uttar Pradesh,IN-UP
227809,227811,Musafir-Khana,Uttar Pradesh,IN-UP
227812,227812,Baldirai,Uttar Pradesh,IN-UP
227813,227813,Musafir-Khana,Uttar Pradesh,IN-UP
227814,227815,Baldirai,Uttar Pradesh,IN-UP
227816,227817,Musafir-Khana,Uttar Pradesh,IN-UP
228001,228118,Sultanpur,Uttar Pradesh,IN-UP
228119,228120,Jaisinghpur,Uttar Pradesh,IN-UP
228121,228125,Sultanpur,Uttar Pradesh,IN-UP
228131,228131,Dostpur,Uttar Pradesh,IN-UP
228132,228142,Jaisinghpur,Uttar Pradesh,IN-UP
228145,228145,Kadipur,Uttar Pradesh,IN-UP
228151,228155,Sultanpur,Uttar Pradesh,IN-UP
228159,228159,Amethi,Uttar Pradesh,IN-UP
228161,228172,Kadipur,Uttar Pradesh,IN-UP
229001,229010,Raebareli,Uttar Pradesh,IN-UP
229103,229103,Maharajganj,Uttar Pradesh,IN-UP
229120,229121,Dalmaui,Uttar Pradesh,IN-UP
229122,229122,Raebareli,Uttar Pradesh,IN-UP
229123,229123,Maharajganj,Uttar Pradesh,IN-UP
229124,229124,Salon,Uttar Pradesh,IN-UP
229125,229125,Dalmaui,Uttar Pradesh,IN-UP
229126,229126,Tiloi,Uttar Pradesh,IN-UP
229127,229127,Salon,Uttar Pradesh,IN-UP
229128,229128,Raebareli,Uttar Pradesh,IN-UP
229129,229129,Parshadepur,Uttar Pradesh,IN-UP
229130,229130,Raebareli,Uttar Pradesh,IN-UP
229135,229135,Tiloi,Uttar Pradesh,IN-UP
229201,229202,Lalganj,Uttar Pradesh,IN-UP
229203,229204,Dalmaui,Uttar Pradesh,IN-UP
229205,229206,Lalganj,Uttar Pradesh,IN-UP
229207,229207,Dalmaui,Uttar Pradesh,IN-UP
229208,229208,Lalganj,Uttar Pradesh,IN-UP
229209,229209,Purwa,Uttar Pradesh,IN-UP
229210,229216,Lalganj,Uttar Pradesh,IN-UP
229301,229301,Bachhrawan,Uttar Pradesh,IN-UP
229302,229302,Tiloi,Uttar Pradesh,IN-UP
229303,229303,Raebareli,Uttar Pradesh,IN-UP
229304,229304,Tiloi,Uttar Pradesh,IN-UP
229305,229305,Jais,Uttar Pradesh,IN-UP
229306,229306,Maharajganj,Uttar Pradesh,IN-UP
229307,229307,Nasirabad,Uttar Pradesh,IN-UP
229308,229308,Maharajganj,Uttar Pradesh,IN-UP
229309,229309,Tiloi,Uttar Pradesh,IN-UP
229310,229310,Salon,Uttar Pradesh,IN-UP
229311,229311,Maharajganj,Uttar Pradesh,IN-UP
229316,229316,Raebareli,Uttar Pradesh,IN-UP
229401,229404,Unchahar,Uttar Pradesh,IN-UP
229405,229405,Raebareli,Uttar Pradesh,IN-UP
229406,229406,Unchahar,Uttar Pradesh,IN-UP
229408,229408,Kunda,Uttar Pradesh,IN-UP
229410,229410,Lalganj,Uttar Pradesh,IN-UP
229411,229412,Soraon,Uttar Pradesh,IN-UP
229413,229413,Lal Gopalganj Nindaura,Uttar Pradesh,IN-UP
229801,229802,Tiloi,Uttar Pradesh,IN-UP
230001,230001,Bela Pratapgarh,Uttar Pradesh,IN-UP
230002,230002,Pratapgarh,Uttar Pradesh,IN-UP
230121,230124,Patti,Uttar Pradesh,IN-UP
230125,230125,Pratapgarh,Uttar Pradesh,IN-UP
230126,230126,Lalganj,Uttar Pradesh,IN-UP
230127,230127,Raniganj,Uttar Pradesh,IN-UP
230128,230128,Kunda,Uttar Pradesh,IN-UP
230129,230130,Pratapgarh,Uttar Pradesh,IN-UP
230131,230131,Katra Medniganj,Uttar Pradesh,IN-UP
230132,230132,Lalganj,Uttar Pradesh,IN-UP
230133,230135,Patti,Uttar Pradesh,IN-UP
230136,230137,Pratapgarh,Uttar Pradesh,IN-UP
230138,230138,Patti,Uttar Pradesh,IN-UP
230139,230139,Pratapgarh,Uttar Pradesh,IN-UP
230141,230141,Kunda,Uttar Pradesh,IN-UP
230142,230142,Raniganj,Uttar Pradesh,IN-UP
230143,230143,Kunda,Uttar Pradesh,IN-UP
230144,230144,Pratapgarh,Uttar Pradesh,IN-UP
230201,230204,Kunda,Uttar Pradesh,IN-UP
230301,230306,Raniganj,Uttar Pradesh,IN-UP
230401,230401,Patti,Uttar Pradesh,IN-UP
230402,230402,Pratapgarh,Uttar Pradesh,IN-UP
230403,230403,Bela Pratapgarh,Uttar Pradesh,IN-UP
230404,230404,Pratapgarh,Uttar Pradesh,IN-UP
230405,230405,Patti,Uttar Pradesh,IN-UP
230501,230501,Antu,Uttar Pradesh,IN-UP
230502,230502,Pratapgarh,Uttar Pradesh,IN-UP
230503,230503,Antu,Uttar Pradesh,IN-UP
231001,231001,Mirzapur,Uttar Pradesh,IN-UP
231205,231205,Chopan,Uttar Pradesh,IN-UP
231206,231206,Churk-Ghurma,Uttar Pradesh,IN-UP
231207,231207,Robertsganj,Uttar Pradesh,IN-UP
231208,231208,Dudhi,Uttar Pradesh,IN-UP
231209,231209,Robertsganj,Uttar Pradesh,IN-UP
231210,231210,Ghorawal,Uttar Pradesh,IN-UP
231211,231211,Lalganj,Uttar Pradesh,IN-UP
231212,231212,Dudhi,Uttar Pradesh,IN-UP
231213,231213,Robertsganj,Uttar Pradesh,IN-UP
231215,231215,Ghorawal,Uttar Pradesh,IN-UP
231216,231216,Robertsganj,Uttar Pradesh,IN-UP
231217,231217,Renukoot,Uttar Pradesh,IN-UP
231218,231218,Dudhi,Uttar Pradesh,IN-UP
231219,231219,Obra,Uttar Pradesh,IN-UP
231220,231220,Dudhi,Uttar Pradesh,IN-UP
231221,231221,Pipri,Uttar Pradesh,IN-UP
231222,231225,Dudhi,Uttar Pradesh,IN-UP
231226,231226,Robertsganj,Uttar Pradesh,IN-UP
231301,231301,Ahraura,Uttar Pradesh,IN-UP
231302,231302,Chunar,Uttar Pradesh,IN-UP
231303,231303,Mirzapur,Uttar Pradesh,IN-UP
231304,231306,Chunar,Uttar Pradesh,IN-UP
231307,231307,Mirzapur-Cum-Vindhyachal,Uttar Pradesh,IN-UP
231309,231309,Marihan,Uttar Pradesh,IN-UP
231311,231311,Chunar,Uttar Pradesh,IN-UP
231312,231314,Mirzapur,Uttar Pradesh,IN-UP
231501,231501,Kachhawa,Uttar Pradesh,IN-UP
232101,232101,Mughal Sarai,Uttar Pradesh,IN-UP
232102,232102,Chandauli,Uttar Pradesh,IN-UP
232103,232103,Chakia,Uttar Pradesh,IN-UP
232104,232104,Chandauli,Uttar Pradesh,IN-UP
232105,232109,Sakaldiha,Uttar Pradesh,IN-UP
232110,232110,Saiyad Raza,Uttar Pradesh,IN-UP
232111,232118,Chakia,Uttar Pradesh,IN-UP
232120,232120,Sakaldiha,Uttar Pradesh,IN-UP
232325,232325,Zamanianpp,Uttar Pradesh,IN-UP
232326,232326,Dildarnagar,Uttar Pradesh,IN-UP
232327,232341,Zamanianpp,Uttar Pradesh,IN-UP
233001,233002,Ghazipur,Uttar Pradesh,IN-UP
233221,233221,Saidpur,Uttar Pradesh,IN-UP
233222,233222,Mohammadabad,Uttar Pradesh,IN-UP
233223,233223,Saidpur,Uttar Pradesh,IN-UP
233224,233224,Ghazipur,Uttar Pradesh,IN-UP
233225,233225,Mohammadabad,Uttar Pradesh,IN-UP
233226,233226,Ghazipur,Uttar Pradesh,IN-UP
233227,233231,Mohammadabad,Uttar Pradesh,IN-UP
233232,233232,Ghazipur,Uttar Pradesh,IN-UP
233233,233234,Mohammadabad,Uttar Pradesh,IN-UP
233300,233300,Ghazipur,Uttar Pradesh,IN-UP
233301,233301,Mohammadabad,Uttar Pradesh,IN-UP
233302,233302,Ghazipur,Uttar Pradesh,IN-UP
233303,233303,Mohammadabad,Uttar Pradesh,IN-UP
233304,233304,Saidpur,Uttar Pradesh,IN-UP
233305,233305,Jangipur,Uttar Pradesh,IN-UP
233306,233307,Saidpur,Uttar Pradesh,IN-UP
233310,233310,Jakhania,Uttar Pradesh,IN-UP
233311,233311,Saidpur,Uttar Pradesh,IN-UP
241001,241122,Hardoi,Uttar Pradesh,IN-UP
241123,241123,Pali,Uttar Pradesh,IN-UP
241124,241124,Shahabad,Uttar Pradesh,IN-UP
241125,241125,Hardoi,Uttar Pradesh,IN-UP
241126,241126,Kachauna Patseni,Uttar Pradesh,IN-UP
241127,241204,Sandila,Uttar Pradesh,IN-UP
241301,241301,Bilgram,Uttar Pradesh,IN-UP
241302,241302,Madhoganj,Uttar Pradesh,IN-UP
241303,241303,Mallawan,Uttar Pradesh,IN-UP
241304,241304,Beniganj,Uttar Pradesh,IN-UP
241305,241305,Sandila,Uttar Pradesh,IN-UP
241401,241402,Sawayajpur,Uttar Pradesh,IN-UP
241403,241403,Sandi,Uttar Pradesh,IN-UP
241404,241404,Gopamau,Uttar Pradesh,IN-UP
241405,241405,Hardoi,Uttar Pradesh,IN-UP
241406,241406,Pihani,Uttar Pradesh,IN-UP
241407,241407,Shahabad,Uttar Pradesh,IN-UP
242001,242001,Shahjahanpur,Uttar Pradesh,IN-UP
242021,242021,Babrala,Uttar Pradesh,IN-UP
242042,242042,Pawayan,Uttar Pradesh,IN-UP
242127,242127,Jalalabad,Uttar Pradesh,IN-UP
242220,242220,Allahganj,Uttar Pradesh,IN-UP
242221,242221,Jalalabad,Uttar Pradesh,IN-UP
242223,242223,Kant,Uttar Pradesh,IN-UP
242226,242226,Shahjahanpur,Uttar Pradesh,IN-UP
242301,242301,Miranpur Katra,Uttar Pradesh,IN-UP
242303,242303,Tilhar,Uttar Pradesh,IN-UP
242305,242305,Khudaganj,Uttar Pradesh,IN-UP
242306,242306,Shahjahanpur,Uttar Pradesh,IN-UP
242307,242307,Tilhar,Uttar Pradesh,IN-UP
242401,242401,Pawayan,Uttar Pradesh,IN-UP
242405,242405,Khutar,Uttar Pradesh,IN-UP
242406,242406,Shahjahanpur,Uttar Pradesh,IN-UP
242407,242407,Tilhar,Uttar Pradesh,IN-UP
243001,243123,Bareilly,Uttar Pradesh,IN-UP
243126,243126,Faridpur,Uttar Pradesh,IN-UP
243201,243201,Baheri,Uttar Pradesh,IN-UP
243202,243202,Bareilly,Uttar Pradesh,IN-UP
243203,243203,Deoranian,Uttar Pradesh,IN-UP
243301,243301,Aonla,Uttar Pradesh,IN-UP
243302,243302,Bisharatganj,Uttar Pradesh,IN-UP
243303,243403,Aonla,Uttar Pradesh,IN-UP
243407,243407,Nawabganj,Uttar Pradesh,IN-UP
243501,243501,Meerganj,Uttar Pradesh,IN-UP
243502,243502,Bareilly,Uttar Pradesh,IN-UP
243503,243503,Faridpur,Uttar Pradesh,IN-UP
243504,243504,Meerganj,Uttar Pradesh,IN-UP
243505,243505,Shahi,Uttar Pradesh,IN-UP
243506,243506,Faridpur,Uttar Pradesh,IN-UP
243601,243601,Budaun,Uttar Pradesh,IN-UP
243630,243631,Dataganj,Uttar Pradesh,IN-UP
243632,243632,Bisauli,Uttar Pradesh,IN-UP
243633,243633,Bilsi,Uttar Pradesh,IN-UP
243634,243634,Budaun,Uttar Pradesh,IN-UP
243635,243635,Dataganj,Uttar Pradesh,IN-UP
243636,243636,Kachhla,Uttar Pradesh,IN-UP
243637,243637,Kakrala,Uttar Pradesh,IN-UP
243638,243638,Sahaswan,Uttar Pradesh,IN-UP
243639,243639,Ujhani,Uttar Pradesh,IN-UP
243641,243641,Usehat,Uttar Pradesh,IN-UP
243720,243720,Bisauli,Uttar Pradesh,IN-UP
243722,243722,Gunnaur,Uttar Pradesh,IN-UP
243723,243723,Islamnagar,Uttar Pradesh,IN-UP
243724,243725,Bisauli,Uttar Pradesh,IN-UP
243726,243726,Wazirganj,Uttar Pradesh,IN-UP
243727,243727,Gunnaur,Uttar Pradesh,IN-UP
243751,243751,Babrala,Uttar Pradesh,IN-UP
244001,244105,Moradabad,Uttar Pradesh,IN-UP
244221,244221,Amroha,Uttar Pradesh,IN-UP
244222,244222,Joya,Uttar Pradesh,IN-UP
244223,244223,Gajraula,Uttar Pradesh,IN-UP
244225,244225,Bachhraon,Uttar Pradesh,IN-UP
244231,244231,Dhanaura,Uttar Pradesh,IN-UP
244235,244235,Gajraula,Uttar Pradesh,IN-UP
244236,244236,Amroha,Uttar Pradesh,IN-UP
244241,244241,Hasanpur,Uttar Pradesh,IN-UP
244242,244242,Ujhari,Uttar Pradesh,IN-UP
244245,244251,Amroha,Uttar Pradesh,IN-UP
244255,244255,Hasanpur,Uttar Pradesh,IN-UP
244301,244301,Sirsi,Uttar Pradesh,IN-UP
244302,244304,Sambhal,Uttar Pradesh,IN-UP
244401,244401,Thakurdwara,Uttar Pradesh,IN-UP
244402,244402,Moradabad,Uttar Pradesh,IN-UP
244410,244410,Bahjoi,Uttar Pradesh,IN-UP
244411,244411,Bilari,Uttar Pradesh,IN-UP
244412,244412,Chandausi,Uttar Pradesh,IN-UP
244413,244413,Kundarkhi,Uttar Pradesh,IN-UP
244414,244414,Narauli,Uttar Pradesh,IN-UP
244415,244415,Bilari,Uttar Pradesh,IN-UP
244501,244501,Kanth,Uttar Pradesh,IN-UP
244504,244504,Moradabad,Uttar Pradesh,IN-UP
244601,244602,Thakurdwara,Uttar Pradesh,IN-UP
244701,244701,Milak,Uttar Pradesh,IN-UP
244712,244712,Jaspur,Uttarakhand,IN-UK
244713,244713,Kashipur,Uttarakhand,IN-UK
244715,244716,Ramnagar U,Uttarakhand,IN-UK
244717,244717,Jaspur,Uttarakhand,IN-UK
244720,244720,Sultanpur,Uttarakhand,IN-UK
244901,244901,Rampur,Uttar Pradesh,IN-UP
244921,244921,Bilaspur,Uttar Pradesh,IN-UP
244922,244922,Shahabad,Uttar Pradesh,IN-UP
244923,244923,Bilaspur,Uttar Pradesh,IN-UP
244924,244924,Suar,Uttar Pradesh,IN-UP
244925,244925,Tanda,Uttar Pradesh,IN-UP
244926,244926,Rampur,Uttar Pradesh,IN-UP
244927,244927,Tanda,Uttar Pradesh,IN-UP
244928,244928,Kemri,Uttar Pradesh,IN-UP
245101,245101,Hapur,Uttar Pradesh,IN-UP
245201,245201,Babugarh,Uttar Pradesh,IN-UP
245205,245205,Garhmukteshwar,Uttar Pradesh,IN-UP
245206,245206,Kharkhauda,Uttar Pradesh,IN-UP
245207,245208,Garhmukteshwar,Uttar Pradesh,IN-UP
245301,245301,Hapur,Uttar Pradesh,IN-UP
245304,245304,Pilakhuwa,Uttar Pradesh,IN-UP
246001,246113,Pauri,Uttarakhand,IN-UK
246121,246121,Yamkeshwar,Uttarakhand,IN-UK
246123,246123,Pauri,Uttarakhand,IN-UK
246124,246124,Lansdowne,Uttarakhand,IN-UK
246125,246125,Srinagar,Uttarakhand,IN-UK
246127,246127,Dogadda,Uttarakhand,IN-UK
246128,246128,Lansdowne,Uttarakhand,IN-UK
246129,246129,Satpuli,Uttarakhand,IN-UK
246130,246130,Thailisain,Uttarakhand,IN-UK
246131,246131,Chaubatta Khal,Uttarakhand,IN-UK
246141,246141,Jakholi,Uttarakhand,IN-UK
246142,246144,Kotdwara,Uttarakhand,IN-UK
246146,246146,Pauri,Uttarakhand,IN-UK
246147,246147,Srinagar,Uttarakhand,IN-UK
246148,246148,Pauri,Uttarakhand,IN-UK
246149,246149,Kotdwara,Uttarakhand,IN-UK
246150,246150,Kanva Nagari Kotdwar,Uttarakhand,IN-UK
246155,246155,Lansdowne,Uttarakhand,IN-UK
246159,246159,Pauri,Uttarakhand,IN-UK
246161,246161,Dhoomakot,Uttarakhand,IN-UK
246162,246162,Chaubatta Khal,Uttarakhand,IN-UK
246163,246166,Pauri,Uttarakhand,IN-UK
246167,246169,Chaubatta Khal,Uttarakhand,IN-UK
246171,246171,Npprudraprayag,Uttarakhand,IN-UK
246172,246172,Satpuli,Uttarakhand,IN-UK
246173,246173,Lansdowne,Uttarakhand,IN-UK
246174,246174,Srinagar,Uttarakhand,IN-UK
246175,246176,Pauri,Uttarakhand,IN-UK
246177,246177,Thailisain,Uttarakhand,IN-UK
246178,246178,Srinagar,Uttarakhand,IN-UK
246179,246193,Lansdowne,Uttarakhand,IN-UK
246194,246194,Pauri,Uttarakhand,IN-UK
246275,246276,Thailisain,Uttarakhand,IN-UK
246277,246277,Dhoomakot,Uttarakhand,IN-UK
246278,246278,Thailisain,Uttarakhand,IN-UK
246279,246279,Dhoomakot,Uttarakhand,IN-UK
246285,246285,Thailisain,Uttarakhand,IN-UK
246401,246401,Gopeshwar,Uttarakhand,IN-UK
246419,246419,Ukhimath,Uttarakhand,IN-UK
246421,246421,Augustmuni,Uttarakhand,IN-UK
246422,246422,Badrinath,Uttarakhand,IN-UK
246424,246424,Chamoli,Uttarakhand,IN-UK
246425,246425,Ukhimath,Uttarakhand,IN-UK
246426,246426,Chamoli,Uttarakhand,IN-UK
246427,246427,Tharali,Uttarakhand,IN-UK
246428,246428,Gairsain,Uttarakhand,IN-UK
246429,246429,Gauchar,Uttarakhand,IN-UK
246431,246431,Gairsain,Uttarakhand,IN-UK
246435,246435,Chamoli,Uttarakhand,IN-UK
246439,246439,Ukhimath,Uttarakhand,IN-UK
246440,246440,Gairsain,Uttarakhand,IN-UK
246441,246441,Tharali,Uttarakhand,IN-UK
246442,246442,Npprudraprayag,Uttarakhand,IN-UK
246443,246443,Joshimath,Uttarakhand,IN-UK
246444,246444,Karnaprayag,Uttarakhand,IN-UK
246445,246445,Ukhimath,Uttarakhand,IN-UK
246446,246446,Karnaprayag,Uttarakhand,IN-UK
246448,246448,Npprudraprayag,Uttarakhand,IN-UK
246449,246449,Chamoli,Uttarakhand,IN-UK
246453,246455,Tharali,Uttarakhand,IN-UK
246469,246471,Ukhimath,Uttarakhand,IN-UK
246472,246472,Pipalkoti,Uttarakhand,IN-UK
246473,246473,Pokhari,Uttarakhand,IN-UK
246474,246474,Karnaprayag,Uttarakhand,IN-UK
246475,246475,Tilwara,Uttarakhand,IN-UK
246481,246482,Tharali,Uttarakhand,IN-UK
246483,246483,Joshimath,Uttarakhand,IN-UK
246486,246486,Gairsain,Uttarakhand,IN-UK
246487,246488,Karnaprayag,Uttarakhand,IN-UK
246495,246495,Npprudraprayag,Uttarakhand,IN-UK
246701,246701,Bijnor,Uttar Pradesh,IN-UP
246721,246721,Mandawar,Uttar Pradesh,IN-UP
246722,246722,Afzalgarh,Uttar Pradesh,IN-UP
246723,246723,Bijnor,Uttar Pradesh,IN-UP
246724,246724,Nagina,Uttar Pradesh,IN-UP
246725,246725,Chandpur,Uttar Pradesh,IN-UP
246726,246726,Haldaur,Uttar Pradesh,IN-UP
246727,246727,Chandpur,Uttar Pradesh,IN-UP
246728,246728,Jhalu,Uttar Pradesh,IN-UP
246729,246729,Chandpur,Uttar Pradesh,IN-UP
246731,246731,Kiratpur,Uttar Pradesh,IN-UP
246732,246732,Najibabad,Uttar Pradesh,IN-UP
246733,246733,Nehtaur,Uttar Pradesh,IN-UP
246734,246734,Noorpur,Uttar Pradesh,IN-UP
246735,246735,Dhampur,Uttar Pradesh,IN-UP
246736,246737,Chandpur,Uttar Pradesh,IN-UP
246745,246745,Sahaspur,Uttar Pradesh,IN-UP
246746,246746,Seohara,Uttar Pradesh,IN-UP
246747,246747,Sherkot,Uttar Pradesh,IN-UP
246749,246749,Sahanpur,Uttar Pradesh,IN-UP
246761,246761,Dhampur,Uttar Pradesh,IN-UP
246762,246762,Nagina,Uttar Pradesh,IN-UP
246763,246763,Najibabad,Uttar Pradesh,IN-UP
246764,246764,Nagina,Uttar Pradesh,IN-UP
247001,247002,Saharanpur,Uttar Pradesh,IN-UP
247120,247129,Behat,Uttar Pradesh,IN-UP
247231,247231,Chilkana Sultanpur,Uttar Pradesh,IN-UP
247232,247232,Sarsawa,Uttar Pradesh,IN-UP
247340,247340,Ambahta,Uttar Pradesh,IN-UP
247341,247341,Gangoh,Uttar Pradesh,IN-UP
247342,247342,Nakur,Uttar Pradesh,IN-UP
247343,247343,Titron,Uttar Pradesh,IN-UP
247451,247451,Rampur,Uttar Pradesh,IN-UP
247452,247452,Nanauta,Uttar Pradesh,IN-UP
247453,247453,Rampur Maniharan,Uttar Pradesh,IN-UP
247551,247554,Deoband,Uttar Pradesh,IN-UP
247656,247656,Manglaur,Uttarakhand,IN-UK
247661,247661,Roorkee,Uttarakhand,IN-UK
247662,247662,Chhutmalpura,Uttar Pradesh,IN-UP
247663,247663,Laksar,Uttarakhand,IN-UK
247664,247664,Landhaura,Uttarakhand,IN-UK
247665,247665,Jhabrera,Uttarakhand,IN-UK
247666,247668,Roorkee,Uttarakhand,IN-UK
247669,247669,Saharanpur,Uttar Pradesh,IN-UP
247670,247670,Roorkee,Uttarakhand,IN-UK
247671,247671,Laksar,Uttarakhand,IN-UK
247771,247771,Ailum,Uttar Pradesh,IN-UP
247772,247772,Jalalabad,Uttar Pradesh,IN-UP
247773,247773,Jhinjhana,Uttar Pradesh,IN-UP
247774,247774,Kairana,Uttar Pradesh,IN-UP
247775,247775,Kandhla,Uttar Pradesh,IN-UP
247776,247776,Shamli,Uttar Pradesh,IN-UP
247777,247777,Thana Bhawan,Uttar Pradesh,IN-UP
247778,247778,Un,Uttar Pradesh,IN-UP
248001,248006,Dehradun,Uttarakhand,IN-UK
248007,248007,Vikasnagar,Uttarakhand,IN-UK
248008,248009,Dehradun,Uttarakhand,IN-UK
248011,248011,Vikasnagar,Uttarakhand,IN-UK
248012,248014,Dehradun,Uttarakhand,IN-UK
248015,248015,Vikasnagar,Uttarakhand,IN-UK
248016,248016,Doiwala,Uttarakhand,IN-UK
248018,248121,Dehradun,Uttarakhand,IN-UK
248122,248122,Mussoorie,Uttarakhand,IN-UK
248123,248124,Chakrata,Uttarakhand,IN-UK
248125,248125,Vikasnagar,Uttarakhand,IN-UK
248140,248140,Doiwala,Uttarakhand,IN-UK
248142,248142,Herbertpur,Uttarakhand,IN-UK
248143,248145,Rishikesh,Uttarakhand,IN-UK
248146,248146,Dehradun,Uttarakhand,IN-UK
248158,248165,Kalsi,Uttarakhand,IN-UK
248171,248171,Dehradun,Uttarakhand,IN-UK
248179,248179,Mussoorie,Uttarakhand,IN-UK
248195,248195,Dehradun,Uttarakhand,IN-UK
248196,248196,Kalsi,Uttarakhand,IN-UK
248197,248198,Vikasnagar,Uttarakhand,IN-UK
248199,248199,Tyuni,Uttarakhand,IN-UK
249001,249001,Tehri,Uttarakhand,IN-UK
249121,249121,Jakhani Dhar,Uttarakhand,IN-UK
249122,249122,Devaprayag,Uttarakhand,IN-UK
249123,249123,Jakhani Dhar,Uttarakhand,IN-UK
249124,249124,Tehri,Uttarakhand,IN-UK
249125,249125,Chamiyala,Uttarakhand,IN-UK
249126,249126,Devaprayag,Uttarakhand,IN-UK
249127,249127,Pratapnagar,Uttarakhand,IN-UK
249128,249128,Mori,Uttarakhand,IN-UK
249130,249132,Tehri,Uttarakhand,IN-UK
249135,249136,Bhatwari,Uttarakhand,IN-UK
249137,249137,Muni Ki Reti,Uttarakhand,IN-UK
249141,249141,Barkot,Uttarakhand,IN-UK
249145,249145,Chamba,Uttarakhand,IN-UK
249146,249146,Gaja,Uttarakhand,IN-UK
249151,249152,Dunda,Uttarakhand,IN-UK
249155,249155,Ghansali,Uttarakhand,IN-UK
249161,249161,Kirtinagar,Uttarakhand,IN-UK
249165,249165,Lambgaon,Uttarakhand,IN-UK
249171,249171,Naugaon,Uttarakhand,IN-UK
249175,249175,Narendranagar,Uttarakhand,IN-UK
249180,249180,Dhanaulti,Uttarakhand,IN-UK
249181,249181,Ghansali,Uttarakhand,IN-UK
249185,249185,Purola,Uttarakhand,IN-UK
249186,249186,Dhanaulti,Uttarakhand,IN-UK
249192,249192,Muni Ki Reti,Uttarakhand,IN-UK
249193,249193,Uttarkashi,Uttarakhand,IN-UK
249194,249195,Bhatwari,Uttarakhand,IN-UK
249196,249196,Chimyalisaur,Uttarakhand,IN-UK
249199,249199,Tehri,Uttarakhand,IN-UK
249201,249204,Rishikesh,Uttarakhand,IN-UK
249205,249205,Raiwala Bara,Uttarakhand,IN-UK
249301,249301,Devaprayag,Uttarakhand,IN-UK
249302,249304,Swargashram,Uttarakhand,IN-UK
249306,249306,Yamkeshwar,Uttarakhand,IN-UK
249401,249402,Hardwar,Uttarakhand,IN-UK
249403,249403,Haridwar,Uttarakhand,IN-UK
249404,249404,Hardwar,Uttarakhand,IN-UK
249405,249405,Roorkee,Uttarakhand,IN-UK
249407,249411,Hardwar,Uttarakhand,IN-UK
250001,250005,Meerut,Uttar Pradesh,IN-UP
250101,250101,Khekra,Uttar Pradesh,IN-UP
250103,250103,Meerut,Uttar Pradesh,IN-UP
250104,250104,Kithore,Uttar Pradesh,IN-UP
250106,250106,Mawana,Uttar Pradesh,IN-UP
250110,250110,Sardhana,Uttar Pradesh,IN-UP
250205,250205,Meerut,Uttar Pradesh,IN-UP
250221,250221,Daurala,Uttar Pradesh,IN-UP
250222,250222,Lawar,Uttar Pradesh,IN-UP
250223,250344,Sardhana,Uttar Pradesh,IN-UP
250345,250345,Baraut,Uttar Pradesh,IN-UP
250401,250402,Mawana,Uttar Pradesh,IN-UP
250404,250404,Hastinapur,Uttar Pradesh,IN-UP
250406,250406,Parikshitgarh,Uttar Pradesh,IN-UP
250501,250502,Meerut,Uttar Pradesh,IN-UP
250601,250601,Tatiri,Uttar Pradesh,IN-UP
250606,250609,Baghpat,Uttar Pradesh,IN-UP
250611,250611,Baraut,Uttar Pradesh,IN-UP
250615,250615,Baghpat,Uttar Pradesh,IN-UP
250617,250617,Chhaprauli,Uttar Pradesh,IN-UP
250619,250619,Baghpat,Uttar Pradesh,IN-UP
250620,250621,Baraut,Uttar Pradesh,IN-UP
250622,250622,Doghat,Uttar Pradesh,IN-UP
250623,250623,Baraut,Uttar Pradesh,IN-UP
250625,250625,Tikri,Uttar Pradesh,IN-UP
250626,250626,Baghpat,Uttar Pradesh,IN-UP
251001,251003,Muzaffarnagar,Uttar Pradesh,IN-UP
251201,251201,Khatauli,Uttar Pradesh,IN-UP
251202,251202,Muzaffarnagar,Uttar Pradesh,IN-UP
251203,251203,Khatauli,Uttar Pradesh,IN-UP
251301,251301,Muzaffarnagar,Uttar Pradesh,IN-UP
251305,251305,Shamli,Uttar Pradesh,IN-UP
251306,251307,Muzaffarnagar,Uttar Pradesh,IN-UP
251308,251308,Jansath,Uttar Pradesh,IN-UP
251309,251309,Budhana,Uttar Pradesh,IN-UP
251310,251310,Muzaffarnagar,Uttar Pradesh,IN-UP
251311,251311,Charthawal,Uttar Pradesh,IN-UP
251314,251314,Jansath,Uttar Pradesh,IN-UP
251315,251315,Miranpur,Uttar Pradesh,IN-UP
251316,251316,Jansath,Uttar Pradesh,IN-UP
251318,251318,Budhana,Uttar Pradesh,IN-UP
251319,251319,Sisauli,Uttar Pradesh,IN-UP
251320,251320,Jansath,Uttar Pradesh,IN-UP
251327,251327,Purquazi,Uttar Pradesh,IN-UP
261001,261001,Sitapur,Uttar Pradesh,IN-UP
261121,261121,Hargaon,Uttar Pradesh,IN-UP
261125,261125,Sitapur,Uttar Pradesh,IN-UP
261131,261131,Khairabad,Uttar Pradesh,IN-UP
261135,261136,Laharpur,Uttar Pradesh,IN-UP
261141,261141,Maholi,Uttar Pradesh,IN-UP
261145,261145,Biswan,Uttar Pradesh,IN-UP
261151,261151,Misrikh,Uttar Pradesh,IN-UP
261201,261202,Biswan,Uttar Pradesh,IN-UP
261203,261204,Mahmudabad,Uttar Pradesh,IN-UP
261205,261205,Biswan,Uttar Pradesh,IN-UP
261206,261206,Mahmudabad,Uttar Pradesh,IN-UP
261207,261207,Laharpur,Uttar Pradesh,IN-UP
261208,261208,Tambaur Ahmadabad,Uttar Pradesh,IN-UP
261301,261303,Sidhauli,Uttar Pradesh,IN-UP
261401,261405,Misrikh,Uttar Pradesh,IN-UP
261501,261501,Lakhimpur,Uttar Pradesh,IN-UP
261502,261502,Dhaurahra,Uttar Pradesh,IN-UP
261505,261505,Mohammadi,Uttar Pradesh,IN-UP
261506,261506,Lakhimpur,Uttar Pradesh,IN-UP
262001,262121,Pilibhit,Uttar Pradesh,IN-UP
262122,262123,Puranpur,Uttar Pradesh,IN-UP
262124,262124,Kalinagar,Uttar Pradesh,IN-UP
262201,262201,Bisalpur,Uttar Pradesh,IN-UP
262202,262202,Bilsanda,Uttar Pradesh,IN-UP
262203,262203,Barkhera,Uttar Pradesh,IN-UP
262302,262305,Pilibhit,Uttar Pradesh,IN-UP
262308,262308,Khatima,Uttarakhand,IN-UK
262309,262309,Tanakpur,Uttarakhand,IN-UK
262310,262310,Khatima,Uttarakhand,IN-UK
262311,262311,Nanakamtta,Uttarakhand,IN-UK
262401,262401,Bazpur,Uttarakhand,IN-UK
262402,262402,Lalkuan,Uttarakhand,IN-UK
262405,262405,Sitarganj,Uttarakhand,IN-UK
262406,262406,Nawabganj,Uttar Pradesh,IN-UP
262501,262521,Pithoragarh,Uttarakhand,IN-UK
262522,262522,Gangolihat,Uttarakhand,IN-UK
262523,262523,Champawat,Uttarakhand,IN-UK
262524,262524,Lohaghat,Uttarakhand,IN-UK
262525,262525,Barakot,Uttarakhand,IN-UK
262526,262526,Pithoragarh,Uttarakhand,IN-UK
262527,262527,Barakot,Uttarakhand,IN-UK
262528,262528,Lohaghat,Uttarakhand,IN-UK
262529,262530,Pithoragarh,Uttarakhand,IN-UK
262531,262531,Berinag,Uttarakhand,IN-UK
262532,262532,Gangolihat,Uttarakhand,IN-UK
262533,262533,Kapkot,Uttarakhand,IN-UK
262534,262534,Gangolihat,Uttarakhand,IN-UK
262540,262540,Pithoragarh,Uttarakhand,IN-UK
262541,262543,Didihat,Uttarakhand,IN-UK
262544,262547,Dharchula,Uttarakhand,IN-UK
262550,262551,Didihat,Uttarakhand,IN-UK
262552,262552,Berinag,Uttarakhand,IN-UK
262553,262555,Munsiari,Uttarakhand,IN-UK
262561,262561,Pati,Uttarakhand,IN-UK
262572,262572,Didihat,Uttarakhand,IN-UK
262576,262576,Dharchula,Uttarakhand,IN-UK
262580,262580,Pati,Uttarakhand,IN-UK
262701,262702,Kherinpp,Uttar Pradesh,IN-UP
262721,262721,Lakhimpur,Uttar Pradesh,IN-UP
262722,262724,Dhaurahra,Uttar Pradesh,IN-UP
262725,262726,Lakhimpur,Uttar Pradesh,IN-UP
262727,262727,Mohammadi,Uttar Pradesh,IN-UP
262728,262728,Lakhimpur,Uttar Pradesh,IN-UP
262801,262802,Gola Gokarannath,Uttar Pradesh,IN-UP
262803,262803,Mailani,Uttar Pradesh,IN-UP
262804,262804,Mohammadi,Uttar Pradesh,IN-UP
262805,262805,Gola Gokarannath,Uttar Pradesh,IN-UP
262901,262902,Palia,Uttar Pradesh,IN-UP
262903,262903,Nighasan,Uttar Pradesh,IN-UP
262904,262904,Palia,Uttar Pradesh,IN-UP
262905,262907,Nighasan,Uttar Pradesh,IN-UP
262908,262908,Palia,Uttar Pradesh,IN-UP
263001,263001,Nainital,Uttarakhand,IN-UK
263126,263126,Haldwani,Uttarakhand,IN-UK
263127,263128,Nainital,Uttarakhand,IN-UK
263132,263132,Bhowali,Uttarakhand,IN-UK
263134,263134,Betalghat,Uttarakhand,IN-UK
263135,263135,Kosya Kutauli,Uttarakhand,IN-UK
263136,263136,Bhimtal,Uttarakhand,IN-UK
263137,263138,Kosya Kutauli,Uttarakhand,IN-UK
263139,263139,Haldwani,Uttarakhand,IN-UK
263140,263140,Kaladungi,Uttarakhand,IN-UK
263142,263142,Lalkuan,Uttarakhand,IN-UK
263145,263149,Kichha,Uttarakhand,IN-UK
263150,263150,Kela Khera,Uttarakhand,IN-UK
263151,263151,Shaktigarh,Uttarakhand,IN-UK
263152,263152,Gadarpur,Uttarakhand,IN-UK
263153,263153,Rudrapur,Uttarakhand,IN-UK
263156,263156,Nainital,Uttarakhand,IN-UK
263157,263157,Dhari,Uttarakhand,IN-UK
263158,263158,Kosya Kutauli,Uttarakhand,IN-UK
263159,263159,Kaladungi,Uttarakhand,IN-UK
263160,263160,Dineshpur,Uttarakhand,IN-UK
263601,263601,Almora,Uttarakhand,IN-UK
263619,263619,Bageshwar,Uttarakhand,IN-UK
263620,263620,Someshwar,Uttarakhand,IN-UK
263621,263621,Dwarahat,Uttarakhand,IN-UK
263622,263623,Bhanoli,Uttarakhand,IN-UK
263624,263625,Almora,Uttarakhand,IN-UK
263626,263626,Jainti,Uttarakhand,IN-UK
263628,263628,Almora,Uttarakhand,IN-UK
263629,263629,Someshwar,Uttarakhand,IN-UK
263630,263630,Kafligair,Uttarakhand,IN-UK
263631,263631,Kanda,Uttarakhand,IN-UK
263632,263633,Kapkot,Uttarakhand,IN-UK
263634,263634,Kanda,Uttarakhand,IN-UK
263635,263635,Garud,Uttarakhand,IN-UK
263636,263636,Almora,Uttarakhand,IN-UK
263637,263639,Someshwar,Uttarakhand,IN-UK
263640,263640,Kanda,Uttarakhand,IN-UK
263641,263641,Garud,Uttarakhand,IN-UK
263642,263642,Bageshwar,Uttarakhand,IN-UK
263643,263643,Almora,Uttarakhand,IN-UK
263645,263645,Ranikhet,Uttarakhand,IN-UK
263646,263646,Sult,Uttarakhand,IN-UK
263651,263652,Ranikhet,Uttarakhand,IN-UK
263653,263653,Dwarahat,Uttarakhand,IN-UK
263655,263655,Almora,Uttarakhand,IN-UK
263656,263658,Chawkhutiya,Uttarakhand,IN-UK
263659,263659,Bhikyasain,Uttarakhand,IN-UK
263660,263660,Dwarahat,Uttarakhand,IN-UK
263661,263661,Bhikyasain,Uttarakhand,IN-UK
263663,263664,Ranikhet,Uttarakhand,IN-UK
263665,263665,Sult,Uttarakhand,IN-UK
263667,263667,Bhikyasain,Uttarakhand,IN-UK
263676,263676,Sult,Uttarakhand,IN-UK
263678,263678,Ranikhet,Uttarakhand,IN-UK
263679,263679,Kapkot,Uttarakhand,IN-UK
263680,263680,Bhikyasain,Uttarakhand,IN-UK
271001,271123,Gonda,Uttar Pradesh,IN-UP
271124,271124,Tarabganj,Uttar Pradesh,IN-UP
271125,271126,Colonelganj,Uttar Pradesh,IN-UP
271129,271129,Tarabganj,Uttar Pradesh,IN-UP
271201,271201,Balrampur,Uttar Pradesh,IN-UP
271202,271202,Gonda,Uttar Pradesh,IN-UP
271203,271203,Tulsipur,Uttar Pradesh,IN-UP
271204,271204,Khargupur,Uttar Pradesh,IN-UP
271205,271205,Tulsipur,Uttar Pradesh,IN-UP
271206,271206,Pachperwa,Uttar Pradesh,IN-UP
271207,271207,Balrampur,Uttar Pradesh,IN-UP
271208,271208,Tulsipur,Uttar Pradesh,IN-UP
271209,271209,Gonda,Uttar Pradesh,IN-UP
271210,271215,Tulsipur,Uttar Pradesh,IN-UP
271301,271301,Gonda,Uttar Pradesh,IN-UP
271302,271302,Mankapur,Uttar Pradesh,IN-UP
271303,271304,Nawabganj,Uttar Pradesh,IN-UP
271305,271305,Mankapur,Uttar Pradesh,IN-UP
271306,271307,Utraula,Uttar Pradesh,IN-UP
271308,271308,Mankapur,Uttar Pradesh,IN-UP
271309,271310,Tarabganj,Uttar Pradesh,IN-UP
271311,271311,Colonelganj,Uttar Pradesh,IN-UP
271312,271313,Mankapur,Uttar Pradesh,IN-UP
271319,271403,Tarabganj,Uttar Pradesh,IN-UP
271502,271502,Colonelganj,Uttar Pradesh,IN-UP
271503,271503,Katra,Uttar Pradesh,IN-UP
271504,271504,Paraspur,Uttar Pradesh,IN-UP
271601,271603,Gonda,Uttar Pradesh,IN-UP
271604,271609,Utraula,Uttar Pradesh,IN-UP
271801,271802,Bahraich,Uttar Pradesh,IN-UP
271803,271803,Bhinga,Uttar Pradesh,IN-UP
271804,271805,Ikauna,Uttar Pradesh,IN-UP
271806,271821,Bahraich,Uttar Pradesh,IN-UP
271824,271825,Mahasi,Uttar Pradesh,IN-UP
271830,271830,Nanpara,Uttar Pradesh,IN-UP
271831,271831,Bhinga,Uttar Pradesh,IN-UP
271835,271835,Ikauna,Uttar Pradesh,IN-UP
271840,271840,Bhinga,Uttar Pradesh,IN-UP
271841,271841,Nanpara,Uttar Pradesh,IN-UP
271845,271845,Ikauna,Uttar Pradesh,IN-UP
271851,271851,Mahasi,Uttar Pradesh,IN-UP
271855,271855,Nanpara,Uttar Pradesh,IN-UP
271861,271861,Balrampur,Uttar Pradesh,IN-UP
271865,271865,Nanpara,Uttar Pradesh,IN-UP
271870,271871,Bahraich,Uttar Pradesh,IN-UP
271872,271872,Kaiserganj,Uttar Pradesh,IN-UP
271875,271875,Risia Jamal,Uttar Pradesh,IN-UP
271881,271882,Nanpara,Uttar Pradesh,IN-UP
271901,271901,Jarwal,Uttar Pradesh,IN-UP
271902,271903,Kaiserganj,Uttar Pradesh,IN-UP
271904,271904,Jarwal,Uttar Pradesh,IN-UP
272001,272001,Basti,Uttar Pradesh,IN-UP
272002,272002,Bhanpur,Uttar Pradesh,IN-UP
272123,272124,Basti,Uttar Pradesh,IN-UP
272125,272126,Khalilabad,Uttar Pradesh,IN-UP
272127,272131,Haraiya,Uttar Pradesh,IN-UP
272148,272151,Rudhauli,Uttar Pradesh,IN-UP
272152,272153,Bansi,Uttar Pradesh,IN-UP
272154,272154,Mehndawal,Uttar Pradesh,IN-UP
272155,272161,Haraiya,Uttar Pradesh,IN-UP
272162,272162,Ghanghata,Uttar Pradesh,IN-UP
272163,272163,Haraiya,Uttar Pradesh,IN-UP
272164,272165,Ghanghata,Uttar Pradesh,IN-UP
272171,272171,Basti,Uttar Pradesh,IN-UP
272172,272172,Ghanghata,Uttar Pradesh,IN-UP
272173,272173,Maghar,Uttar Pradesh,IN-UP
272175,272175,Khalilabad,Uttar Pradesh,IN-UP
272176,272177,Ghanghata,Uttar Pradesh,IN-UP
272178,272178,Basti,Uttar Pradesh,IN-UP
272181,272181,Haraiya,Uttar Pradesh,IN-UP
272182,272182,Basti,Uttar Pradesh,IN-UP
272189,272189,Domariyaganj,Uttar Pradesh,IN-UP
272190,272190,Bhanpur,Uttar Pradesh,IN-UP
272191,272191,Domariyaganj,Uttar Pradesh,IN-UP
272192,272192,Itwa,Uttar Pradesh,IN-UP
272193,272193,Domariyaganj,Uttar Pradesh,IN-UP
272194,272194,Bhanpur,Uttar Pradesh,IN-UP
272195,272195,Domariyaganj,Uttar Pradesh,IN-UP
272199,272199,Khalilabad,Uttar Pradesh,IN-UP
272201,272201,Shohratgarh,Uttar Pradesh,IN-UP
272202,272203,Naugarh,Uttar Pradesh,IN-UP
272204,272205,Shohratgarh,Uttar Pradesh,IN-UP
272206,272208,Naugarh,Uttar Pradesh,IN-UP
272270,272271,Mehndawal,Uttar Pradesh,IN-UP
272301,272302,Basti,Uttar Pradesh,IN-UP
273001,273017,Gorakhpur,Uttar Pradesh,IN-UP
273151,273151,Mahrajganj,Uttar Pradesh,IN-UP
273152,273152,Pipraich,Uttar Pradesh,IN-UP
273155,273155,Anand Nagar,Uttar Pradesh,IN-UP
273157,273157,Pharenda,Uttar Pradesh,IN-UP
273158,273158,Campierganj,Uttar Pradesh,IN-UP
273161,273161,Pharenda,Uttar Pradesh,IN-UP
273162,273162,Nautanwa,Uttar Pradesh,IN-UP
273163,273163,Siswa Bazar,Uttar Pradesh,IN-UP
273164,273164,Nautanwa,Uttar Pradesh,IN-UP
273165,273165,Pipiganj,Uttar Pradesh,IN-UP
273201,273203,Chauri Chaura,Uttar Pradesh,IN-UP
273207,273207,Nichlaul,Uttar Pradesh,IN-UP
273209,273209,Unwal,Uttar Pradesh,IN-UP
273211,273213,Khajni,Uttar Pradesh,IN-UP
273301,273301,Partawal,Uttar Pradesh,IN-UP
273302,273303,Mahrajganj,Uttar Pradesh,IN-UP
273304,273305,Nichlaul,Uttar Pradesh,IN-UP
273306,273306,Gorakhpur,Uttar Pradesh,IN-UP
273308,273308,Maharajganj,Uttar Pradesh,IN-UP
273309,273309,Pharenda,Uttar Pradesh,IN-UP
273310,273310,Mahrajganj,Uttar Pradesh,IN-UP
273311,273311,Nichlaul,Uttar Pradesh,IN-UP
273401,273401,Gorakhpur,Uttar Pradesh,IN-UP
273402,273402,Barhalganj,Uttar Pradesh,IN-UP
273403,273403,Bansgaon,Uttar Pradesh,IN-UP
273404,273404,Khajni,Uttar Pradesh,IN-UP
273405,273405,Chauri Chaura,Uttar Pradesh,IN-UP
273406,273406,Unwal,Uttar Pradesh,IN-UP
273407,273409,Gola,Uttar Pradesh,IN-UP
273411,273413,Bansgaon,Uttar Pradesh,IN-UP
274001,274001,Deoria,Uttar Pradesh,IN-UP
274149,274149,Hata,Uttar Pradesh,IN-UP
274182,274182,Barhaj,Uttar Pradesh,IN-UP
274201,274202,Deoria,Uttar Pradesh,IN-UP
274203,274203,Hata,Uttar Pradesh,IN-UP
274204,274204,Nprudrapur,Uttar Pradesh,IN-UP
274205,274205,Rudarpur,Uttar Pradesh,IN-UP
274206,274206,Deoria,Uttar Pradesh,IN-UP
274207,274207,Hata,Uttar Pradesh,IN-UP
274208,274208,Rudarpur,Uttar Pradesh,IN-UP
274301,274301,Kaptanganj,Uttar Pradesh,IN-UP
274302,274302,Tamkuhi Raj,Uttar Pradesh,IN-UP
274303,274303,Piprasi,Uttar Pradesh,IN-UP
274304,274304,Padrauna,Uttar Pradesh,IN-UP
274305,274305,Ramkola,Uttar Pradesh,IN-UP
274306,274306,Hata,Uttar Pradesh,IN-UP
274307,274307,Piprasi,Uttar Pradesh,IN-UP
274308,274308,Padrauna,Uttar Pradesh,IN-UP
274309,274309,Piprasi,Uttar Pradesh,IN-UP
274401,274401,Tamkuhi Raj,Uttar Pradesh,IN-UP
274402,274402,Kasya,Uttar Pradesh,IN-UP
274403,274403,Kushinagar,Uttar Pradesh,IN-UP
274404,274405,Deoria,Uttar Pradesh,IN-UP
274406,274407,Tamkuhi Raj,Uttar Pradesh,IN-UP
274408,274408,Deoria,Uttar Pradesh,IN-UP
274409,274409,Tamkuhi Raj,Uttar Pradesh,IN-UP
274501,274501,Salempur,Uttar Pradesh,IN-UP
274502,274502,Lar,Uttar Pradesh,IN-UP
274505,274505,Salempur,Uttar Pradesh,IN-UP
274506,274506,Majhauliraj,Uttar Pradesh,IN-UP
274508,274509,Salempur,Uttar Pradesh,IN-UP
274601,274601,Barhaj,Uttar Pradesh,IN-UP
274602,274602,Salempur,Uttar Pradesh,IN-UP
274603,274604,Barhaj,Uttar Pradesh,IN-UP
274701,274701,Salempur,Uttar Pradesh,IN-UP
274702,274705,Bhatpar Rani,Uttar Pradesh,IN-UP
274801,274801,Chhitauni,Uttar Pradesh,IN-UP
274802,274802,Piprasi,Uttar Pradesh,IN-UP
274806,274807,Deoria,Uttar Pradesh,IN-UP
274808,274808,Salempur,Uttar Pradesh,IN-UP
275101,275101,Mau,Uttar Pradesh,IN-UP
275102,275103,Maunath Bhanjan,Uttar Pradesh,IN-UP
275105,275105,Ghosi,Uttar Pradesh,IN-UP
275201,275201,Bahadurganj,Uttar Pradesh,IN-UP
275202,275203,Jakhania,Uttar Pradesh,IN-UP
275204,275204,Sadat,Uttar Pradesh,IN-UP
275205,275205,Jakhania,Uttar Pradesh,IN-UP
275301,275302,Ghosi,Uttar Pradesh,IN-UP
275303,275303,Dohrighat,Uttar Pradesh,IN-UP
275304,275304,Ghosi,Uttar Pradesh,IN-UP
275305,275305,Kopaganj,Uttar Pradesh,IN-UP
275306,275306,Ghosi,Uttar Pradesh,IN-UP
275307,275307,Madhuban,Uttar Pradesh,IN-UP
276001,276001,Azamgarh,Uttar Pradesh,IN-UP
276121,276121,Bilariaganj,Uttar Pradesh,IN-UP
276122,276122,Sagri,Uttar Pradesh,IN-UP
276123,276123,Lalganj,Uttar Pradesh,IN-UP
276124,276125,Sagri,Uttar Pradesh,IN-UP
276126,276126,Mehnagar,Uttar Pradesh,IN-UP
276127,276127,Sagri,Uttar Pradesh,IN-UP
276128,276128,Azamgarh,Uttar Pradesh,IN-UP
276129,276129,Chiraiyakot,Uttar Pradesh,IN-UP
276131,276131,Azamgarh,Uttar Pradesh,IN-UP
276135,276136,Sagri,Uttar Pradesh,IN-UP
276137,276137,Mahrajganj,Uttar Pradesh,IN-UP
276138,276139,Sagri,Uttar Pradesh,IN-UP
276140,276140,Jainpur,Uttar Pradesh,IN-UP
276141,276141,Sagri,Uttar Pradesh,IN-UP
276142,276142,Burhanpur,Uttar Pradesh,IN-UP
276143,276143,Phulpur,Uttar Pradesh,IN-UP
276201,276203,Lalganj,Uttar Pradesh,IN-UP
276204,276204,Mehnagar,Uttar Pradesh,IN-UP
276205,276206,Nizamabad,Uttar Pradesh,IN-UP
276207,276207,Azamgarh,Uttar Pradesh,IN-UP
276208,276208,Nizamabad,Uttar Pradesh,IN-UP
276288,276288,Phulpur,Uttar Pradesh,IN-UP
276301,276301,Lalganj,Uttar Pradesh,IN-UP
276302,276302,Nizamabad,Uttar Pradesh,IN-UP
276303,276303,Lalganj,Uttar Pradesh,IN-UP
276304,276304,Phulpur,Uttar Pradesh,IN-UP
276305,276305,Sarai Mir,Uttar Pradesh,IN-UP
276306,276306,Madhuban,Uttar Pradesh,IN-UP
276402,276403,Muhammadabad Gohna,Uttar Pradesh,IN-UP
276404,276404,Mubarakpur,Uttar Pradesh,IN-UP
276405,276405,Muhammadabad Gohna,Uttar Pradesh,IN-UP
276406,276406,Azamgarh,Uttar Pradesh,IN-UP
277001,277123,Ballia,Uttar Pradesh,IN-UP
277124,277124,Sikanderpur B,Uttar Pradesh,IN-UP
277201,277201,Bairia,Uttar Pradesh,IN-UP
277202,277202,Bansdih,Uttar Pradesh,IN-UP
277203,277203,Ballia,Uttar Pradesh,IN-UP
277204,277205,Bairia,Uttar Pradesh,IN-UP
277207,277207,Maniar,Uttar Pradesh,IN-UP
277208,277208,Bairia,Uttar Pradesh,IN-UP
277209,277209,Reoti,Uttar Pradesh,IN-UP
277210,277210,Bansdih,Uttar Pradesh,IN-UP
277211,277211,Sahatwar,Uttar Pradesh,IN-UP
277213,277213,Bansdih,Uttar Pradesh,IN-UP
277214,277216,Bairia,Uttar Pradesh,IN-UP
277219,277219,Bansdih,Uttar Pradesh,IN-UP
277301,277301,Ballia,Uttar Pradesh,IN-UP
277302,277303,Sikanderpur B,Uttar Pradesh,IN-UP
277304,277304,Bansdih,Uttar Pradesh,IN-UP
277401,277506,Ballia,Uttar Pradesh,IN-UP
281001,281006,Mathura,Uttar Pradesh,IN-UP
281104,281104,Sadabad,Uttar Pradesh,IN-UP
281121,281121,Vrindavan,Uttar Pradesh,IN-UP
281122,281122,Farah,Uttar Pradesh,IN-UP
281123,281123,Mathura,Uttar Pradesh,IN-UP
281201,281201,Bajna,Uttar Pradesh,IN-UP
281202,281203,Mat,Uttar Pradesh,IN-UP
281204,281204,Raya,Uttar Pradesh,IN-UP
281205,281206,Mat,Uttar Pradesh,IN-UP
281301,281301,Baldeo,Uttar Pradesh,IN-UP
281302,281302,Sadabad,Uttar Pradesh,IN-UP
281303,281303,Gokul,Uttar Pradesh,IN-UP
281305,281305,Mahaban,Uttar Pradesh,IN-UP
281306,281306,Sadabad,Uttar Pradesh,IN-UP
281307,281307,Sahpau,Uttar Pradesh,IN-UP
281308,281308,Mahaban,Uttar Pradesh,IN-UP
281401,281404,Chhata,Uttar Pradesh,IN-UP
281405,281405,Barsana,Uttar Pradesh,IN-UP
281406,281406,Chhata,Uttar Pradesh,IN-UP
281501,281501,Mathura,Uttar Pradesh,IN-UP
281502,281502,Govardhan,Uttar Pradesh,IN-UP
281504,281504,Radhakund,Uttar Pradesh,IN-UP
282001,282006,Agra,Uttar Pradesh,IN-UP
282007,282007,Kiraoli,Uttar Pradesh,IN-UP
282008,282008,Agra,Uttar Pradesh,IN-UP
282009,282009,Fatehabad,Uttar Pradesh,IN-UP
282010,282010,Agra,Uttar Pradesh,IN-UP
283101,283101,Achhnera,Uttar Pradesh,IN-UP
283102,283102,Agra,Uttar Pradesh,IN-UP
283103,283103,Firozabad,Uttar Pradesh,IN-UP
283104,283104,Bah,Uttar Pradesh,IN-UP
283105,283105,Agra,Uttar Pradesh,IN-UP
283110,283110,Fatehpur Sikri,Uttar Pradesh,IN-UP
283111,283111,Fatehabad,Uttar Pradesh,IN-UP
283112,283112,Kheragarh,Uttar Pradesh,IN-UP
283113,283114,Bah,Uttar Pradesh,IN-UP
283115,283115,Jagnair,Uttar Pradesh,IN-UP
283119,283121,Kheragarh,Uttar Pradesh,IN-UP
283122,283122,Kiraoli,Uttar Pradesh,IN-UP
283123,283123,Pinahat,Uttar Pradesh,IN-UP
283124,283124,Kheragarh,Uttar Pradesh,IN-UP
283125,283125,Shamsabad,Uttar Pradesh,IN-UP
283126,283126,Etmadpur,Uttar Pradesh,IN-UP
283130,283130,Jasrana,Uttar Pradesh,IN-UP
283135,283135,Shikohabad,Uttar Pradesh,IN-UP
283136,283136,Jasrana,Uttar Pradesh,IN-UP
283141,283142,Shikohabad,Uttar Pradesh,IN-UP
283145,283145,Makkhanpur,Uttar Pradesh,IN-UP
283151,283151,Sirsaganj,Uttar Pradesh,IN-UP
283152,283152,Eka,Uttar Pradesh,IN-UP
283201,283201,Etmadpur,Uttar Pradesh,IN-UP
283202,283202,Itimadpur,Uttar Pradesh,IN-UP
283203,283203,Firozabad,Uttar Pradesh,IN-UP
283204,283204,Tundla,Uttar Pradesh,IN-UP
283205,283206,Firozabad,Uttar Pradesh,IN-UP
283207,283207,Phariha,Uttar Pradesh,IN-UP
284001,284120,Jhansi,Uttar Pradesh,IN-UP
284121,284121,Baragaon,Uttar Pradesh,IN-UP
284122,284123,Talbehat,Uttar Pradesh,IN-UP
284124,284124,Lalipur,Uttar Pradesh,IN-UP
284125,284126,Talbehat,Uttar Pradesh,IN-UP
284127,284135,Jhansi,Uttar Pradesh,IN-UP
284136,284136,Talbehat,Uttar Pradesh,IN-UP
284201,284201,Barua Sagar,Uttar Pradesh,IN-UP
284202,284202,Gursarai,Uttar Pradesh,IN-UP
284203,284203,Garautha,Uttar Pradesh,IN-UP
284204,284204,Mauranipur,Uttar Pradesh,IN-UP
284205,284205,Ranipur,Uttar Pradesh,IN-UP
284206,284206,Tondi Fatehpur,Uttar Pradesh,IN-UP
284301,284301,Chirgaon,Uttar Pradesh,IN-UP
284302,284302,Erich,Uttar Pradesh,IN-UP
284303,284303,Moth,Uttar Pradesh,IN-UP
284304,284304,Samthar,Uttar Pradesh,IN-UP
284305,284305,Jhansi,Uttar Pradesh,IN-UP
284306,284306,Moth,Uttar Pradesh,IN-UP
284401,284401,Babina,Uttar Pradesh,IN-UP
284402,284402,Mahroni,Uttar Pradesh,IN-UP
284403,284403,Lalipur,Uttar Pradesh,IN-UP
284404,284406,Mahroni,Uttar Pradesh,IN-UP
284419,284419,Jhansi,Uttar Pradesh,IN-UP
284501,284501,Lalipur,Uttar Pradesh,IN-UP
285001,285001,Orai,Uttar Pradesh,IN-UP
285121,285121,Madhogarh,Uttar Pradesh,IN-UP
285122,285122,Orai,Uttar Pradesh,IN-UP
285123,285123,Jalaun,Uttar Pradesh,IN-UP
285124,285124,Madhogarh,Uttar Pradesh,IN-UP
285125,285125,Jalaun,Uttar Pradesh,IN-UP
285126,285126,Madhogarh,Uttar Pradesh,IN-UP
285127,285127,Rampura,Uttar Pradesh,IN-UP
285128,285128,Jalaun,Uttar Pradesh,IN-UP
285129,285129,Umari,Uttar Pradesh,IN-UP
285130,285130,Jalaun,Uttar Pradesh,IN-UP
285201,285201,Orai,Uttar Pradesh,IN-UP
285202,285202,Kalpi,Uttar Pradesh,IN-UP
285203,285203,Kadaura,Uttar Pradesh,IN-UP
285204,285204,Kalpi,Uttar Pradesh,IN-UP
285205,285205,Konch,Uttar Pradesh,IN-UP
285206,285206,Nadigaon,Uttar Pradesh,IN-UP
285223,285223,Kotra,Uttar Pradesh,IN-UP
301001,301002,Alwar,Rajasthan,IN-RJ
301018,301018,Tijara,Rajasthan,IN-RJ
301019,301019,Bhiwadi,Rajasthan,IN-RJ
301020,301020,Behror,Rajasthan,IN-RJ
301021,301021,Lachhmangarh,Rajasthan,IN-RJ
301022,301022,Thanagazi,Rajasthan,IN-RJ
301023,301023,Alwar,Rajasthan,IN-RJ
301024,301024,Thanagazi,Rajasthan,IN-RJ
301025,301026,Ramgarh,Rajasthan,IN-RJ
301027,301027,Thanagazi,Rajasthan,IN-RJ
301028,301030,Alwar,Rajasthan,IN-RJ
301035,301035,Kathumar,Rajasthan,IN-RJ
301401,301401,Mandawar,Rajasthan,IN-RJ
301402,301402,Bansur,Rajasthan,IN-RJ
301403,301403,Kotkasim,Rajasthan,IN-RJ
301404,301404,Khairthal,Rajasthan,IN-RJ
301405,301405,Kishangarh Bas,Rajasthan,IN-RJ
301406,301406,Malakhera,Rajasthan,IN-RJ
301407,301407,Mandawar,Rajasthan,IN-RJ
301408,301408,Rajgarh,Rajasthan,IN-RJ
301409,301409,Reni,Rajasthan,IN-RJ
301410,301410,Rajgarh,Rajasthan,IN-RJ
301411,301411,Tijara,Rajasthan,IN-RJ
301412,301412,Bansur,Rajasthan,IN-RJ
301413,301413,Reni,Rajasthan,IN-RJ
301414,301415,Rajgarh,Rajasthan,IN-RJ
301416,301416,Bansur,Rajasthan,IN-RJ
301427,301427,Mandawar,Rajasthan,IN-RJ
301604,301604,Govindgarh,Rajasthan,IN-RJ
301701,301701,Behror,Rajasthan,IN-RJ
301702,301702,Kotkasim,Rajasthan,IN-RJ
301703,301706,Neemrana,Rajasthan,IN-RJ
301707,301707,Tijara,Rajasthan,IN-RJ
301708,301708,Neemrana,Rajasthan,IN-RJ
301709,301713,Behror,Rajasthan,IN-RJ
301714,301714,Mandawar,Rajasthan,IN-RJ
302001,302036,Jaipur,Rajasthan,IN-RJ
302037,302037,Sanganer,Rajasthan,IN-RJ
302038,302038,Amber,Rajasthan,IN-RJ
302039,302041,Jaipur,Rajasthan,IN-RJ
302042,302042,Sanganer,Rajasthan,IN-RJ
302043,302045,Jaipur,Rajasthan,IN-RJ
302046,302046,Jamwa Ramgarh,Rajasthan,IN-RJ
303001,303001,Jamwa Ramgarh,Rajasthan,IN-RJ
303002,303002,Amber,Rajasthan,IN-RJ
303003,303003,Virat Nagar,Rajasthan,IN-RJ
303004,303004,Lawan,Rajasthan,IN-RJ
303005,303006,Phagi,Rajasthan,IN-RJ
303007,303007,Bagru,Rajasthan,IN-RJ
303008,303008,Dudu,Rajasthan,IN-RJ
303009,303009,Mauzamabad,Rajasthan,IN-RJ
303012,303012,Bassi,Rajasthan,IN-RJ
303102,303102,Virat Nagar,Rajasthan,IN-RJ
303103,303103,Shahpura,Rajasthan,IN-RJ
303104,303104,Manoharpur,Rajasthan,IN-RJ
303105,303105,Kotputli,Rajasthan,IN-RJ
303106,303107,Pavata Pragpura,Rajasthan,IN-RJ
303108,303108,Kotputli,Rajasthan,IN-RJ
303109,303109,Jamwa Ramgarh,Rajasthan,IN-RJ
303110,303110,Kotputli,Rajasthan,IN-RJ
303119,303119,Virat Nagar,Rajasthan,IN-RJ
303120,303120,Jamwa Ramgarh,Rajasthan,IN-RJ
303121,303121,Amber,Rajasthan,IN-RJ
303122,303122,Mauzamabad,Rajasthan,IN-RJ
303123,303124,Renwal,Rajasthan,IN-RJ
303301,303302,Bassi,Rajasthan,IN-RJ
303303,303303,Dausa,Rajasthan,IN-RJ
303304,303304,Sikrai,Rajasthan,IN-RJ
303305,303305,Bassi,Rajasthan,IN-RJ
303313,303313,Bandikui,Rajasthan,IN-RJ
303315,303323,Baswa,Rajasthan,IN-RJ
303325,303325,Dausa,Rajasthan,IN-RJ
303326,303326,Sikrai,Rajasthan,IN-RJ
303327,303327,Baswa,Rajasthan,IN-RJ
303328,303329,Jobner,Rajasthan,IN-RJ
303338,303338,Phulera,Rajasthan,IN-RJ
303348,303348,Naraina,Rajasthan,IN-RJ
303501,303501,Dausa,Rajasthan,IN-RJ
303502,303502,Sikrai,Rajasthan,IN-RJ
303503,303503,Lalsot,Rajasthan,IN-RJ
303504,303504,Mandawari,Rajasthan,IN-RJ
303505,303506,Nangal Rajawatan,Rajasthan,IN-RJ
303507,303507,Dausa,Rajasthan,IN-RJ
303508,303509,Sikrai,Rajasthan,IN-RJ
303510,303510,Ramgarh Pachwara,Rajasthan,IN-RJ
303511,303511,Lalsot,Rajasthan,IN-RJ
303601,303601,Shahpura,Rajasthan,IN-RJ
303602,303603,Renwal,Rajasthan,IN-RJ
303604,303604,Sambhar,Rajasthan,IN-RJ
303701,303701,Amber,Rajasthan,IN-RJ
303702,303702,Chomu,Rajasthan,IN-RJ
303704,303704,Amber,Rajasthan,IN-RJ
303706,303706,Jaipur,Rajasthan,IN-RJ
303712,303807,Chomu,Rajasthan,IN-RJ
303901,303903,Chaksu,Rajasthan,IN-RJ
303904,303904,Phagi,Rajasthan,IN-RJ
303905,303905,Sanganer,Rajasthan,IN-RJ
303908,303908,Kotkhawda,Rajasthan,IN-RJ
304001,304001,Tonk,Rajasthan,IN-RJ
304021,304022,Niwai,Rajasthan,IN-RJ
304023,304024,Uniara,Rajasthan,IN-RJ
304025,304025,Niwai,Rajasthan,IN-RJ
304026,304026,Duni,Rajasthan,IN-RJ
304501,304504,Malpura,Rajasthan,IN-RJ
304505,304505,Todarai Singh,Rajasthan,IN-RJ
304507,304507,Deoli,Rajasthan,IN-RJ
304801,304801,Peeplu,Rajasthan,IN-RJ
304802,304802,Duni,Rajasthan,IN-RJ
304803,304804,Deoli,Rajasthan,IN-RJ
305001,305012,Ajmer,Rajasthan,IN-RJ
305021,305022,Pushkar,Rajasthan,IN-RJ
305023,305024,Ajmer,Rajasthan,IN-RJ
305025,305025,Nasirabad,Rajasthan,IN-RJ
305026,305026,Riyan Badi,Rajasthan,IN-RJ
305201,305201,Peesangan,Rajasthan,IN-RJ
305202,305202,Masuda,Rajasthan,IN-RJ
305203,305204,Peesangan,Rajasthan,IN-RJ
305205,305205,Nasirabad,Rajasthan,IN-RJ
305206,305206,Ajmer,Rajasthan,IN-RJ
305207,305207,Peesangan,Rajasthan,IN-RJ
305401,305402,Nasirabad,Rajasthan,IN-RJ
305403,305403,Sarwar,Rajasthan,IN-RJ
305404,305405,Kekri,Rajasthan,IN-RJ
305406,305406,Sarwar,Rajasthan,IN-RJ
305407,305407,Sawar,Rajasthan,IN-RJ
305408,305408,Kekri,Rajasthan,IN-RJ
305412,305412,Sarwar,Rajasthan,IN-RJ
305415,305415,Kekri,Rajasthan,IN-RJ
305601,305601,Nasirabad,Rajasthan,IN-RJ
305621,305622,Bhinay,Rajasthan,IN-RJ
305623,305623,Masuda,Rajasthan,IN-RJ
305624,305625,Vijaynagar,Rajasthan,IN-RJ
305627,305627,Tantoli,Rajasthan,IN-RJ
305628,305629,Bhinay,Rajasthan,IN-RJ
305630,305630,Masuda,Rajasthan,IN-RJ
305631,305631,Vijaynagar,Rajasthan,IN-RJ
305801,305802,Kishangarh,Rajasthan,IN-RJ
305811,305811,Ajmer,Rajasthan,IN-RJ
305812,305812,Roopangarh,Rajasthan,IN-RJ
305813,305813,Arain,Rajasthan,IN-RJ
305814,305814,Roopangarh,Rajasthan,IN-RJ
305815,305817,Kishangarh,Rajasthan,IN-RJ
305819,305819,Roopangarh,Rajasthan,IN-RJ
305901,305901,Beawar,Rajasthan,IN-RJ
305921,305921,Bhim,Rajasthan,IN-RJ
305922,305923,Beawar,Rajasthan,IN-RJ
305924,305924,Tatgarh,Rajasthan,IN-RJ
305925,305925,Beawar,Rajasthan,IN-RJ
305926,305926,Tatgarh,Rajasthan,IN-RJ
305927,305927,Beawar,Rajasthan,IN-RJ
306001,306023,Marwar Junction,Rajasthan,IN-RJ
306101,306101,Jaitaran,Rajasthan,IN-RJ
306102,306102,Raipur,Rajasthan,IN-RJ
306103,306104,Sojat,Rajasthan,IN-RJ
306105,306105,Raipur,Rajasthan,IN-RJ
306114,306114,Sojat,Rajasthan,IN-RJ
306115,306115,Rani,Rajasthan,IN-RJ
306116,306116,Falna,Rajasthan,IN-RJ
306119,306119,Rani,Rajasthan,IN-RJ
306126,306126,Bali,Rajasthan,IN-RJ
306301,306302,Jaitaran,Rajasthan,IN-RJ
306303,306303,Nimaj,Rajasthan,IN-RJ
306304,306305,Raipur,Rajasthan,IN-RJ
306306,306306,Sojat,Rajasthan,IN-RJ
306307,306307,Raipur,Rajasthan,IN-RJ
306308,306308,Jaitaran,Rajasthan,IN-RJ
306401,306401,Pali,Rajasthan,IN-RJ
306421,306421,Rohat,Rajasthan,IN-RJ
306422,306501,Pali,Rajasthan,IN-RJ
306502,306503,Rani,Rajasthan,IN-RJ
306504,306504,Bali,Rajasthan,IN-RJ
306601,306601,Rani,Rajasthan,IN-RJ
306602,306602,Sumerpur,Rajasthan,IN-RJ
306603,306603,Desuri,Rajasthan,IN-RJ
306701,306701,Bali,Rajasthan,IN-RJ
306702,306702,Sadri,Rajasthan,IN-RJ
306703,306704,Desuri,Rajasthan,IN-RJ
306705,306707,Bali,Rajasthan,IN-RJ
306708,306708,Sumerpur,Rajasthan,IN-RJ
306709,306709,Jaitaran,Rajasthan,IN-RJ
306901,306902,Sumerpur,Rajasthan,IN-RJ
306912,306912,Takhatgarh,Rajasthan,IN-RJ
307001,307001,Sirohi,Rajasthan,IN-RJ
307019,307024,Pindwara,Rajasthan,IN-RJ
307025,307025,Kotra,Rajasthan,IN-RJ
307026,307026,Abu Road,Rajasthan,IN-RJ
307027,307028,Sheoganj,Rajasthan,IN-RJ
307029,307030,Ahore,Rajasthan,IN-RJ
307031,307031,Pindwara,Rajasthan,IN-RJ
307032,307032,Abu Road,Rajasthan,IN-RJ
307043,307043,Sheoganj,Rajasthan,IN-RJ
307501,307501,Abu,Rajasthan,IN-RJ
307510,307510,Abu Road,Rajasthan,IN-RJ
307511,307514,Reodar,Rajasthan,IN-RJ
307515,307515,Jaswantpura,Rajasthan,IN-RJ
307801,307801,Jawal,Rajasthan,IN-RJ
307802,307802,Sirohi,Rajasthan,IN-RJ
307803,307803,Jaswantpura,Rajasthan,IN-RJ
311001,311011,Bhilwara,Rajasthan,IN-RJ
311021,311021,Gulabpura,Rajasthan,IN-RJ
311022,311022,Hurda,Rajasthan,IN-RJ
311023,311023,Phooliya Kalan,Rajasthan,IN-RJ
311024,311024,Banera,Rajasthan,IN-RJ
311025,311025,Hameergarh,Rajasthan,IN-RJ
311026,311026,Asind,Rajasthan,IN-RJ
311030,311030,Hurda,Rajasthan,IN-RJ
311201,311203,Jahazpur,Rajasthan,IN-RJ
311204,311301,Asind,Rajasthan,IN-RJ
311302,311302,Badnor,Rajasthan,IN-RJ
311401,311401,Banera,Rajasthan,IN-RJ
311402,311402,Bhilwara,Rajasthan,IN-RJ
311403,311403,Mandal,Rajasthan,IN-RJ
311404,311404,Shahpura,Rajasthan,IN-RJ
311407,311407,Phooliya Kalan,Rajasthan,IN-RJ
311408,311408,Banera,Rajasthan,IN-RJ
311601,311601,Mandalgarh,Rajasthan,IN-RJ
311602,311602,Bijoliya,Rajasthan,IN-RJ
311603,311603,Kotri,Rajasthan,IN-RJ
311604,311606,Mandalgarh,Rajasthan,IN-RJ
311801,311801,Gangapur,Rajasthan,IN-RJ
311802,311802,Bhilwara,Rajasthan,IN-RJ
311803,311803,Raipur,Rajasthan,IN-RJ
311804,311804,Kareda,Rajasthan,IN-RJ
311805,311805,Raipur,Rajasthan,IN-RJ
311806,311806,Sahara,Rajasthan,IN-RJ
312001,312022,Chittaurgarh,Rajasthan,IN-RJ
312023,312023,Begun,Rajasthan,IN-RJ
312024,312024,Bhadesar,Rajasthan,IN-RJ
312025,312025,Chittaurgarh,Rajasthan,IN-RJ
312027,312027,Bhadesar,Rajasthan,IN-RJ
312201,312201,Chittaurgarh,Rajasthan,IN-RJ
312202,312202,Kapasan,Rajasthan,IN-RJ
312203,312203,Rashmi,Rajasthan,IN-RJ
312204,312205,Bhopalsagar,Rajasthan,IN-RJ
312206,312206,Rashmi,Rajasthan,IN-RJ
312207,312207,Kapasan,Rajasthan,IN-RJ
312401,312401,Barisadri,Rajasthan,IN-RJ
312402,312402,Dungla,Rajasthan,IN-RJ
312403,312403,Barisadri,Rajasthan,IN-RJ
312404,312404,Dungla,Rajasthan,IN-RJ
312601,312601,Nimbahera,Rajasthan,IN-RJ
312602,312602,Bhadesar,Rajasthan,IN-RJ
312603,312603,Barisadri,Rajasthan,IN-RJ
312604,312604,Chhotisadri,Rajasthan,IN-RJ
312605,312605,Pratapgarh,Rajasthan,IN-RJ
312606,312606,Nimbahera,Rajasthan,IN-RJ
312612,312613,Chittaurgarh,Rajasthan,IN-RJ
312614,312614,Nimbahera,Rajasthan,IN-RJ
312615,312615,Arnod,Rajasthan,IN-RJ
312616,312616,Pratapgarh,Rajasthan,IN-RJ
312617,312617,Nimbahera,Rajasthan,IN-RJ
312619,312619,Arnod,Rajasthan,IN-RJ
312620,312620,Nimbahera,Rajasthan,IN-RJ
312622,312622,Chittaurgarh,Rajasthan,IN-RJ
312623,312623,Pratapgarh,Rajasthan,IN-RJ
312624,312624,Peepalkhoont,Rajasthan,IN-RJ
312625,312626,Dhariawad,Rajasthan,IN-RJ
312627,312901,Gangrar,Rajasthan,IN-RJ
313001,313002,Udaipur,Rajasthan,IN-RJ
313003,313003,Girwa,Rajasthan,IN-RJ
313004,313004,Udaipur,Rajasthan,IN-RJ
313011,313011,Bargaon,Rajasthan,IN-RJ
313022,313022,Mavli,Rajasthan,IN-RJ
313024,313024,Girwa,Rajasthan,IN-RJ
313026,313027,Salumbar,Rajasthan,IN-RJ
313031,313031,Girwa,Rajasthan,IN-RJ
313038,313038,Salumbar,Rajasthan,IN-RJ
313201,313201,Mavli,Rajasthan,IN-RJ
313202,313202,Nathdwara,Rajasthan,IN-RJ
313203,313206,Mavli,Rajasthan,IN-RJ
313207,313211,Railmagra,Rajasthan,IN-RJ
313301,313301,Nathdwara,Rajasthan,IN-RJ
313321,313322,Khamnor,Rajasthan,IN-RJ
313323,313323,Nathdwara,Rajasthan,IN-RJ
313324,313324,Rajsamand,Rajasthan,IN-RJ
313325,313325,Kumbhalgarh,Rajasthan,IN-RJ
313327,313327,Rajsamand,Rajasthan,IN-RJ
313328,313329,Railmagra,Rajasthan,IN-RJ
313330,313330,Amet,Rajasthan,IN-RJ
313331,313331,Deogarh,Rajasthan,IN-RJ
313332,313332,Amet,Rajasthan,IN-RJ
313333,313333,Garhbor,Rajasthan,IN-RJ
313334,313334,Rajsamand,Rajasthan,IN-RJ
313341,313341,Bhim,Rajasthan,IN-RJ
313342,313342,Rajsamand,Rajasthan,IN-RJ
313601,313602,Vallabhnagar,Rajasthan,IN-RJ
313603,313603,Bhinder,Rajasthan,IN-RJ
313604,313604,Kanor,Rajasthan,IN-RJ
313701,313702,Jhadol,Rajasthan,IN-RJ
313703,313703,Girwa,Rajasthan,IN-RJ
313704,313705,Gogunda,Rajasthan,IN-RJ
313706,313706,Girwa,Rajasthan,IN-RJ
313708,313708,Kotra,Rajasthan,IN-RJ
313801,313801,Sarada,Rajasthan,IN-RJ
313802,313802,Rishabhdeo,Rajasthan,IN-RJ
313803,313804,Kherwara,Rajasthan,IN-RJ
313805,313805,Rishabhdeo,Rajasthan,IN-RJ
313901,313902,Sarada,Rajasthan,IN-RJ
313903,313903,Semari,Rajasthan,IN-RJ
313904,313905,Sarada,Rajasthan,IN-RJ
313906,313906,Jhadol,Rajasthan,IN-RJ
314001,314011,Dungarpur,Rajasthan,IN-RJ
314021,314021,Aspur,Rajasthan,IN-RJ
314022,314022,Sabla,Rajasthan,IN-RJ
314023,314023,Aspur,Rajasthan,IN-RJ
314024,314025,Sagwara,Rajasthan,IN-RJ
314026,314026,Galiakot,Rajasthan,IN-RJ
314027,314027,Sagwara,Rajasthan,IN-RJ
314028,314028,Dungarpur,Rajasthan,IN-RJ
314029,314029,Sagwara,Rajasthan,IN-RJ
314030,314030,Chikhali,Rajasthan,IN-RJ
314031,314032,Sagwara,Rajasthan,IN-RJ
314034,314034,Aspur,Rajasthan,IN-RJ
314035,314035,Galiakot,Rajasthan,IN-RJ
314036,314036,Dungarpur,Rajasthan,IN-RJ
314037,314037,Jothari,Rajasthan,IN-RJ
314038,314038,Aspur,Rajasthan,IN-RJ
314401,314401,Sagwara,Rajasthan,IN-RJ
314402,314403,Simalwara,Rajasthan,IN-RJ
314404,314404,Dungarpur,Rajasthan,IN-RJ
314406,314406,Simalwara,Rajasthan,IN-RJ
314801,314804,Bichiwara,Rajasthan,IN-RJ
321001,321021,Bharatpur,Rajasthan,IN-RJ
321022,321023,Kaman,Rajasthan,IN-RJ
321024,321024,Sikari,Rajasthan,IN-RJ
321025,321026,Kumher,Rajasthan,IN-RJ
321028,321028,Nadbai,Rajasthan,IN-RJ
321201,321202,Kumher,Rajasthan,IN-RJ
321203,321203,Deeg,Rajasthan,IN-RJ
321204,321204,Pahari,Rajasthan,IN-RJ
321205,321205,Nagar,Rajasthan,IN-RJ
321206,321206,Deeg,Rajasthan,IN-RJ
321301,321301,Rupbas,Rajasthan,IN-RJ
321302,321302,Ucchain,Rajasthan,IN-RJ
321303,321303,Bharatpur,Rajasthan,IN-RJ
321401,321401,Bayana,Rajasthan,IN-RJ
321402,321404,Rupbas,Rajasthan,IN-RJ
321405,321405,Bayana,Rajasthan,IN-RJ
321406,321407,Bhusawar,Rajasthan,IN-RJ
321408,321408,Weir,Rajasthan,IN-RJ
321409,321409,Bhusawar,Rajasthan,IN-RJ
321410,321411,Bayana,Rajasthan,IN-RJ
321601,321601,Weir,Rajasthan,IN-RJ
321602,321602,Nadbai,Rajasthan,IN-RJ
321605,321605,Kathumar,Rajasthan,IN-RJ
321606,321606,Kherli,Rajasthan,IN-RJ
321607,321607,Lakshmangarh,Rajasthan,IN-RJ
321608,321609,Mahwa,Rajasthan,IN-RJ
321610,321611,Todabhim,Rajasthan,IN-RJ
321612,321613,Mahwa,Rajasthan,IN-RJ
321614,321614,Nadbai,Rajasthan,IN-RJ
321615,321615,Bhusawar,Rajasthan,IN-RJ
321633,321633,Lachhmangarh,Rajasthan,IN-RJ
321642,321642,Weir,Rajasthan,IN-RJ
322001,322001,Sawai Madhopur,Rajasthan,IN-RJ
322021,322021,Deoli,Rajasthan,IN-RJ
322023,322023,Bonli,Rajasthan,IN-RJ
322024,322024,Malarna Doongar,Rajasthan,IN-RJ
322025,322025,Khandar,Rajasthan,IN-RJ
322026,322027,Sawai Madhopur,Rajasthan,IN-RJ
322028,322028,Malarna Doongar,Rajasthan,IN-RJ
322029,322029,Sawai Madhopur,Rajasthan,IN-RJ
322030,322030,Bonli,Rajasthan,IN-RJ
322033,322033,Malarna Doongar,Rajasthan,IN-RJ
322034,322034,Sawai Madhopur,Rajasthan,IN-RJ
322201,322201,Gangapur,Rajasthan,IN-RJ
322202,322203,Sapotra,Rajasthan,IN-RJ
322204,322204,Nadoti,Rajasthan,IN-RJ
322205,322205,Wazeerpur,Rajasthan,IN-RJ
322211,322212,Bamanwas,Rajasthan,IN-RJ
322213,322213,Nadoti,Rajasthan,IN-RJ
322214,322214,Bamanwas,Rajasthan,IN-RJ
322215,322216,Nadoti,Rajasthan,IN-RJ
322218,322218,Sapotra,Rajasthan,IN-RJ
322219,322219,Wazeerpur,Rajasthan,IN-RJ
322220,322236,Hindaun,Rajasthan,IN-RJ
322238,322238,Todabhim,Rajasthan,IN-RJ
322240,322240,Mahwa,Rajasthan,IN-RJ
322241,322241,Karauli,Rajasthan,IN-RJ
322242,322242,Masalpur,Rajasthan,IN-RJ
322243,322243,Karauli,Rajasthan,IN-RJ
322249,322249,Sapotra,Rajasthan,IN-RJ
322251,322251,Mandrayal,Rajasthan,IN-RJ
322252,322252,Hindaun,Rajasthan,IN-RJ
322254,322254,Todabhim,Rajasthan,IN-RJ
322255,322255,Sapotra,Rajasthan,IN-RJ
322701,322704,Chauth Ka Barwara,Rajasthan,IN-RJ
323001,323001,Bundi,Rajasthan,IN-RJ
323021,323022,Talera,Rajasthan,IN-RJ
323023,323026,Hindoli,Rajasthan,IN-RJ
323301,323301,Kapen,Rajasthan,IN-RJ
323303,323307,Rawatbhata,Rajasthan,IN-RJ
323601,323602,Keshorai Patan,Rajasthan,IN-RJ
323603,323603,Lakheri,Rajasthan,IN-RJ
323613,323614,Indragarh,Rajasthan,IN-RJ
323615,323615,Lakheri,Rajasthan,IN-RJ
323616,323802,Nainwa,Rajasthan,IN-RJ
323803,323803,Bundi,Rajasthan,IN-RJ
324001,324010,Kota,Rajasthan,IN-RJ
325001,325001,Kaithoon,Rajasthan,IN-RJ
325003,325003,Ladpura,Rajasthan,IN-RJ
325004,325004,Itawa,Rajasthan,IN-RJ
325009,325009,Pipalda,Rajasthan,IN-RJ
325201,325201,Digod,Rajasthan,IN-RJ
325202,325202,Anta,Rajasthan,IN-RJ
325203,325203,Digod,Rajasthan,IN-RJ
325204,325204,Sultanpur,Rajasthan,IN-RJ
325205,325205,Baran,Rajasthan,IN-RJ
325206,325206,Mangrole,Rajasthan,IN-RJ
325207,325207,Sangod,Rajasthan,IN-RJ
325208,325208,Digod,Rajasthan,IN-RJ
325209,325209,Anta,Rajasthan,IN-RJ
325214,325214,Pipalda,Rajasthan,IN-RJ
325215,325215,Mangrole,Rajasthan,IN-RJ
325216,325216,Kishanganj,Rajasthan,IN-RJ
325217,325217,Shahbad,Rajasthan,IN-RJ
325218,325219,Atru,Rajasthan,IN-RJ
325220,325220,Chhabra,Rajasthan,IN-RJ
325221,325221,Chhipabarod,Rajasthan,IN-RJ
325222,325222,Mangrole,Rajasthan,IN-RJ
325223,325223,Atru,Rajasthan,IN-RJ
325224,325224,Shahbad,Rajasthan,IN-RJ
325601,325601,Sangod,Rajasthan,IN-RJ
325602,325602,Kanwas,Rajasthan,IN-RJ
326001,326001,Jhalawar,Rajasthan,IN-RJ
326021,326021,Asnawar,Rajasthan,IN-RJ
326022,326022,Bakani,Rajasthan,IN-RJ
326023,326023,Jhalrapatan,Rajasthan,IN-RJ
326033,326033,Aklera,Rajasthan,IN-RJ
326034,326034,Pirawa,Rajasthan,IN-RJ
326035,326035,Khanpur,Rajasthan,IN-RJ
326036,326036,Pirawa,Rajasthan,IN-RJ
326037,326037,Manohar Thana,Rajasthan,IN-RJ
326038,326038,Khanpur,Rajasthan,IN-RJ
326039,326039,Aklera,Rajasthan,IN-RJ
326501,326501,Pachpahar,Rajasthan,IN-RJ
326502,326502,Bhawani Mandi,Rajasthan,IN-RJ
326512,326512,Pachpahar,Rajasthan,IN-RJ
326513,326513,Sunel,Rajasthan,IN-RJ
326514,326516,Gangdhar,Rajasthan,IN-RJ
326517,326517,Udpura,Rajasthan,IN-RJ
326518,326518,Chechat,Rajasthan,IN-RJ
326519,326529,Ramganj Mandi,Rajasthan,IN-RJ
326530,326530,Suket,Rajasthan,IN-RJ
327001,327001,Banswara,Rajasthan,IN-RJ
327021,327021,Ganoda,Rajasthan,IN-RJ
327022,327022,Garhi,Rajasthan,IN-RJ
327023,327023,Ghatol,Rajasthan,IN-RJ
327024,327024,Partapur,Rajasthan,IN-RJ
327025,327025,Banswara,Rajasthan,IN-RJ
327026,327027,Ghatol,Rajasthan,IN-RJ
327031,327031,Anandpuri,Rajasthan,IN-RJ
327032,327034,Garhi,Rajasthan,IN-RJ
327601,327601,Bagidora,Rajasthan,IN-RJ
327602,327602,Sajjangarh,Rajasthan,IN-RJ
327603,327604,Bagidora,Rajasthan,IN-RJ
327605,327605,Garhi,Rajasthan,IN-RJ
327606,327606,Sajjangarh,Rajasthan,IN-RJ
327801,327801,Kushlagarh,Rajasthan,IN-RJ
328001,328001,Dhaulpur,Rajasthan,IN-RJ
328021,328021,Bari,Rajasthan,IN-RJ
328022,328022,Baseri,Rajasthan,IN-RJ
328023,328023,Sepau,Rajasthan,IN-RJ
328024,328024,Dhaulpur,Rajasthan,IN-RJ
328025,328025,Rajakhera,Rajasthan,IN-RJ
328026,328026,Sarmathura,Rajasthan,IN-RJ
328027,328027,Baseri,Rajasthan,IN-RJ
328028,328028,Bari,Rajasthan,IN-RJ
328029,328029,Rajakhera,Rajasthan,IN-RJ
328030,328030,Sepau,Rajasthan,IN-RJ
328031,328031,Sarmathura,Rajasthan,IN-RJ
328041,328041,Bari,Rajasthan,IN-RJ
331001,331001,Churu,Rajasthan,IN-RJ
331021,331021,Ratannagar,Rajasthan,IN-RJ
331022,331022,Ratangarh,Rajasthan,IN-RJ
331023,331023,Rajgarh,Rajasthan,IN-RJ
331024,331024,Ramgarh,Rajasthan,IN-RJ
331025,331026,Malsisar,Rajasthan,IN-RJ
331027,331027,Bissau,Rajasthan,IN-RJ
331028,331028,Malsisar,Rajasthan,IN-RJ
331029,331029,Churu,Rajasthan,IN-RJ
331030,331030,Malsisar,Rajasthan,IN-RJ
331031,331031,Churu,Rajasthan,IN-RJ
331301,331301,Rajgarh,Rajasthan,IN-RJ
331302,331302,Taranagar,Rajasthan,IN-RJ
331303,331303,Rajgarh,Rajasthan,IN-RJ
331304,331304,Taranagar,Rajasthan,IN-RJ
331305,331305,Rajgarh,Rajasthan,IN-RJ
331402,331411,Sardarshahar,Rajasthan,IN-RJ
331501,331501,Bidasar,Rajasthan,IN-RJ
331502,331502,Chhpara,Rajasthan,IN-RJ
331503,331503,Bidasar,Rajasthan,IN-RJ
331504,331504,Sardarshahar,Rajasthan,IN-RJ
331505,331507,Sujangarh,Rajasthan,IN-RJ
331517,331517,Bidasar,Rajasthan,IN-RJ
331518,331518,Sujangarh,Rajasthan,IN-RJ
331701,331701,Rajgarh,Rajasthan,IN-RJ
331801,331801,Dungargarh,Rajasthan,IN-RJ
331802,331802,Rajaldesar,Rajasthan,IN-RJ
331803,331803,Sri Dungargarh,Rajasthan,IN-RJ
331811,331811,Dungargarh,Rajasthan,IN-RJ
332001,332001,Sikar,Rajasthan,IN-RJ
332002,332021,Dhod,Rajasthan,IN-RJ
332023,332023,Danta Ramgarh,Rajasthan,IN-RJ
332024,332024,Sikar,Rajasthan,IN-RJ
332025,332025,Losal,Rajasthan,IN-RJ
332026,332026,Lachhmangarh,Rajasthan,IN-RJ
332027,332027,Sikar,Rajasthan,IN-RJ
332028,332028,Dhod,Rajasthan,IN-RJ
332029,332029,Lachhmangarh,Rajasthan,IN-RJ
332030,332042,Dhod,Rajasthan,IN-RJ
332301,332301,Fatehpur,Rajasthan,IN-RJ
332302,332302,Ramgarh Shekawati,Rajasthan,IN-RJ
332303,332303,Fatehpur,Rajasthan,IN-RJ
332304,332304,Ramgarh Shekawati,Rajasthan,IN-RJ
332305,332305,Fatehpur,Rajasthan,IN-RJ
332307,332307,Ramgarh Shekawati,Rajasthan,IN-RJ
332311,332311,Laxmangarh,Rajasthan,IN-RJ
332312,332401,Lachhmangarh,Rajasthan,IN-RJ
332402,332403,Danta Ramgarh,Rajasthan,IN-RJ
332404,332404,Ringas,Rajasthan,IN-RJ
332405,332405,Sikar,Rajasthan,IN-RJ
332406,332406,Danta Ramgarh,Rajasthan,IN-RJ
332411,332411,Khandela,Rajasthan,IN-RJ
332601,332601,Danta Ramgarh,Rajasthan,IN-RJ
332602,332602,Khatushyamji,Rajasthan,IN-RJ
332603,332701,Shrimadhopur,Rajasthan,IN-RJ
332702,332702,Danta Ramgarh,Rajasthan,IN-RJ
332703,332703,Ramgarh,Rajasthan,IN-RJ
332705,332706,Neem Ka Thana,Rajasthan,IN-RJ
332707,332707,Shrimadhopur,Rajasthan,IN-RJ
332708,332709,Khandela,Rajasthan,IN-RJ
332710,332710,Danta Ramgarh,Rajasthan,IN-RJ
332711,332711,Neem Ka Thana,Rajasthan,IN-RJ
332712,332712,Shrimadhopur,Rajasthan,IN-RJ
332713,332714,Neem Ka Thana,Rajasthan,IN-RJ
332715,332715,Shrimadhopur,Rajasthan,IN-RJ
332716,332716,Khetri,Rajasthan,IN-RJ
332718,332718,Neem Ka Thana,Rajasthan,IN-RJ
332719,332719,Shrimadhopur,Rajasthan,IN-RJ
332721,332721,Sikar,Rajasthan,IN-RJ
332722,332722,Khandela,Rajasthan,IN-RJ
332742,332742,Danta Ramgarh,Rajasthan,IN-RJ
332746,332746,Khetri,Rajasthan,IN-RJ
333001,333001,Jhunjhunun,Rajasthan,IN-RJ
333010,333011,Malsisar,Rajasthan,IN-RJ
333012,333012,Udaipurwati,Rajasthan,IN-RJ
333020,333020,Khetri,Rajasthan,IN-RJ
333021,333022,Udaipurwati,Rajasthan,IN-RJ
333023,333023,Bagar,Rajasthan,IN-RJ
333024,333024,Jhunjhunun,Rajasthan,IN-RJ
333025,333028,Chirawa,Rajasthan,IN-RJ
333029,333030,Surajgarh,Rajasthan,IN-RJ
333031,333031,Pilani,Rajasthan,IN-RJ
333032,333032,Udaipurwati,Rajasthan,IN-RJ
333033,333033,Surajgarh,Rajasthan,IN-RJ
333034,333034,Buhana,Rajasthan,IN-RJ
333035,333035,Chirawa,Rajasthan,IN-RJ
333036,333036,Khetri,Rajasthan,IN-RJ
333041,333041,Jhunjhunun,Rajasthan,IN-RJ
333042,333042,Nawalgarh,Rajasthan,IN-RJ
333053,333302,Udaipurwati,Rajasthan,IN-RJ
333303,333305,Nawalgarh,Rajasthan,IN-RJ
333307,333307,Udaipurwati,Rajasthan,IN-RJ
333308,333308,Nawalgarh,Rajasthan,IN-RJ
333501,333501,Khetri,Rajasthan,IN-RJ
333502,333502,Buhana,Rajasthan,IN-RJ
333503,333514,Khetri,Rajasthan,IN-RJ
333515,333517,Buhana,Rajasthan,IN-RJ
333701,333701,Jhunjhunun,Rajasthan,IN-RJ
333702,333702,Nawalgarh,Rajasthan,IN-RJ
333704,333704,Jhunjhunun,Rajasthan,IN-RJ
333705,333705,Mukandgarh,Rajasthan,IN-RJ
333707,333707,Nawalgarh,Rajasthan,IN-RJ
333801,333801,Udaipurwati,Rajasthan,IN-RJ
334001,334006,Bikaner,Rajasthan,IN-RJ
334021,334021,Chhatargarh,Rajasthan,IN-RJ
334022,334022,Bikaner,Rajasthan,IN-RJ
334023,334023,Khajuwala,Rajasthan,IN-RJ
334201,334201,Napasar,Rajasthan,IN-RJ
334202,334202,Bikaner,Rajasthan,IN-RJ
334302,334305,Kolayat,Rajasthan,IN-RJ
334401,334601,Bikaner,Rajasthan,IN-RJ
334602,334604,Lunkaransar,Rajasthan,IN-RJ
334801,334801,Deshnok,Rajasthan,IN-RJ
334802,334804,Nokha,Rajasthan,IN-RJ
334808,334808,Poogal,Rajasthan,IN-RJ
335001,335002,Sri Ganganagar,Rajasthan,IN-RJ
335021,335021,Raisinghnagar,Rajasthan,IN-RJ
335022,335022,Sri Ganganagar,Rajasthan,IN-RJ
335023,335024,Gajsinghpur,Rajasthan,IN-RJ
335025,335025,Sri Ganganagar,Rajasthan,IN-RJ
335027,335027,Kesrisinghpur,Rajasthan,IN-RJ
335037,335037,Sadulsahar,Rajasthan,IN-RJ
335038,335038,Sri Ganganagar,Rajasthan,IN-RJ
335039,335039,Raisinghnagar,Rajasthan,IN-RJ
335040,335040,Karanpur,Rajasthan,IN-RJ
335041,335041,Padampur,Rajasthan,IN-RJ
335051,335051,Raisinghnagar,Rajasthan,IN-RJ
335061,335061,Padampur,Rajasthan,IN-RJ
335062,335062,Sadulsahar,Rajasthan,IN-RJ
335063,335063,Sangaria,Rajasthan,IN-RJ
335064,335064,Hanumangarh,Rajasthan,IN-RJ
335065,335065,Sangaria,Rajasthan,IN-RJ
335073,335073,Karanpur,Rajasthan,IN-RJ
335501,335503,Bhadara,Rajasthan,IN-RJ
335504,335504,Nohar,Rajasthan,IN-RJ
335511,335511,Bhadara,Rajasthan,IN-RJ
335512,335513,Hanumangarh,Rajasthan,IN-RJ
335522,335522,Rawatsar,Rajasthan,IN-RJ
335523,335523,Nohar,Rajasthan,IN-RJ
335524,335524,Rawatsar,Rajasthan,IN-RJ
335525,335526,Tibi,Rajasthan,IN-RJ
335701,335701,Anupgarh,Rajasthan,IN-RJ
335702,335702,Vijainagar,Rajasthan,IN-RJ
335703,335703,Anupgarh,Rajasthan,IN-RJ
335704,335705,Sri Vijaynagar,Rajasthan,IN-RJ
335707,335711,Gharsana,Rajasthan,IN-RJ
335801,335801,Hanumangarh,Rajasthan,IN-RJ
335802,335803,Pilibanga,Rajasthan,IN-RJ
335804,335805,Suratgarh,Rajasthan,IN-RJ
335901,335901,Sri Ganganagar,Rajasthan,IN-RJ
341001,341001,Nagaur,Rajasthan,IN-RJ
341020,341020,Kheenvsar,Rajasthan,IN-RJ
341021,341021,Basni,Rajasthan,IN-RJ
341022,341023,Jayal,Rajasthan,IN-RJ
341024,341024,Kuchera,Rajasthan,IN-RJ
341025,341025,Kheenvsar,Rajasthan,IN-RJ
341026,341026,Mundwa,Rajasthan,IN-RJ
341027,341027,Jayal,Rajasthan,IN-RJ
341028,341028,Mundwa,Rajasthan,IN-RJ
341029,341029,Nagaur,Rajasthan,IN-RJ
341030,341030,Jayal,Rajasthan,IN-RJ
341031,341031,Riyan Badi,Rajasthan,IN-RJ
341301,341301,Degana,Rajasthan,IN-RJ
341302,341303,Didwana,Rajasthan,IN-RJ
341304,341304,Ladnu,Rajasthan,IN-RJ
341305,341305,Didwana,Rajasthan,IN-RJ
341306,341317,Ladnu,Rajasthan,IN-RJ
341318,341319,Didwana,Rajasthan,IN-RJ
341501,341501,Parbatsar,Rajasthan,IN-RJ
341502,341502,Makrana,Rajasthan,IN-RJ
341503,341503,Degana,Rajasthan,IN-RJ
341504,341505,Makrana,Rajasthan,IN-RJ
341506,341506,Didwana,Rajasthan,IN-RJ
341507,341507,Nawa,Rajasthan,IN-RJ
341508,341508,Kuchamancity,Rajasthan,IN-RJ
341509,341509,Nawa,Rajasthan,IN-RJ
341510,341511,Merta,Rajasthan,IN-RJ
341512,341512,Parbatsar,Rajasthan,IN-RJ
341513,341513,Riyan Badi,Rajasthan,IN-RJ
341514,341514,Merta,Rajasthan,IN-RJ
341515,341515,Degana,Rajasthan,IN-RJ
341516,341517,Didwana,Rajasthan,IN-RJ
341518,341518,Riyan Badi,Rajasthan,IN-RJ
341519,341519,Kuchamancity,Rajasthan,IN-RJ
341520,341520,Makrana,Rajasthan,IN-RJ
341533,341533,Nawa,Rajasthan,IN-RJ
341542,341551,Didwana,Rajasthan,IN-RJ
342001,342001,Jodhpur,Rajasthan,IN-RJ
342002,342006,Jodhpur South,Rajasthan,IN-RJ
342007,342007,Jodhpur North,Rajasthan,IN-RJ
342008,342011,Jodhpur South,Rajasthan,IN-RJ
342012,342012,Luni,Rajasthan,IN-RJ
342013,342013,Jodhpur,Rajasthan,IN-RJ
342014,342014,Luni,Rajasthan,IN-RJ
342015,342015,Jodhpur,Rajasthan,IN-RJ
342021,342022,Shergarh,Rajasthan,IN-RJ
342023,342023,Balesar,Rajasthan,IN-RJ
342024,342024,Jodhpur North,Rajasthan,IN-RJ
342025,342025,Shergarh,Rajasthan,IN-RJ
342026,342026,Jodhpur North,Rajasthan,IN-RJ
342027,342027,Jodhpur,Rajasthan,IN-RJ
342028,342028,Shergarh,Rajasthan,IN-RJ
342029,342029,Bawari,Rajasthan,IN-RJ
342030,342030,Jodhpur,Rajasthan,IN-RJ
342037,342037,Bawari,Rajasthan,IN-RJ
342301,342301,Phalodi,Rajasthan,IN-RJ
342302,342302,Lohawat,Rajasthan,IN-RJ
342303,342303,Osian,Rajasthan,IN-RJ
342304,342304,Jodhpur North,Rajasthan,IN-RJ
342305,342306,Tinwari,Rajasthan,IN-RJ
342307,342307,Bap,Rajasthan,IN-RJ
342308,342308,Phalodi,Rajasthan,IN-RJ
342309,342309,Lohawat,Rajasthan,IN-RJ
342310,342310,Kolayat,Rajasthan,IN-RJ
342311,342312,Phalodi,Rajasthan,IN-RJ
342314,342314,Shergarh,Rajasthan,IN-RJ
342601,342601,Pipar,Rajasthan,IN-RJ
342602,342602,Bilara,Rajasthan,IN-RJ
342603,342603,Bhopalgarh,Rajasthan,IN-RJ
342604,342604,Pipar shahar,Rajasthan,IN-RJ
342605,342605,Bilara,Rajasthan,IN-RJ
342606,342606,Pipar shahar,Rajasthan,IN-RJ
342801,342802,Luni,Rajasthan,IN-RJ
342901,342901,Bhopalgarh,Rajasthan,IN-RJ
342902,342902,Merta,Rajasthan,IN-RJ
343001,343021,Jalor,Rajasthan,IN-RJ
343022,343022,Sayla,Rajasthan,IN-RJ
343023,343023,Jaswantpura,Rajasthan,IN-RJ
343024,343025,Jalor,Rajasthan,IN-RJ
343027,343027,Chitalwana,Rajasthan,IN-RJ
343028,343028,Jaswantpura,Rajasthan,IN-RJ
343029,343029,Bhinmal,Rajasthan,IN-RJ
343030,343032,Bagora,Rajasthan,IN-RJ
343039,343040,Raniwara,Rajasthan,IN-RJ
343041,343041,Sanchore,Rajasthan,IN-RJ
343042,343042,Jalor,Rajasthan,IN-RJ
343048,343049,Raniwara,Rajasthan,IN-RJ
344001,344001,Barmer,Rajasthan,IN-RJ
344011,344011,Gadraroad,Rajasthan,IN-RJ
344012,344012,Chohtan,Rajasthan,IN-RJ
344021,344021,Samdari,Rajasthan,IN-RJ
344022,344022,Balotra,Rajasthan,IN-RJ
344024,344027,Pachpadra,Rajasthan,IN-RJ
344031,344031,Gudha Malani,Rajasthan,IN-RJ
344032,344032,Pachpadra,Rajasthan,IN-RJ
344033,344033,Sindhari,Rajasthan,IN-RJ
344034,344034,Baytoo,Rajasthan,IN-RJ
344035,344035,Barmer,Rajasthan,IN-RJ
344037,344037,Gida,Rajasthan,IN-RJ
344043,344044,Siwana,Rajasthan,IN-RJ
344501,344501,Gadraroad,Rajasthan,IN-RJ
344502,344502,Ramsar,Rajasthan,IN-RJ
344701,344701,Sheo,Rajasthan,IN-RJ
344702,344702,Chohtan,Rajasthan,IN-RJ
344703,344703,Barmer,Rajasthan,IN-RJ
344704,344704,Dhorimanna,Rajasthan,IN-RJ
344705,344705,Sheo,Rajasthan,IN-RJ
344706,344706,Sedwa,Rajasthan,IN-RJ
344708,344708,Chohtan,Rajasthan,IN-RJ
344801,344801,Siwana,Rajasthan,IN-RJ
345001,345001,Jaisalmer,Rajasthan,IN-RJ
345021,345021,Pokaran,Rajasthan,IN-RJ
345022,345022,Jaisalmer,Rajasthan,IN-RJ
345023,345023,Pokaran,Rajasthan,IN-RJ
345024,345025,Bhaniyana,Rajasthan,IN-RJ
345026,345026,Pokaran,Rajasthan,IN-RJ
345027,345027,Fatehgarh,Rajasthan,IN-RJ
345028,345028,Pokaran,Rajasthan,IN-RJ
345031,345034,Jaisalmer,Rajasthan,IN-RJ
360001,360003,Rajkot,Gujarat,IN-GJ
360004,360004,Lodhika,Gujarat,IN-GJ
360005,360020,Rajkot,Gujarat,IN-GJ
360021,360021,Lodhika,Gujarat,IN-GJ
360022,360023,Rajkot,Gujarat,IN-GJ
360024,360024,Kotda Sangani,Gujarat,IN-GJ
360025,360025,Rajkot,Gujarat,IN-GJ
360026,360026,Shahpur,Gujarat,IN-GJ
360028,360028,Rajkot,Gujarat,IN-GJ
360030,360030,Kotda Sangani,Gujarat,IN-GJ
360035,360035,Lodhika,Gujarat,IN-GJ
360040,360040,Jasdan,Gujarat,IN-GJ
360045,360045,Gondal,Gujarat,IN-GJ
360050,360050,Jasdan,Gujarat,IN-GJ
360055,360055,Vinchia,Gujarat,IN-GJ
360060,360060,Jasdan,Gujarat,IN-GJ
360070,360070,Kotda Sangani,Gujarat,IN-GJ
360110,360110,Paddhari,Gujarat,IN-GJ
360311,360330,Gondal,Gujarat,IN-GJ
360360,360360,Jetalsar,Gujarat,IN-GJ
360370,360370,Jetpur,Gujarat,IN-GJ
360375,360375,Jetpur-Navagadh,Gujarat,IN-GJ
360380,360380,Jetpur,Gujarat,IN-GJ
360405,360405,Jamkandorna,Gujarat,IN-GJ
360410,360440,Dhoraji,Gujarat,IN-GJ
360450,360450,Bhayavadar,Gujarat,IN-GJ
360452,360452,Jamkandorna,Gujarat,IN-GJ
360460,360460,Upleta,Gujarat,IN-GJ
360465,360465,Gondal,Gujarat,IN-GJ
360470,360470,Upleta,Gujarat,IN-GJ
360480,360480,Jamjodhpur,Gujarat,IN-GJ
360485,360485,Jetpur,Gujarat,IN-GJ
360490,360490,Upleta,Gujarat,IN-GJ
360510,360515,Bhanvad,Gujarat,IN-GJ
360520,360531,Jamjodhpur,Gujarat,IN-GJ
360540,360540,Kalavad,Gujarat,IN-GJ
360545,360550,Ranavav,Gujarat,IN-GJ
360570,360570,Kutiyana,Gujarat,IN-GJ
360575,360576,Porbandar,Gujarat,IN-GJ
360577,360578,Porbandar Chhaya,Gujarat,IN-GJ
360579,360590,Porbandar,Gujarat,IN-GJ
361001,361008,Jamnagar,Gujarat,IN-GJ
361009,361009,Bedi,Gujarat,IN-GJ
361010,361010,Khambhaliya,Gujarat,IN-GJ
361011,361011,Jodiya,Gujarat,IN-GJ
361012,361012,Jamnagar,Gujarat,IN-GJ
361013,361013,Kalavad,Gujarat,IN-GJ
361110,361120,Jamnagar,Gujarat,IN-GJ
361130,361130,Dhrol,Gujarat,IN-GJ
361140,361150,Jamnagar,Gujarat,IN-GJ
361160,361162,Kalavad,Gujarat,IN-GJ
361170,361170,Lalpur,Gujarat,IN-GJ
361210,361220,Dhrol,Gujarat,IN-GJ
361230,361250,Jodiya,Gujarat,IN-GJ
361280,361280,Lalpur,Gujarat,IN-GJ
361305,361306,Khambhaliya,Gujarat,IN-GJ
361310,361310,Salaya,Gujarat,IN-GJ
361315,361320,Kalyanpur,Gujarat,IN-GJ
361325,361325,Jamraval Nagarpalika,Gujarat,IN-GJ
361330,361330,Okhamandal,Gujarat,IN-GJ
361335,361335,Dwarka,Gujarat,IN-GJ
361345,361347,Okhamandal,Gujarat,IN-GJ
361350,361350,Okha,Gujarat,IN-GJ
362001,362015,Junagadh,Gujarat,IN-GJ
362020,362030,Bhesan,Gujarat,IN-GJ
362037,362037,Junagadh,Gujarat,IN-GJ
362110,362110,Bilkha,Gujarat,IN-GJ
362120,362130,Visavadar,Gujarat,IN-GJ
362135,362135,Mendarda,Gujarat,IN-GJ
362140,362150,Talala,Gujarat,IN-GJ
362205,362215,Vanthali,Gujarat,IN-GJ
362220,362220,Keshod,Gujarat,IN-GJ
362222,362222,Vanthali,Gujarat,IN-GJ
362225,362226,Mangrol J,Gujarat,IN-GJ
362227,362227,Keshod,Gujarat,IN-GJ
362230,362230,Porbandar,Gujarat,IN-GJ
362240,362240,Mangrol J,Gujarat,IN-GJ
362245,362245,Malia Hatina,Gujarat,IN-GJ
362250,362250,Chorvad,Gujarat,IN-GJ
362255,362255,Malia Hatina,Gujarat,IN-GJ
362260,362260,Mendarda,Gujarat,IN-GJ
362263,362263,Junagadh,Gujarat,IN-GJ
362265,362268,Veraval,Gujarat,IN-GJ
362275,362275,Sutrapada,Gujarat,IN-GJ
362310,362315,Junagadh,Gujarat,IN-GJ
362510,362510,Delvada,Gujarat,IN-GJ
362520,362520,Diu,Dadra and Nagar Haveli and Daman and Diu,IN-DH
362530,362530,Gir Gadhda,Gujarat,IN-GJ
362540,362540,Diu,Dadra and Nagar Haveli and Daman and Diu,IN-DH
362550,362560,Una G,Gujarat,IN-GJ
362565,362565,Gir Gadhda,Gujarat,IN-GJ
362570,362570,Diu,Dadra and Nagar Haveli and Daman and Diu,IN-DH
362610,362610,Vanthali,Gujarat,IN-GJ
362620,362620,Bantva,Gujarat,IN-GJ
362625,362640,Manavadar,Gujarat,IN-GJ
362650,362650,Kutiyana,Gujarat,IN-GJ
362710,362720,Kodinar,Gujarat,IN-GJ
363001,363035,Surendranagar,Gujarat,IN-GJ
363040,363040,Wadhwan,Gujarat,IN-GJ
363110,363115,Lakhtar,Gujarat,IN-GJ
363310,363320,Dhrangadhra,Gujarat,IN-GJ
363330,363351,Halvad,Gujarat,IN-GJ
363410,363410,Chuda,Gujarat,IN-GJ
363421,363427,Limbdi,Gujarat,IN-GJ
363430,363430,Sayla,Gujarat,IN-GJ
363435,363435,Wadhwan,Gujarat,IN-GJ
363440,363440,Sayla,Gujarat,IN-GJ
363510,363510,Muli,Gujarat,IN-GJ
363520,363520,Chotila,Gujarat,IN-GJ
363530,363530,Thangadh,Gujarat,IN-GJ
363621,363623,Wankaner,Gujarat,IN-GJ
363630,363630,Morvi,Gujarat,IN-GJ
363641,363641,Morbi,Gujarat,IN-GJ
363642,363642,Morvi,Gujarat,IN-GJ
363643,363643,Morbi,Gujarat,IN-GJ
363650,363650,Tankara,Gujarat,IN-GJ
363655,363655,Morvi,Gujarat,IN-GJ
363660,363660,Maliya,Gujarat,IN-GJ
363670,363670,Maliya Miyana,Gujarat,IN-GJ
363745,363750,Dasada,Gujarat,IN-GJ
363755,363760,Bhachau,Gujarat,IN-GJ
363765,363765,Patdi,Gujarat,IN-GJ
363775,363775,Lakhtar,Gujarat,IN-GJ
363780,363780,Dasada,Gujarat,IN-GJ
364001,364050,Bhavnagar,Gujarat,IN-GJ
364060,364060,Vartej,Gujarat,IN-GJ
364070,364070,Bhavnagar,Gujarat,IN-GJ
364081,364081,Talaja,Gujarat,IN-GJ
364110,364120,Ghogha,Gujarat,IN-GJ
364130,364140,Talaja,Gujarat,IN-GJ
364145,364145,Mahuva,Gujarat,IN-GJ
364150,364150,Talaja,Gujarat,IN-GJ
364210,364260,Sihor,Gujarat,IN-GJ
364265,364270,Palitana,Gujarat,IN-GJ
364275,364275,Gariyadhar,Gujarat,IN-GJ
364280,364280,Jesar,Gujarat,IN-GJ
364290,364295,Mahuva,Gujarat,IN-GJ
364310,364310,Vallabhipur,Gujarat,IN-GJ
364313,364313,Bhavnagar,Gujarat,IN-GJ
364320,364320,Dhola,Gujarat,IN-GJ
364330,364330,Umrala,Gujarat,IN-GJ
364505,364505,Gariyadhar,Gujarat,IN-GJ
364510,364510,Jesar,Gujarat,IN-GJ
364515,364530,Savarkundla,Gujarat,IN-GJ
364710,364710,Botad,Gujarat,IN-GJ
364720,364720,Paliyad,Gujarat,IN-GJ
364730,364765,Gadhada,Gujarat,IN-GJ
365220,365220,Damnagar,Gujarat,IN-GJ
365410,365410,Babara,Gujarat,IN-GJ
365421,365421,Babra,Gujarat,IN-GJ
365430,365435,Lathi,Gujarat,IN-GJ
365440,365440,Bagasra,Gujarat,IN-GJ
365450,365450,Kunkavav Vadia,Gujarat,IN-GJ
365455,365455,Amreli,Gujarat,IN-GJ
365456,365456,Bagasra,Gujarat,IN-GJ
365460,365480,Kunkavav Vadia,Gujarat,IN-GJ
365535,365535,Lilia,Gujarat,IN-GJ
365540,365540,Jafarabad,Gujarat,IN-GJ
365541,365541,Rajula,Gujarat,IN-GJ
365550,365550,Khambha,Gujarat,IN-GJ
365555,365560,Rajula,Gujarat,IN-GJ
365601,365620,Amreli,Gujarat,IN-GJ
365630,365630,Chalala,Gujarat,IN-GJ
365635,365635,Khambha,Gujarat,IN-GJ
365640,365645,Dhari,Gujarat,IN-GJ
365650,365650,Khambha,Gujarat,IN-GJ
365730,365730,Jafarabad,Gujarat,IN-GJ
370001,370105,Bhuj,Gujarat,IN-GJ
370110,370130,Anjar,Gujarat,IN-GJ
370135,370155,Bhachau,Gujarat,IN-GJ
370160,370165,Rapar,Gujarat,IN-GJ
370201,370205,Gandhidham,Gujarat,IN-GJ
370210,370210,Kandla,Gujarat,IN-GJ
370230,370240,Gandhidham,Gujarat,IN-GJ
370405,370425,Mundra,Gujarat,IN-GJ
370427,370430,Bhuj,Gujarat,IN-GJ
370435,370475,Mandvi,Gujarat,IN-GJ
370485,370485,Bhuj,Gujarat,IN-GJ
370490,370490,Abdasa,Gujarat,IN-GJ
370510,370510,Bhuj,Gujarat,IN-GJ
370601,370605,Bhachau,Gujarat,IN-GJ
370610,370620,Nakhatrana,Gujarat,IN-GJ
370625,370627,Lakhpat,Gujarat,IN-GJ
370630,370630,Dayapar,Gujarat,IN-GJ
370641,370650,Abdasa,Gujarat,IN-GJ
370655,370655,Naliya,Gujarat,IN-GJ
370660,370660,Abdasa,Gujarat,IN-GJ
370665,370675,Nakhatrana,Gujarat,IN-GJ
380001,380063,Ahmedabad,Gujarat,IN-GJ
382006,382045,Gandhinagar,Gujarat,IN-GJ
382110,382115,Sanand,Gujarat,IN-GJ
382120,382120,Detroj-Rampura,Gujarat,IN-GJ
382122,382122,Kalol Gandhinagar,Gujarat,IN-GJ
382130,382130,Mandal,Gujarat,IN-GJ
382140,382145,Detroj-Rampura,Gujarat,IN-GJ
382150,382150,Viramgam,Gujarat,IN-GJ
382170,382170,Sanand,Gujarat,IN-GJ
382210,382210,Ahmedabad,Gujarat,IN-GJ
382213,382213,Sanand,Gujarat,IN-GJ
382220,382220,Bavla,Gujarat,IN-GJ
382225,382240,Dholka,Gujarat,IN-GJ
382245,382245,Ranpur,Gujarat,IN-GJ
382250,382250,Barwala,Gujarat,IN-GJ
382255,382255,Ranpur,Gujarat,IN-GJ
382260,382265,Dholka,Gujarat,IN-GJ
382305,382305,Dahegam,Gujarat,IN-GJ
382308,382315,Dehgam,Gujarat,IN-GJ
382320,382320,Gandhinagar,Gujarat,IN-GJ
382321,382321,Chhala,Gujarat,IN-GJ
382330,382350,Ahmedabad,Gujarat,IN-GJ
382355,382355,Gandhinagar,Gujarat,IN-GJ
382405,382418,Ahmedabad,Gujarat,IN-GJ
382421,382423,Gandhinagar,Gujarat,IN-GJ
382424,382424,Ahmedabad,Gujarat,IN-GJ
382425,382425,Bareja,Gujarat,IN-GJ
382426,382426,Gandhinagar,Gujarat,IN-GJ
382427,382427,Ahmedabad,Gujarat,IN-GJ
382428,382428,Gandhinagar,Gujarat,IN-GJ
382430,382430,Ahmedabad,Gujarat,IN-GJ
382433,382435,Daskroi,Gujarat,IN-GJ
382443,382445,Ahmedabad,Gujarat,IN-GJ
382449,382449,Daskroi,Gujarat,IN-GJ
382450,382450,Barwala,Gujarat,IN-GJ
382455,382455,Dholera,Gujarat,IN-GJ
382460,382460,Dhandhuka,Gujarat,IN-GJ
382463,382463,Dholera,Gujarat,IN-GJ
382465,382465,Dhandhuka,Gujarat,IN-GJ
382470,382481,Ahmedabad,Gujarat,IN-GJ
382610,382640,Gandhinagar,Gujarat,IN-GJ
382650,382650,Kalol Gandhinagar,Gujarat,IN-GJ
382721,382721,Kalol,Gujarat,IN-GJ
382722,382740,Kalol Gandhinagar,Gujarat,IN-GJ
382810,382855,Mansa G,Gujarat,IN-GJ
383001,383030,Himmatnagar,Gujarat,IN-GJ
383110,383110,Idar,Gujarat,IN-GJ
383120,383210,Prantij,Gujarat,IN-GJ
383215,383215,Talod,Gujarat,IN-GJ
383220,383220,Himmatnagar,Gujarat,IN-GJ
383225,383230,Idar,Gujarat,IN-GJ
383235,383235,Vadali,Gujarat,IN-GJ
383240,383240,Himmatnagar,Gujarat,IN-GJ
383245,383246,Bhiloda,Gujarat,IN-GJ
383250,383250,Modasa,Gujarat,IN-GJ
383251,383251,Bhiloda,Gujarat,IN-GJ
383255,383255,Khedbrahma,Gujarat,IN-GJ
383260,383260,Dhansura,Gujarat,IN-GJ
383270,383275,Khedbrahma,Gujarat,IN-GJ
383276,383276,Modasa,Gujarat,IN-GJ
383305,383305,Talod,Gujarat,IN-GJ
383307,383310,Dhansura,Gujarat,IN-GJ
383315,383320,Modasa,Gujarat,IN-GJ
383325,383330,Bayad,Gujarat,IN-GJ
383335,383335,Malpur,Gujarat,IN-GJ
383340,383340,Bayad,Gujarat,IN-GJ
383345,383345,Malpur,Gujarat,IN-GJ
383350,383350,Meghraj,Gujarat,IN-GJ
383355,383355,Bhiloda,Gujarat,IN-GJ
383410,383421,Idar,Gujarat,IN-GJ
383422,383422,Poshina,Gujarat,IN-GJ
383430,383434,Idar,Gujarat,IN-GJ
383440,383440,Vadali,Gujarat,IN-GJ
383450,383450,Idar,Gujarat,IN-GJ
383460,383462,Vijaynagar,Gujarat,IN-GJ
384001,384012,Mahesana,Gujarat,IN-GJ
384110,384110,Patan,Gujarat,IN-GJ
384120,384120,Visnagar,Gujarat,IN-GJ
384130,384140,Unjha,Gujarat,IN-GJ
384151,384151,Siddhpur,Gujarat,IN-GJ
384160,384170,Unjha,Gujarat,IN-GJ
384220,384230,Chanasma,Gujarat,IN-GJ
384240,384240,Harij,Gujarat,IN-GJ
384241,384241,Shankheshvar,Gujarat,IN-GJ
384245,384245,Sami,Gujarat,IN-GJ
384246,384246,Shankheshvar,Gujarat,IN-GJ
384255,384255,Harij,Gujarat,IN-GJ
384260,384265,Patan,Gujarat,IN-GJ
384272,384272,Saraswati,Gujarat,IN-GJ
384275,384275,Patan,Gujarat,IN-GJ
384285,384285,Saraswati,Gujarat,IN-GJ
384290,384290,Siddhpur,Gujarat,IN-GJ
384305,384320,Visnagar,Gujarat,IN-GJ
384325,384325,Kheralu,Gujarat,IN-GJ
384330,384330,Satlasana,Gujarat,IN-GJ
384335,384335,Vadnagar,Gujarat,IN-GJ
384340,384340,Satlasana,Gujarat,IN-GJ
384345,384355,Vadnagar,Gujarat,IN-GJ
384360,384360,Satlasana,Gujarat,IN-GJ
384410,384410,Mahesana,Gujarat,IN-GJ
384412,384415,Becharaji,Gujarat,IN-GJ
384421,384430,Jotana,Gujarat,IN-GJ
384435,384435,Mahesana,Gujarat,IN-GJ
384440,384450,Kadi,Gujarat,IN-GJ
384455,384470,Mahesana,Gujarat,IN-GJ
384515,384570,Vijapur,Gujarat,IN-GJ
385001,385010,Palanpur,Gujarat,IN-GJ
385110,385120,Danta,Gujarat,IN-GJ
385130,385135,Amirgadh,Gujarat,IN-GJ
385210,385210,Vadgam,Gujarat,IN-GJ
385310,385310,Dhanera,Gujarat,IN-GJ
385320,385320,Bhabhar,Gujarat,IN-GJ
385330,385330,Deodar,Gujarat,IN-GJ
385340,385340,Radhanpur,Gujarat,IN-GJ
385350,385360,Santalpur,Gujarat,IN-GJ
385410,385421,Vadgam,Gujarat,IN-GJ
385505,385506,Dantiwada,Gujarat,IN-GJ
385510,385515,Palanpur,Gujarat,IN-GJ
385520,385520,Kanodar,Gujarat,IN-GJ
385530,385540,Deesa,Gujarat,IN-GJ
385545,385545,Dhanera,Gujarat,IN-GJ
385550,385550,Kankrej,Gujarat,IN-GJ
385555,385555,Thara,Gujarat,IN-GJ
385560,385560,Un,Gujarat,IN-GJ
385565,385565,Tharad,Gujarat,IN-GJ
385566,385566,Vav,Gujarat,IN-GJ
385570,385570,Suigam,Gujarat,IN-GJ
385575,385575,Vav,Gujarat,IN-GJ
387001,387003,Nadiad,Gujarat,IN-GJ
387110,387110,Mehmedabad,Gujarat,IN-GJ
387115,387115,Nadiad,Gujarat,IN-GJ
387120,387120,Kheda,Gujarat,IN-GJ
387130,387130,Mahemdabad,Gujarat,IN-GJ
387210,387220,Sojitra,Gujarat,IN-GJ
387230,387230,Vaso,Gujarat,IN-GJ
387240,387240,Sojitra,Gujarat,IN-GJ
387305,387305,Mahudha,Gujarat,IN-GJ
387310,387310,Boriyavi,Gujarat,IN-GJ
387315,387315,Chaklasi,Gujarat,IN-GJ
387320,387320,Nadiad,Gujarat,IN-GJ
387325,387325,Kanjari,Gujarat,IN-GJ
387330,387330,Nadiad,Gujarat,IN-GJ
387335,387340,Mahudha,Gujarat,IN-GJ
387345,387345,Nadiad,Gujarat,IN-GJ
387350,387350,Vaso,Gujarat,IN-GJ
387355,387360,Nadiad,Gujarat,IN-GJ
387365,387365,Kapadwanj,Gujarat,IN-GJ
387370,387370,Nadiad,Gujarat,IN-GJ
387375,387375,Petlad,Gujarat,IN-GJ
387380,387380,Vasa,Gujarat,IN-GJ
387411,387411,Kheda,Gujarat,IN-GJ
387430,387430,Mehmedabad,Gujarat,IN-GJ
387510,387530,Matar,Gujarat,IN-GJ
387540,387570,Kheda,Gujarat,IN-GJ
387610,387610,Kathlal,Gujarat,IN-GJ
387620,387620,Kapadwanj,Gujarat,IN-GJ
387630,387640,Kathlal,Gujarat,IN-GJ
387650,387650,Kapadwanj,Gujarat,IN-GJ
387710,387710,Vaso,Gujarat,IN-GJ
388001,388110,Anand,Gujarat,IN-GJ
388120,388120,Vallabh Vidyanagar,Gujarat,IN-GJ
388121,388121,Karamsad,Gujarat,IN-GJ
388130,388130,Petlad,Gujarat,IN-GJ
388140,388140,Borsad,Gujarat,IN-GJ
388150,388160,Petlad,Gujarat,IN-GJ
388170,388170,Khambhat,Gujarat,IN-GJ
388180,388180,Tarapur,Gujarat,IN-GJ
388205,388205,Umreth,Gujarat,IN-GJ
388210,388210,Ode,Gujarat,IN-GJ
388215,388215,Thasra,Gujarat,IN-GJ
388220,388220,Umreth,Gujarat,IN-GJ
388225,388225,Dakor,Gujarat,IN-GJ
388230,388230,Thasra,Gujarat,IN-GJ
388235,388245,Galteshwar,Gujarat,IN-GJ
388250,388250,Thasra,Gujarat,IN-GJ
388255,388255,Balasinor,Gujarat,IN-GJ
388260,388260,Virpur,Gujarat,IN-GJ
388265,388265,Balasinor,Gujarat,IN-GJ
388270,388270,Lunavada,Gujarat,IN-GJ
388305,388306,Anand,Gujarat,IN-GJ
388307,388307,Anklav,Gujarat,IN-GJ
388310,388320,Anand,Gujarat,IN-GJ
388325,388325,Karamsad,Gujarat,IN-GJ
388330,388340,Anand,Gujarat,IN-GJ
388345,388345,Karamsad,Gujarat,IN-GJ
388350,388370,Anand,Gujarat,IN-GJ
388410,388450,Petlad,Gujarat,IN-GJ
388460,388460,Sojitra,Gujarat,IN-GJ
388465,388480,Petlad,Gujarat,IN-GJ
388510,388520,Anklav,Gujarat,IN-GJ
388530,388590,Borsad,Gujarat,IN-GJ
388610,388610,Dhuwaran,Gujarat,IN-GJ
388620,388640,Khambhat,Gujarat,IN-GJ
388710,388713,Godhra,Gujarat,IN-GJ
389001,389002,Godhra,Gujarat,IN-GJ
389110,389120,Morwa,Gujarat,IN-GJ
389130,389130,Devgadhbariya,Gujarat,IN-GJ
389140,389146,Limkheda,Gujarat,IN-GJ
389151,389151,Dahod,Gujarat,IN-GJ
389152,389152,Garbada,Gujarat,IN-GJ
389154,389154,Dohad,Gujarat,IN-GJ
389155,389155,Garbada,Gujarat,IN-GJ
389160,389160,Dohad,Gujarat,IN-GJ
389170,389170,Jhalod,Gujarat,IN-GJ
389172,389172,Fatepura,Gujarat,IN-GJ
389175,389175,Sanjeli,Gujarat,IN-GJ
389180,389180,Jhalod,Gujarat,IN-GJ
389190,389190,Fatepura,Gujarat,IN-GJ
389210,389210,Shahera,Gujarat,IN-GJ
389220,389230,Lunavada,Gujarat,IN-GJ
389232,389232,Khanpur,Gujarat,IN-GJ
389235,389235,Lunavada,Gujarat,IN-GJ
389250,389250,Kadana,Gujarat,IN-GJ
389260,389260,Santrampur,Gujarat,IN-GJ
389265,389265,Kadana,Gujarat,IN-GJ
389310,389310,Kaalol,Gujarat,IN-GJ
389320,389320,Kalol,Gujarat,IN-GJ
389330,389330,Kaalol,Gujarat,IN-GJ
389340,389340,Vejalpur,Gujarat,IN-GJ
389341,389341,Kaalol,Gujarat,IN-GJ
389350,389360,Halol,Gujarat,IN-GJ
389365,389365,Ghoghamba,Gujarat,IN-GJ
389370,389370,Shivrajpur,Gujarat,IN-GJ
389380,389380,Devgadhbariya,Gujarat,IN-GJ
389382,389382,Dhanpur,Gujarat,IN-GJ
389390,389390,Jambughoda,Gujarat,IN-GJ
390001,390025,Vadodara,Gujarat,IN-GJ
391101,391101,Vadodara,Gujarat,IN-GJ
391105,391105,Sinor,Gujarat,IN-GJ
391107,391110,Dabhoi,Gujarat,IN-GJ
391115,391115,Sinor,Gujarat,IN-GJ
391120,391120,Tilakwada,Gujarat,IN-GJ
391125,391125,Bodeli,Gujarat,IN-GJ
391130,391130,Sankheda,Gujarat,IN-GJ
391135,391140,Bodeli,Gujarat,IN-GJ
391145,391145,Sankheda,Gujarat,IN-GJ
391150,391152,Nasvadi,Gujarat,IN-GJ
391156,391156,Chhota Udepur,Gujarat,IN-GJ
391160,391160,Jetpur,Gujarat,IN-GJ
391165,391165,Chhota Udepur,Gujarat,IN-GJ
391168,391168,Kavant,Gujarat,IN-GJ
391170,391170,Kawant,Gujarat,IN-GJ
391210,391220,Dabhoi,Gujarat,IN-GJ
391240,391240,Karjan,Gujarat,IN-GJ
391243,391243,Vadodara,Gujarat,IN-GJ
391244,391244,Karjan,Gujarat,IN-GJ
391250,391250,Sinor,Gujarat,IN-GJ
391310,391410,Vadodara,Gujarat,IN-GJ
391421,391450,Padra,Gujarat,IN-GJ
391510,391510,Vaghodia,Gujarat,IN-GJ
391520,391520,Savli,Gujarat,IN-GJ
391530,391530,Desar,Gujarat,IN-GJ
391740,391750,Vadodara,Gujarat,IN-GJ
391760,391761,Vaghodia,Gujarat,IN-GJ
391770,391770,Savli,Gujarat,IN-GJ
391774,391774,Desar,Gujarat,IN-GJ
391775,391780,Savli,Gujarat,IN-GJ
391810,391810,Jambusar,Gujarat,IN-GJ
392001,392020,Bharuch,Gujarat,IN-GJ
392025,392025,Amod,Gujarat,IN-GJ
392030,392030,Bharuch,Gujarat,IN-GJ
392035,392035,Amod,Gujarat,IN-GJ
392040,392040,Jambusar,Gujarat,IN-GJ
392110,392110,Amod,Gujarat,IN-GJ
392130,392140,Vagra,Gujarat,IN-GJ
392150,392155,Jambusar,Gujarat,IN-GJ
392160,392160,Bharuch,Gujarat,IN-GJ
392165,392165,Vagra,Gujarat,IN-GJ
392170,392180,Jambusar,Gujarat,IN-GJ
392210,392220,Bharuch,Gujarat,IN-GJ
392230,392230,Amod,Gujarat,IN-GJ
392240,392240,Bharuch,Gujarat,IN-GJ
392310,392310,Karjan,Gujarat,IN-GJ
393001,393010,Ankleshwar,Gujarat,IN-GJ
393017,393017,Jhagadia,Gujarat,IN-GJ
393020,393020,Anklesvar,Gujarat,IN-GJ
393025,393025,Sagbara,Gujarat,IN-GJ
393030,393030,Hansot,Gujarat,IN-GJ
393040,393041,Dediapada,Gujarat,IN-GJ
393050,393050,Sagbara,Gujarat,IN-GJ
393105,393105,Karjan,Gujarat,IN-GJ
393110,393120,Jhagadia,Gujarat,IN-GJ
393125,393125,Valia,Gujarat,IN-GJ
393130,393130,Netrang,Gujarat,IN-GJ
393135,393135,Valia,Gujarat,IN-GJ
393140,393140,Nandod,Gujarat,IN-GJ
393145,393145,Rajpipla,Gujarat,IN-GJ
393150,393150,Nandod,Gujarat,IN-GJ
393151,393151,Garudeshwar,Gujarat,IN-GJ
394101,394105,Surat,Gujarat,IN-GJ
394107,394107,Amroli,Gujarat,IN-GJ
394110,394110,Olpad,Gujarat,IN-GJ
394111,394111,Surat,Gujarat,IN-GJ
394112,394112,Mangrol,Gujarat,IN-GJ
394115,394115,Anklesvar,Gujarat,IN-GJ
394120,394120,Kosamba,Gujarat,IN-GJ
394125,394125,Mangrol,Gujarat,IN-GJ
394130,394130,Olpad,Gujarat,IN-GJ
394140,394140,Mandvi S,Gujarat,IN-GJ
394150,394150,Kathor,Gujarat,IN-GJ
394155,394170,Mandvi S,Gujarat,IN-GJ
394180,394190,Kamrej,Gujarat,IN-GJ
394210,394221,Surat,Gujarat,IN-GJ
394230,394230,Sachin,Gujarat,IN-GJ
394235,394235,Chorasi,Gujarat,IN-GJ
394240,394240,Mahuva,Gujarat,IN-GJ
394245,394245,Navsari,Gujarat,IN-GJ
394246,394250,Mahuva,Gujarat,IN-GJ
394270,394270,Chorasi,Gujarat,IN-GJ
394305,394317,Palsana,Gujarat,IN-GJ
394320,394320,Kamrej,Gujarat,IN-GJ
394325,394325,Palsana,Gujarat,IN-GJ
394326,394326,Kamrej,Gujarat,IN-GJ
394327,394327,Kadodara,Gujarat,IN-GJ
394330,394330,Kamrej,Gujarat,IN-GJ
394335,394335,Kadod,Gujarat,IN-GJ
394340,394350,Bardoli,Gujarat,IN-GJ
394352,394352,Palsana,Gujarat,IN-GJ
394355,394360,Bardoli,Gujarat,IN-GJ
394365,394365,Vyara,Gujarat,IN-GJ
394370,394370,Nizar,Gujarat,IN-GJ
394375,394375,Uchchhal,Gujarat,IN-GJ
394380,394380,Nizar,Gujarat,IN-GJ
394405,394440,Mangrol,Gujarat,IN-GJ
394445,394445,Umarpada,Gujarat,IN-GJ
394510,394510,Surat,Gujarat,IN-GJ
394515,394518,Chorasi,Gujarat,IN-GJ
394520,394541,Olpad,Gujarat,IN-GJ
394550,394550,Surat,Gujarat,IN-GJ
394601,394620,Bardoli,Gujarat,IN-GJ
394630,394633,Vyara,Gujarat,IN-GJ
394635,394635,Bansda,Gujarat,IN-GJ
394640,394640,Valod,Gujarat,IN-GJ
394641,394651,Vyara,Gujarat,IN-GJ
394652,394652,Songadh,Gujarat,IN-GJ
394655,394655,Vyara,Gujarat,IN-GJ
394660,394680,Songadh,Gujarat,IN-GJ
394690,394690,Valod,Gujarat,IN-GJ
394710,394710,Ahwa,Gujarat,IN-GJ
394715,394715,Waghai,Gujarat,IN-GJ
394716,394716,Subir,Gujarat,IN-GJ
394720,394720,Ahwa,Gujarat,IN-GJ
394730,394730,Waghai,Gujarat,IN-GJ
394810,394810,Hansot,Gujarat,IN-GJ
395001,395023,Surat,Gujarat,IN-GJ
396001,396002,Valsad,Gujarat,IN-GJ
396007,396007,Parnera,Gujarat,IN-GJ
396020,396035,Valsad,Gujarat,IN-GJ
396040,396040,Khergam,Gujarat,IN-GJ
396045,396045,Valsad,Gujarat,IN-GJ
396050,396051,Dharampur,Gujarat,IN-GJ
396055,396055,Valsad,Gujarat,IN-GJ
396060,396060,Chikhli,Gujarat,IN-GJ
396065,396067,Kaprada,Gujarat,IN-GJ
396105,396105,Umbergaon,Gujarat,IN-GJ
396110,396110,Bilimora,Gujarat,IN-GJ
396115,396115,Pardi,Gujarat,IN-GJ
396120,396120,Umbergaon,Gujarat,IN-GJ
396125,396125,Pardi,Gujarat,IN-GJ
396126,396126,Kaprada,Gujarat,IN-GJ
396130,396140,Umbergaon,Gujarat,IN-GJ
396145,396145,Pardi,Gujarat,IN-GJ
396150,396165,Umbergaon,Gujarat,IN-GJ
396170,396171,Umargam,Gujarat,IN-GJ
396180,396185,Pardi,Gujarat,IN-GJ
396191,396191,Vapi,Gujarat,IN-GJ
396193,396193,Silvassa,Dadra and Nagar Haveli and Daman and Diu,IN-DH
396195,396195,Vapi,Gujarat,IN-GJ
396210,396220,Daman,Dadra and Nagar Haveli and Daman and Diu,IN-DH
396230,396235,Silvassa,Dadra and Nagar Haveli and Daman and Diu,IN-DH
396240,396240,Valsad,Gujarat,IN-GJ
396310,396325,Bilimora,Gujarat,IN-GJ
396350,396370,Gandevi,Gujarat,IN-GJ
396375,396375,Valsad,Gujarat,IN-GJ
396380,396380,Bilimora,Gujarat,IN-GJ
396385,396385,Valsad,Gujarat,IN-GJ
396403,396403,Jalalpore,Gujarat,IN-GJ
396406,396406,Abrama,Gujarat,IN-GJ
396409,396409,Chikhli,Gujarat,IN-GJ
396412,396415,Jalalpore,Gujarat,IN-GJ
396418,396427,Navsari,Gujarat,IN-GJ
396430,396430,Gandevi,Gujarat,IN-GJ
396433,396433,Navsari,Gujarat,IN-GJ
396436,396440,Jalalpore,Gujarat,IN-GJ
396445,396450,Navsari,Gujarat,IN-GJ
396460,396460,Jalalpore,Gujarat,IN-GJ
396463,396469,Navsari,Gujarat,IN-GJ
396472,396475,Jalalpore,Gujarat,IN-GJ
396510,396510,Mahuva,Gujarat,IN-GJ
396521,396570,Chikhli,Gujarat,IN-GJ
396580,396580,Vansada,Gujarat,IN-GJ
396590,396590,Bansda,Gujarat,IN-GJ
400001,400104,Mumbai,Maharashtra,IN-MH
400601,400612,Thane,Maharashtra,IN-MH
400614,400614,Navi Mumbai,Maharashtra,IN-MH
400615,400615,Thane,Maharashtra,IN-MH
400701,400701,Navi Mumbai,Maharashtra,IN-MH
400702,400702,Uran,Maharashtra,IN-MH
400703,400703,Navi Mumbai,Maharashtra,IN-MH
400704,400704,Uran,Maharashtra,IN-MH
400705,400706,Navi Mumbai,Maharashtra,IN-MH
400707,400707,Uran,Maharashtra,IN-MH
400708,400708,Airoli,Maharashtra,IN-MH
400709,400710,Navi Mumbai,Maharashtra,IN-MH
401101,401101,Mira-Bhayandar,Maharashtra,IN-MH
401102,401102,Palghar,Maharashtra,IN-MH
401103,401103,Dahanu,Maharashtra,IN-MH
401105,401107,Mira-Bhayandar,Maharashtra,IN-MH
401201,401203,Vasai-Virar,Maharashtra,IN-MH
401204,401206,Bhiwandi,Maharashtra,IN-MH
401207,401301,Vasai-Virar,Maharashtra,IN-MH
401302,401302,Vasai,Maharashtra,IN-MH
401303,401303,Virar,Maharashtra,IN-MH
401304,401304,Vasai-Virar,Maharashtra,IN-MH
401305,401305,Virar,Maharashtra,IN-MH
401401,401402,Palghar,Maharashtra,IN-MH
401403,401403,Manor,Maharashtra,IN-MH
401404,401405,Palghar,Maharashtra,IN-MH
401501,401501,Boisar,Maharashtra,IN-MH
401502,401502,Tarapur,Maharashtra,IN-MH
401503,401503,Chinchani,Maharashtra,IN-MH
401504,401504,Palghar,Maharashtra,IN-MH
401506,401506,Boisar,Maharashtra,IN-MH
401601,401602,Dahanu,Maharashtra,IN-MH
401603,401603,Jawhar,Maharashtra,IN-MH
401604,401604,Mokhada,Maharashtra,IN-MH
401605,401605,Vikramgad Nagarpanchayat,Maharashtra,IN-MH
401606,401606,Talasari,Maharashtra,IN-MH
401607,401607,Dahanu,Maharashtra,IN-MH
401608,401608,Dahanu Muncipal,Maharashtra,IN-MH
401701,401701,Talasari,Maharashtra,IN-MH
401702,401703,Dahanu,Maharashtra,IN-MH
402101,402101,Mhasla,Maharashtra,IN-MH
402102,402102,Mahad,Maharashtra,IN-MH
402103,402103,Goregaon,Maharashtra,IN-MH
402104,402104,Mangaon,Maharashtra,IN-MH
402105,402105,Mhasla,Maharashtra,IN-MH
402106,402106,Nagothana,Maharashtra,IN-MH
402107,402107,Pen,Maharashtra,IN-MH
402108,402108,Alibag,Maharashtra,IN-MH
402109,402109,Roha,Maharashtra,IN-MH
402110,402110,Shriwardhan,Maharashtra,IN-MH
402111,402112,Tala,Maharashtra,IN-MH
402113,402114,Shriwardhan,Maharashtra,IN-MH
402115,402115,Mahad,Maharashtra,IN-MH
402116,402116,Roha,Maharashtra,IN-MH
402117,402122,Mangaon,Maharashtra,IN-MH
402125,402125,Pen,Maharashtra,IN-MH
402126,402126,Roha,Maharashtra,IN-MH
402201,402201,Alibag,Maharashtra,IN-MH
402202,402202,Revadanda,Maharashtra,IN-MH
402203,402209,Alibag,Maharashtra,IN-MH
402301,402302,Mahad,Maharashtra,IN-MH
402303,402303,Poladpur,Maharashtra,IN-MH
402304,402304,Roha,Maharashtra,IN-MH
402305,402307,Mahad,Maharashtra,IN-MH
402308,402308,Mangaon,Maharashtra,IN-MH
402309,402309,Mahad,Maharashtra,IN-MH
402401,402401,Murud,Maharashtra,IN-MH
402402,402404,Shriwardhan,Maharashtra,IN-MH
403001,403102,Panaji,Goa,IN-GA
403103,403103,Ponda,Goa,IN-GA
403104,403104,Panaji,Goa,IN-GA
403105,403105,Palle,Goa,IN-GA
403106,403106,Jua,Goa,IN-GA
403107,403107,Ponda,Goa,IN-GA
403108,403108,Goa Velha,Goa,IN-GA
403109,403114,Panaji,Goa,IN-GA
403115,403115,Ponda,Goa,IN-GA
403201,403206,Panaji,Goa,IN-GA
403401,403401,Ponda,Goa,IN-GA
403402,403403,Panaji,Goa,IN-GA
403404,403404,Ponda,Goa,IN-GA
403406,403406,Bicholim,Goa,IN-GA
403409,403409,Ponda,Goa,IN-GA
403410,403410,Dharbandora,Goa,IN-GA
403501,403501,Serula,Goa,IN-GA
403502,403503,Mapusa,Goa,IN-GA
403504,403504,Bicholim,Goa,IN-GA
403505,403505,Sanquelim,Goa,IN-GA
403506,403506,Valpoi,Goa,IN-GA
403507,403507,Mapusa,Goa,IN-GA
403508,403508,Aldona,Goa,IN-GA
403509,403509,Vagator,Goa,IN-GA
403510,403510,Guirim,Goa,IN-GA
403511,403511,Saligao,Goa,IN-GA
403512,403512,Pernem,Goa,IN-GA
403513,403513,Colovale,Goa,IN-GA
403515,403515,Candolim,Goa,IN-GA
403516,403516,Calangute,Goa,IN-GA
403517,403517,Solim,Goa,IN-GA
403521,403521,Panaji,Goa,IN-GA
403523,403523,Mapusa,Goa,IN-GA
403524,403524,Arambol,Goa,IN-GA
403526,403526,Mapusa,Goa,IN-GA
403527,403527,Pernem,Goa,IN-GA
403529,403529,Bicholim,Goa,IN-GA
403530,403530,Valpoi,Goa,IN-GA
403601,403701,Margao,Goa,IN-GA
403702,403702,Canacona,Goa,IN-GA
403703,403703,Cuncolim,Goa,IN-GA
403704,403704,Sanguem,Goa,IN-GA
403705,403705,Quepem,Goa,IN-GA
403706,403706,Curchorem,Goa,IN-GA
403707,403707,Margao,Goa,IN-GA
403708,403708,Colva,Goa,IN-GA
403709,403709,Margao,Goa,IN-GA
403710,403710,Cortalim,Goa,IN-GA
403711,403711,Chicalim,Goa,IN-GA
403712,403712,Vasco da Gama,Goa,IN-GA
403713,403714,Margao,Goa,IN-GA
403715,403715,Chinchinim,Goa,IN-GA
403716,403716,Benaulim,Goa,IN-GA
403717,403719,Margao,Goa,IN-GA
403720,403720,Raia,Goa,IN-GA
403721,403721,Varca,Goa,IN-GA
403722,403725,Margao,Goa,IN-GA
403726,403726,Sancoale,Goa,IN-GA
403728,403728,Canacona,Goa,IN-GA
403729,403729,Margao,Goa,IN-GA
403731,403731,Cavelossim,Goa,IN-GA
403801,403806,Vasco da Gama,Goa,IN-GA
410101,410101,Neral,Maharashtra,IN-MH
410102,410102,Matheran,Maharashtra,IN-MH
410201,410201,Karjat,Maharashtra,IN-MH
410202,410202,Khalapur Nagarpanchayat,Maharashtra,IN-MH
410203,410204,Khopoli,Maharashtra,IN-MH
410205,410205,Sudhagad,Maharashtra,IN-MH
410206,410206,Panvel,Maharashtra,IN-MH
410207,410207,Khalapur,Maharashtra,IN-MH
410208,410210,Panvel,Maharashtra,IN-MH
410216,410216,Khopoli,Maharashtra,IN-MH
410218,410218,Panvel,Maharashtra,IN-MH
410220,410220,Khalapur,Maharashtra,IN-MH
410221,410221,Panvel,Maharashtra,IN-MH
410222,410222,Khalapur,Maharashtra,IN-MH
410301,410301,Lonavla,Maharashtra,IN-MH
410302,410302,Mawal,Maharashtra,IN-MH
410401,410401,Lonavla,Maharashtra,IN-MH
410402,410402,Mawal,Maharashtra,IN-MH
410403,410403,Lonavla,Maharashtra,IN-MH
410405,410406,Mawal,Maharashtra,IN-MH
410501,410501,Chakan,Maharashtra,IN-MH
410502,410502,Junnar,Maharashtra,IN-MH
410503,410503,Manchar,Maharashtra,IN-MH
410504,410504,Junnar,Maharashtra,IN-MH
410505,410505,Rajguru Nagar,Maharashtra,IN-MH
410506,410507,Talegaon Dabhade,Maharashtra,IN-MH
410508,410510,Ambegaon,Maharashtra,IN-MH
410511,410511,Junnar,Maharashtra,IN-MH
410512,410512,Ambegaon,Maharashtra,IN-MH
410513,410513,Khed,Maharashtra,IN-MH
410515,410515,Kalamb,Maharashtra,IN-MH
410516,410516,Ambegaon,Maharashtra,IN-MH
411001,411016,Pune,Maharashtra,IN-MH
411017,411019,Pimpri-Chinchwad,Maharashtra,IN-MH
411020,411023,Pune,Maharashtra,IN-MH
411024,411024,Kharakvasla,Maharashtra,IN-MH
411025,411025,Pune,Maharashtra,IN-MH
411026,411026,Pimpri-Chinchwad,Maharashtra,IN-MH
411027,411032,Pune,Maharashtra,IN-MH
411033,411035,Pimpri-Chinchwad,Maharashtra,IN-MH
411036,411038,Pune,Maharashtra,IN-MH
411039,411039,Pimpri-Chinchwad,Maharashtra,IN-MH
411040,411043,Pune,Maharashtra,IN-MH
411044,411044,Pimpri-Chinchwad,Maharashtra,IN-MH
411045,411052,Pune,Maharashtra,IN-MH
411057,411057,Paud,Maharashtra,IN-MH
411058,411060,Pune,Maharashtra,IN-MH
411061,411062,Pimpri-Chinchwad,Maharashtra,IN-MH
411067,411069,Pune,Maharashtra,IN-MH
412101,412101,Pune,Maharashtra,IN-MH
412102,412102,Purandhar,Maharashtra,IN-MH
412103,412103,Baramati,Maharashtra,IN-MH
412104,412104,Purandhar,Maharashtra,IN-MH
412105,412105,Khed,Maharashtra,IN-MH
412106,412106,Vadgaon,Maharashtra,IN-MH
412107,412107,Velhe,Maharashtra,IN-MH
412108,412108,Paud,Maharashtra,IN-MH
412109,412109,Dehu,Maharashtra,IN-MH
412110,412110,Pune,Maharashtra,IN-MH
412112,412115,Paud,Maharashtra,IN-MH
412201,412202,Pune,Maharashtra,IN-MH
412203,412203,Daund,Maharashtra,IN-MH
412204,412204,Baramati,Maharashtra,IN-MH
412205,412206,Bhor,Maharashtra,IN-MH
412207,412207,Pune,Maharashtra,IN-MH
412208,412209,Sirur,Maharashtra,IN-MH
412210,412210,Shirur Pune,Maharashtra,IN-MH
412211,412211,Sirur,Maharashtra,IN-MH
412212,412213,Velhe,Maharashtra,IN-MH
412214,412215,Daund,Maharashtra,IN-MH
412216,412216,Pune,Maharashtra,IN-MH
412218,412218,Sirur,Maharashtra,IN-MH
412219,412219,Daund,Maharashtra,IN-MH
412220,412220,Sirur,Maharashtra,IN-MH
412301,412301,Sasvad,Maharashtra,IN-MH
412303,412303,Jejuri,Maharashtra,IN-MH
412304,412304,Baramati,Maharashtra,IN-MH
412305,412305,Purandhar,Maharashtra,IN-MH
412306,412306,Baramati,Maharashtra,IN-MH
412307,412308,Pune,Maharashtra,IN-MH
412311,412312,Purandhar,Maharashtra,IN-MH
412401,412401,Junnar,Maharashtra,IN-MH
412402,412402,Khed,Maharashtra,IN-MH
412403,412403,Sirur,Maharashtra,IN-MH
412404,412404,Khed,Maharashtra,IN-MH
412405,412408,Ambegaon,Maharashtra,IN-MH
412409,412412,Junnar,Maharashtra,IN-MH
412801,412801,Shirwal,Maharashtra,IN-MH
412802,412802,Khandala,Maharashtra,IN-MH
412803,412804,Wai,Maharashtra,IN-MH
412805,412805,Panchgani,Maharashtra,IN-MH
412806,412806,Mahabalehwar,Maharashtra,IN-MH
413001,413008,Solapur,Maharashtra,IN-MH
413101,413101,Akluj,Maharashtra,IN-MH
413102,413102,Baramati,Maharashtra,IN-MH
413103,413104,Indapur,Maharashtra,IN-MH
413105,413105,Daund,Maharashtra,IN-MH
413106,413106,Indapur,Maharashtra,IN-MH
413107,413108,Malshiras,Maharashtra,IN-MH
413109,413109,Natepute,Maharashtra,IN-MH
413110,413110,Baramati,Maharashtra,IN-MH
413111,413113,Malshiras,Maharashtra,IN-MH
413114,413114,Indapur,Maharashtra,IN-MH
413115,413115,Malegaon,Maharashtra,IN-MH
413116,413116,Baramati,Maharashtra,IN-MH
413118,413118,Malshiras,Maharashtra,IN-MH
413120,413120,Indapur,Maharashtra,IN-MH
413130,413130,Bhigvan,Maharashtra,IN-MH
413132,413132,Indapur,Maharashtra,IN-MH
413133,413133,Baramati,Maharashtra,IN-MH
413201,413201,Jamkhed,Maharashtra,IN-MH
413202,413203,Karmala,Maharashtra,IN-MH
413204,413205,Jamkhed,Maharashtra,IN-MH
413206,413206,Karmala,Maharashtra,IN-MH
413207,413207,Patoda,Maharashtra,IN-MH
413208,413208,Kurduvadi,Maharashtra,IN-MH
413209,413212,Madha,Maharashtra,IN-MH
413213,413214,Mohol,Maharashtra,IN-MH
413215,413215,Solapur,Maharashtra,IN-MH
413216,413216,Akkalkot,Maharashtra,IN-MH
413217,413217,Maindargi,Maharashtra,IN-MH
413218,413219,Akkalkot,Maharashtra,IN-MH
413220,413220,Dudhani,Maharashtra,IN-MH
413221,413222,Solapur,Maharashtra,IN-MH
413223,413223,Karmala,Maharashtra,IN-MH
413224,413224,Solapur,Maharashtra,IN-MH
413226,413227,Akkalkot,Maharashtra,IN-MH
413228,413228,Solapur,Maharashtra,IN-MH
413229,413229,Shirur Kasar,Maharashtra,IN-MH
413248,413248,Mohol,Maharashtra,IN-MH
413249,413249,Shirur Kasar,Maharashtra,IN-MH
413250,413250,Madha,Maharashtra,IN-MH
413251,413251,Karmala,Maharashtra,IN-MH
413252,413252,Madha,Maharashtra,IN-MH
413253,413253,Mohol,Maharashtra,IN-MH
413255,413255,Solapur,Maharashtra,IN-MH
413301,413301,Madha,Maharashtra,IN-MH
413302,413302,Pandharpur,Maharashtra,IN-MH
413303,413303,Mohol,Maharashtra,IN-MH
413304,413304,Pandharpur,Maharashtra,IN-MH
413305,413305,Mangalwedha,Maharashtra,IN-MH
413306,413309,Sangole,Maharashtra,IN-MH
413310,413310,Malshiras,Maharashtra,IN-MH
413314,413314,Sangole,Maharashtra,IN-MH
413315,413315,Pandharpur,Maharashtra,IN-MH
413317,413317,Sangole,Maharashtra,IN-MH
413319,413322,Mangalvedhe,Maharashtra,IN-MH
413324,413324,Mohol,Maharashtra,IN-MH
413401,413404,Barshi,Maharashtra,IN-MH
413405,413405,Osmanabad,Maharashtra,IN-MH
413406,413409,Barshi,Maharashtra,IN-MH
413410,413410,Madha,Maharashtra,IN-MH
413411,413412,Barshi,Maharashtra,IN-MH
413501,413501,Osmanabad,Maharashtra,IN-MH
413502,413502,Paranda,Maharashtra,IN-MH
413503,413503,Washi,Maharashtra,IN-MH
413504,413504,Bhum,Maharashtra,IN-MH
413505,413505,Paranda,Maharashtra,IN-MH
413506,413506,Osmanabad,Maharashtra,IN-MH
413507,413507,Kallam,Maharashtra,IN-MH
413508,413509,Osmanabad,Maharashtra,IN-MH
413510,413510,Kalamb,Maharashtra,IN-MH
413511,413512,Latur,Maharashtra,IN-MH
413513,413513,Chakur,Maharashtra,IN-MH
413514,413515,Ahmadpur,Maharashtra,IN-MH
413516,413516,Ausa,Maharashtra,IN-MH
413517,413517,Udgir,Maharashtra,IN-MH
413518,413518,Chakur,Maharashtra,IN-MH
413519,413519,Deoni,Maharashtra,IN-MH
413520,413520,Ausa,Maharashtra,IN-MH
413521,413522,Nilanga,Maharashtra,IN-MH
413523,413523,Ahmadpur,Maharashtra,IN-MH
413524,413524,Chakur,Maharashtra,IN-MH
413525,413526,Washi,Maharashtra,IN-MH
413527,413527,Renapur,Maharashtra,IN-MH
413528,413528,Kalamb,Maharashtra,IN-MH
413529,413529,Chakur,Maharashtra,IN-MH
413530,413530,Nilanga,Maharashtra,IN-MH
413531,413531,Latur,Maharashtra,IN-MH
413532,413532,Jalkot,Maharashtra,IN-MH
413534,413534,Bhum,Maharashtra,IN-MH
413544,413544,Shirur Anantpal,Maharashtra,IN-MH
413581,413581,Chakur,Maharashtra,IN-MH
413582,413582,Osmanabad,Maharashtra,IN-MH
413601,413601,Tuljapur,Maharashtra,IN-MH
413602,413602,Naldurg,Maharashtra,IN-MH
413603,413603,Tuljapur,Maharashtra,IN-MH
413604,413605,Umarga,Maharashtra,IN-MH
413606,413606,Omerga,Maharashtra,IN-MH
413607,413607,Nilanga,Maharashtra,IN-MH
413608,413608,Lohara,Maharashtra,IN-MH
413623,413623,Tuljapur,Maharashtra,IN-MH
413624,413624,Kati,Maharashtra,IN-MH
413701,413703,Shrigonda,Maharashtra,IN-MH
413704,413705,Rahuri,Maharashtra,IN-MH
413706,413706,Deolali Pravara,Maharashtra,IN-MH
413707,413707,Rahata,Maharashtra,IN-MH
413708,413708,Kopargaon,Maharashtra,IN-MH
413709,413709,Shrirampur,Maharashtra,IN-MH
413710,413711,Rahuri,Maharashtra,IN-MH
413712,413713,Rahata,Maharashtra,IN-MH
413714,413714,Sangamner,Maharashtra,IN-MH
413715,413715,Shrirampur,Maharashtra,IN-MH
413716,413716,Deolali Pravara,Maharashtra,IN-MH
413717,413718,Shrirampur,Maharashtra,IN-MH
413719,413719,Rahata,Maharashtra,IN-MH
413720,413721,Shrirampur,Maharashtra,IN-MH
413722,413722,Rahuri,Maharashtra,IN-MH
413723,413723,Rahata,Maharashtra,IN-MH
413725,413725,Shrirampur,Maharashtra,IN-MH
413726,413728,Shrigonda,Maharashtra,IN-MH
413736,413737,Rahata,Maharashtra,IN-MH
413738,413738,Sangamner,Maharashtra,IN-MH
413739,413739,Shrirampur,Maharashtra,IN-MH
413801,413801,Daund,Maharashtra,IN-MH
413802,413802,Baramati,Maharashtra,IN-MH
414001,414002,Ahmednagar,Maharashtra,IN-MH
414003,414003,Ahmedanagar,Maharashtra,IN-MH
414005,414005,Ahmednagar,Maharashtra,IN-MH
414006,414006,Nagar,Maharashtra,IN-MH
414101,414101,Shrigonda,Maharashtra,IN-MH
414102,414102,Pathardi,Maharashtra,IN-MH
414103,414103,Parner,Maharashtra,IN-MH
414105,414105,Nevasa,Maharashtra,IN-MH
414106,414106,Pathardi,Maharashtra,IN-MH
414110,414111,Nagar,Maharashtra,IN-MH
414113,414113,Pathardi,Maharashtra,IN-MH
414201,414201,Nagar,Maharashtra,IN-MH
414202,414203,Ashti,Maharashtra,IN-MH
414204,414204,Patoda,Maharashtra,IN-MH
414205,414205,Shirur Kasar,Maharashtra,IN-MH
414208,414208,Ashti,Maharashtra,IN-MH
414301,414306,Parner,Maharashtra,IN-MH
414401,414403,Karjat A,Maharashtra,IN-MH
414501,414501,Pathardi,Maharashtra,IN-MH
414502,414504,Shevgaon,Maharashtra,IN-MH
414505,414505,Pathardi,Maharashtra,IN-MH
414601,414601,Nagar,Maharashtra,IN-MH
414602,414602,Nevasa,Maharashtra,IN-MH
414603,414603,Newasa Nagarapanchayat,Maharashtra,IN-MH
414604,414609,Nevasa,Maharashtra,IN-MH
414701,414701,Shrigonda,Maharashtra,IN-MH
415001,415004,Satara,Maharashtra,IN-MH
415010,415010,Koregaon,Maharashtra,IN-MH
415011,415011,Satara,Maharashtra,IN-MH
415012,415012,Medha,Maharashtra,IN-MH
415013,415013,Satara,Maharashtra,IN-MH
415014,415014,Patan,Maharashtra,IN-MH
415015,415019,Satara,Maharashtra,IN-MH
415020,415020,Jaoli,Maharashtra,IN-MH
415021,415021,Koregaon,Maharashtra,IN-MH
415022,415022,Satara,Maharashtra,IN-MH
415023,415023,Man,Maharashtra,IN-MH
415101,415101,Malkapur K,Maharashtra,IN-MH
415102,415102,Khatav,Maharashtra,IN-MH
415103,415106,Karad,Maharashtra,IN-MH
415107,415107,Koregaon,Maharashtra,IN-MH
415108,415111,Karad,Maharashtra,IN-MH
415112,415112,Patan,Maharashtra,IN-MH
415114,415115,Karad,Maharashtra,IN-MH
415116,415116,Koregaon,Maharashtra,IN-MH
415122,415124,Karad,Maharashtra,IN-MH
415202,415202,Mandangad,Maharashtra,IN-MH
415203,415203,Mandangad Nagarpanchyat,Maharashtra,IN-MH
415205,415207,Patan,Maharashtra,IN-MH
415208,415208,Mandangad,Maharashtra,IN-MH
415209,415212,Patan,Maharashtra,IN-MH
415213,415213,Mahad,Maharashtra,IN-MH
415214,415214,Mandangad,Maharashtra,IN-MH
415301,415301,Atpadi,Maharashtra,IN-MH
415302,415302,Walwa,Maharashtra,IN-MH
415303,415303,Palus,Maharashtra,IN-MH
415304,415305,Kadegaon,Maharashtra,IN-MH
415306,415306,Atpadi,Maharashtra,IN-MH
415307,415307,Khanapur,Maharashtra,IN-MH
415308,415308,Atpadi,Maharashtra,IN-MH
415309,415310,Khanapur,Maharashtra,IN-MH
415311,415311,Vite,Maharashtra,IN-MH
415312,415312,Khatav,Maharashtra,IN-MH
415313,415313,Walwa,Maharashtra,IN-MH
415315,415315,Atpadi,Maharashtra,IN-MH
415401,415401,Walwa,Maharashtra,IN-MH
415402,415402,Shirala,Maharashtra,IN-MH
415403,415404,Walwa,Maharashtra,IN-MH
415405,415405,Shirala,Maharashtra,IN-MH
415406,415407,Walwa,Maharashtra,IN-MH
415408,415408,Shirala,Maharashtra,IN-MH
415409,415409,Uran Islampur,Maharashtra,IN-MH
415410,415410,Shirala,Maharashtra,IN-MH
415411,415414,Walwa,Maharashtra,IN-MH
415415,415415,Shirala,Maharashtra,IN-MH
415501,415501,Koregaon,Maharashtra,IN-MH
415502,415505,Khatav,Maharashtra,IN-MH
415506,415506,Vaduj,Maharashtra,IN-MH
415507,415507,Khatav,Maharashtra,IN-MH
415508,415508,Dahiwadi,Maharashtra,IN-MH
415509,415509,Mhasvad,Maharashtra,IN-MH
415510,415510,Khatav,Maharashtra,IN-MH
415511,415511,Rahimatpur,Maharashtra,IN-MH
415512,415512,Khatav,Maharashtra,IN-MH
415513,415513,Wai,Maharashtra,IN-MH
415514,415514,Jaoli,Maharashtra,IN-MH
415515,415517,Wai,Maharashtra,IN-MH
415518,415519,Satara,Maharashtra,IN-MH
415520,415520,Patan,Maharashtra,IN-MH
415521,415521,Lonand,Maharashtra,IN-MH
415522,415523,Phaltan,Maharashtra,IN-MH
415524,415525,Koregaon,Maharashtra,IN-MH
415526,415526,Khandala,Maharashtra,IN-MH
415527,415527,Khatav,Maharashtra,IN-MH
415528,415528,Phaltan,Maharashtra,IN-MH
415530,415536,Wai,Maharashtra,IN-MH
415537,415537,Phaltan,Maharashtra,IN-MH
415538,415538,Khatav,Maharashtra,IN-MH
415539,415539,Malkapu S,Maharashtra,IN-MH
415540,415540,Man,Maharashtra,IN-MH
415601,415607,Chiplun,Maharashtra,IN-MH
415608,415608,Makhjan,Maharashtra,IN-MH
415609,415611,Sangameshwar,Maharashtra,IN-MH
415612,415620,Ratnagiri,Maharashtra,IN-MH
415621,415621,Khed,Maharashtra,IN-MH
415626,415626,Ratnagiri,Maharashtra,IN-MH
415628,415628,Chiplun,Maharashtra,IN-MH
415629,415629,Ratnagiri,Maharashtra,IN-MH
415634,415634,Guhagar,Maharashtra,IN-MH
415637,415637,Sangameshwar,Maharashtra,IN-MH
415639,415639,Ratnagiri,Maharashtra,IN-MH
415640,415640,Khed,Maharashtra,IN-MH
415641,415641,Chiplun,Maharashtra,IN-MH
415643,415643,Rajapur,Maharashtra,IN-MH
415701,415702,Chiplun,Maharashtra,IN-MH
415703,415705,Guhagar,Maharashtra,IN-MH
415706,415706,Dabhol,Maharashtra,IN-MH
415708,415710,Khed,Maharashtra,IN-MH
415711,415712,Dapoli,Maharashtra,IN-MH
415713,415713,Harnai,Maharashtra,IN-MH
415714,415714,Dapoli,Maharashtra,IN-MH
415715,415715,Khed,Maharashtra,IN-MH
415716,415717,Dapoli,Maharashtra,IN-MH
415718,415718,Khed,Maharashtra,IN-MH
415719,415719,Guhagar,Maharashtra,IN-MH
415720,415720,Dapoli,Maharashtra,IN-MH
415722,415722,Khed,Maharashtra,IN-MH
415724,415726,Guhagar,Maharashtra,IN-MH
415727,415727,Khed,Maharashtra,IN-MH
415728,415729,Guhagar,Maharashtra,IN-MH
415730,415730,Khed,Maharashtra,IN-MH
415801,415801,Sangameshwar,Maharashtra,IN-MH
415802,415802,Lanja,Maharashtra,IN-MH
415803,415803,Ratnagiri,Maharashtra,IN-MH
415804,415804,Devrukh,Maharashtra,IN-MH
415805,415806,Rajapur,Maharashtra,IN-MH
415807,415807,Sangameshwar,Maharashtra,IN-MH
416001,416001,Karvir,Maharashtra,IN-MH
416002,416002,Sagar,Maharashtra,IN-MH
416003,416003,Kolhapur,Maharashtra,IN-MH
416004,416004,Karvir,Maharashtra,IN-MH
416005,416006,Sagar,Maharashtra,IN-MH
416007,416007,Kolhapur,Maharashtra,IN-MH
416008,416011,Sagar,Maharashtra,IN-MH
416012,416012,Kolhapur,Maharashtra,IN-MH
416013,416013,Karvir,Maharashtra,IN-MH
416101,416101,Jaysingpur,Maharashtra,IN-MH
416102,416103,Shirol,Maharashtra,IN-MH
416104,416104,Kurandvad,Maharashtra,IN-MH
416105,416105,Shirol,Maharashtra,IN-MH
416106,416106,Kurundwad,Maharashtra,IN-MH
416107,416108,Shirol,Maharashtra,IN-MH
416109,416111,Hatkangale,Maharashtra,IN-MH
416112,416112,Vadgaon,Maharashtra,IN-MH
416113,416113,Panhala,Maharashtra,IN-MH
416114,416114,Kodoli,Maharashtra,IN-MH
416115,416115,Ichalkaranji,Maharashtra,IN-MH
416116,416118,Hatkangale,Maharashtra,IN-MH
416119,416119,Karvir,Maharashtra,IN-MH
416120,416120,Shirol,Maharashtra,IN-MH
416121,416121,Ichalkaranji,Maharashtra,IN-MH
416122,416122,Karvir,Maharashtra,IN-MH
416138,416138,Ichalkaranji,Maharashtra,IN-MH
416143,416143,Shirol,Maharashtra,IN-MH
416144,416144,Jaisingpur,Maharashtra,IN-MH
416146,416146,Shirol,Maharashtra,IN-MH
416201,416201,Panhala,Maharashtra,IN-MH
416202,416202,Hatkangale,Maharashtra,IN-MH
416203,416203,Hupari,Maharashtra,IN-MH
416204,416204,Karvir,Maharashtra,IN-MH
416205,416205,Panhala,Maharashtra,IN-MH
416206,416206,Bavda,Maharashtra,IN-MH
416207,416207,Karvir,Maharashtra,IN-MH
416208,416208,Kagal,Maharashtra,IN-MH
416209,416210,Bhudargad,Maharashtra,IN-MH
416211,416211,Karvir,Maharashtra,IN-MH
416212,416212,Radhanagari,Maharashtra,IN-MH
416213,416215,Shahuwadi,Maharashtra,IN-MH
416216,416218,Kagal,Maharashtra,IN-MH
416219,416219,Murgud,Maharashtra,IN-MH
416220,416220,Ajara,Maharashtra,IN-MH
416221,416221,Kagal,Maharashtra,IN-MH
416223,416223,Bhudargad,Maharashtra,IN-MH
416229,416229,Karvir,Maharashtra,IN-MH
416230,416230,Panhala,Maharashtra,IN-MH
416231,416231,Radhanagari,Maharashtra,IN-MH
416232,416232,Kagal,Maharashtra,IN-MH
416234,416234,Karvir,Maharashtra,IN-MH
416235,416235,Kagal,Maharashtra,IN-MH
416236,416236,Hatkangale,Maharashtra,IN-MH
416301,416301,Ashta,Maharashtra,IN-MH
416302,416302,Walwa,Maharashtra,IN-MH
416303,416303,Palus,Maharashtra,IN-MH
416304,416304,Bhudgaon,Maharashtra,IN-MH
416305,416306,Miraj,Maharashtra,IN-MH
416307,416307,Tasgaon,Maharashtra,IN-MH
416308,416310,Palus,Maharashtra,IN-MH
416311,416312,Tasgaon,Maharashtra,IN-MH
416313,416313,Walwa,Maharashtra,IN-MH
416314,416314,Tasgaon,Maharashtra,IN-MH
416315,416315,Miraj,Maharashtra,IN-MH
416316,416316,Palus,Maharashtra,IN-MH
416401,416401,Miraj,Maharashtra,IN-MH
416402,416402,Jath,Maharashtra,IN-MH
416403,416403,Kavathe Manhankal,Maharashtra,IN-MH
416404,416404,Jath,Maharashtra,IN-MH
416405,416405,Kavathe Manhankal,Maharashtra,IN-MH
416406,416406,Sangli,Maharashtra,IN-MH
416407,416407,Miraj,Maharashtra,IN-MH
416408,416408,Tasgaon,Maharashtra,IN-MH
416409,416410,Miraj,Maharashtra,IN-MH
416411,416411,Kavathe Manhankal,Maharashtra,IN-MH
416412,416413,Jath,Maharashtra,IN-MH
416414,416415,Sangli Miraj Kupwad,Maharashtra,IN-MH
416416,416416,Sangli,Maharashtra,IN-MH
416417,416418,Miraj,Maharashtra,IN-MH
416419,416419,Kavathe Manhankal,Maharashtra,IN-MH
416420,416437,Miraj,Maharashtra,IN-MH
416501,416504,Gadhinglaj,Maharashtra,IN-MH
416505,416505,Ajara,Maharashtra,IN-MH
416506,416506,Gadhinglaj,Maharashtra,IN-MH
416507,416509,Chandgad,Maharashtra,IN-MH
416510,416511,Sawantwadi,Maharashtra,IN-MH
416512,416512,Kasai Dodamarg,Maharashtra,IN-MH
416513,416514,Sawantwadi,Maharashtra,IN-MH
416515,416518,Vengurlam,Maharashtra,IN-MH
416519,416521,Kudal,Maharashtra,IN-MH
416522,416523,Vengurlam,Maharashtra,IN-MH
416524,416524,Kudal,Maharashtra,IN-MH
416525,416525,Malwan,Maharashtra,IN-MH
416526,416526,Gadhinglaj,Maharashtra,IN-MH
416527,416527,Chandgad,Maharashtra,IN-MH
416528,416528,Kudal,Maharashtra,IN-MH
416529,416529,Vengurlam,Maharashtra,IN-MH
416531,416531,Sawantwadi,Maharashtra,IN-MH
416534,416534,Malwan,Maharashtra,IN-MH
416549,416549,Dodamarg,Maharashtra,IN-MH
416550,416550,Kudal,Maharashtra,IN-MH
416551,416551,Gadhinglaj,Maharashtra,IN-MH
416552,416552,Chandgad,Maharashtra,IN-MH
416601,416602,Kankauli,Maharashtra,IN-MH
416603,416603,Kudal,Maharashtra,IN-MH
416604,416605,Malwan,Maharashtra,IN-MH
416606,416606,Malvan,Maharashtra,IN-MH
416608,416608,Malwan,Maharashtra,IN-MH
416609,416609,Kankauli,Maharashtra,IN-MH
416610,416613,Devgad,Maharashtra,IN-MH
416614,416614,Malwan,Maharashtra,IN-MH
416615,416615,Devgad,Maharashtra,IN-MH
416616,416616,Malwan,Maharashtra,IN-MH
416620,416620,Kankauli,Maharashtra,IN-MH
416623,416623,Devgad,Maharashtra,IN-MH
416626,416626,Malwan,Maharashtra,IN-MH
416628,416628,Kudal,Maharashtra,IN-MH
416630,416630,Devgad,Maharashtra,IN-MH
416632,416632,Kudal,Maharashtra,IN-MH
416701,416701,Lanja,Maharashtra,IN-MH
416702,416702,Rajapur,Maharashtra,IN-MH
416703,416703,Kankauli,Maharashtra,IN-MH
416704,416709,Rajapur,Maharashtra,IN-MH
416712,416712,Lanja,Maharashtra,IN-MH
416713,416713,Rajapur,Maharashtra,IN-MH
416801,416801,Kankauli,Maharashtra,IN-MH
416803,416807,Devgad,Maharashtra,IN-MH
416810,416810,Vabhavevaibhavwadi Nagerpanchayat,Maharashtra,IN-MH
416811,416811,Devgad,Maharashtra,IN-MH
416812,416812,Kudal,Maharashtra,IN-MH
416813,416813,Vaibhavvadi,Maharashtra,IN-MH
421002,421005,Ulhasnagar,Maharashtra,IN-MH
421101,421101,Bhiwandi,Maharashtra,IN-MH
421102,421102,Kalyan Dombivli,Maharashtra,IN-MH
421103,421103,Ulhasnagar,Maharashtra,IN-MH
421201,421204,Kalyan Dombivli,Maharashtra,IN-MH
421301,421302,Kalyan-Dombivli,Maharashtra,IN-MH
421303,421303,Wada Nagarpanchayt,Maharashtra,IN-MH
421305,421305,Bhiwandi Nizampur,Maharashtra,IN-MH
421306,421306,Kalyan Dombivli,Maharashtra,IN-MH
421308,421308,Bhiwandi,Maharashtra,IN-MH
421311,421311,Kalyan-Dombivli,Maharashtra,IN-MH
421312,421312,Vada,Maharashtra,IN-MH
421401,421402,Murbad,Maharashtra,IN-MH
421403,421403,Shahapur,Maharashtra,IN-MH
421501,421502,Ambernath,Maharashtra,IN-MH
421503,421503,Kulgaon Badlapur,Maharashtra,IN-MH
421505,421506,Ambernath,Maharashtra,IN-MH
421601,421603,Shahapur,Maharashtra,IN-MH
421605,421605,Kalyan Dombivli,Maharashtra,IN-MH
422001,422003,Nashik,Maharashtra,IN-MH
422004,422004,Dindori,Maharashtra,IN-MH
422005,422009,Nashik,Maharashtra,IN-MH
422010,422010,Igatpuri,Maharashtra,IN-MH
422011,422101,Nashik,Maharashtra,IN-MH
422102,422104,Sinnar,Maharashtra,IN-MH
422105,422105,Nashik,Maharashtra,IN-MH
422112,422113,Sinnar,Maharashtra,IN-MH
422201,422201,Niphad,Maharashtra,IN-MH
422202,422202,Dindori,Maharashtra,IN-MH
422203,422203,Nashik,Maharashtra,IN-MH
422204,422204,Trimbakeshwar,Maharashtra,IN-MH
422205,422205,Dindori,Maharashtra,IN-MH
422206,422206,Ozar,Maharashtra,IN-MH
422207,422207,Dindori,Maharashtra,IN-MH
422208,422208,Peth,Maharashtra,IN-MH
422209,422210,Niphad,Maharashtra,IN-MH
422211,422211,Surgana,Maharashtra,IN-MH
422212,422212,Trimbak,Maharashtra,IN-MH
422213,422214,Trimbakeshwar,Maharashtra,IN-MH
422215,422215,Dindori,Maharashtra,IN-MH
422221,422221,Ozar,Maharashtra,IN-MH
422222,422222,Nashik,Maharashtra,IN-MH
422301,422305,Niphad,Maharashtra,IN-MH
422306,422306,Lasalgaon,Maharashtra,IN-MH
422308,422308,Niphad,Maharashtra,IN-MH
422401,422401,Deolali,Maharashtra,IN-MH
422402,422403,Igatpuri,Maharashtra,IN-MH
422501,422501,Deolali,Maharashtra,IN-MH
422502,422502,Bhagur,Maharashtra,IN-MH
422601,422601,Akole,Maharashtra,IN-MH
422602,422603,Sangamner,Maharashtra,IN-MH
422604,422604,Akola,Maharashtra,IN-MH
422605,422605,Sangamner,Maharashtra,IN-MH
422606,422606,Sinnar,Maharashtra,IN-MH
422608,422608,Sangamner,Maharashtra,IN-MH
422610,422610,Akola,Maharashtra,IN-MH
422611,422622,Sangamner,Maharashtra,IN-MH
423101,423101,Chanwad,Maharashtra,IN-MH
423102,423102,Deola,Maharashtra,IN-MH
423104,423104,Manmad,Maharashtra,IN-MH
423105,423105,Malegaon,Maharashtra,IN-MH
423106,423106,Nandgaon,Maharashtra,IN-MH
423107,423107,Rahata,Maharashtra,IN-MH
423108,423108,Malegaon,Maharashtra,IN-MH
423109,423109,Shirdi N.p,Maharashtra,IN-MH
423110,423110,Deola,Maharashtra,IN-MH
423111,423117,Chandvad,Maharashtra,IN-MH
423201,423203,Malegaon,Maharashtra,IN-MH
423204,423204,Baglan,Maharashtra,IN-MH
423205,423212,Malegaon,Maharashtra,IN-MH
423213,423213,Baglan,Maharashtra,IN-MH
423301,423301,Satana,Maharashtra,IN-MH
423302,423303,Baglan,Maharashtra,IN-MH
423401,423401,Yeola,Maharashtra,IN-MH
423402,423403,Yevla,Maharashtra,IN-MH
423501,423502,Kalwan,Maharashtra,IN-MH
423601,423607,Kopargaon,Maharashtra,IN-MH
423701,423701,Vaijapur,Maharashtra,IN-MH
423702,423702,Gangapur,Maharashtra,IN-MH
423703,423703,Vaijapur,Maharashtra,IN-MH
424001,424006,Dhule,Maharashtra,IN-MH
424101,424102,Chalisgaon,Maharashtra,IN-MH
424103,424103,Bhadgaon,Maharashtra,IN-MH
424104,424104,Pachora,Maharashtra,IN-MH
424105,424105,Bhadgaon,Maharashtra,IN-MH
424106,424108,Chalisgaon,Maharashtra,IN-MH
424109,424109,Nandgaon,Maharashtra,IN-MH
424119,424119,Chalisgaon,Maharashtra,IN-MH
424201,424203,Pachora,Maharashtra,IN-MH
424204,424208,Jamner,Maharashtra,IN-MH
424301,424303,Dhule,Maharashtra,IN-MH
424304,424306,Sakri,Maharashtra,IN-MH
424307,424308,Dhule,Maharashtra,IN-MH
424309,424309,Sindkhede,Maharashtra,IN-MH
424310,424310,Sakri,Maharashtra,IN-MH
424311,424318,Dhule,Maharashtra,IN-MH
425001,425003,Jalgaon,Maharashtra,IN-MH
425004,425004,Dharangaon,Maharashtra,IN-MH
425101,425102,Jalgaon,Maharashtra,IN-MH
425103,425105,Dharangaon,Maharashtra,IN-MH
425107,425108,Chopda,Maharashtra,IN-MH
425109,425110,Erandol,Maharashtra,IN-MH
425111,425113,Parolal,Maharashtra,IN-MH
425114,425114,Jamner,Maharashtra,IN-MH
425115,425115,Pachora,Maharashtra,IN-MH
425116,425116,Jalgaon,Maharashtra,IN-MH
425201,425203,Bhusawal,Maharashtra,IN-MH
425301,425302,Yawal,Maharashtra,IN-MH
425303,425303,Chopda,Maharashtra,IN-MH
425304,425304,Yawal,Maharashtra,IN-MH
425305,425305,Varangaon,Maharashtra,IN-MH
425306,425306,Muktainagar,Maharashtra,IN-MH
425307,425308,Bhusawal,Maharashtra,IN-MH
425309,425309,Nashirabadi,Maharashtra,IN-MH
425310,425310,Bodvad,Maharashtra,IN-MH
425311,425311,Bhusawal,Maharashtra,IN-MH
425327,425327,Muktainagar,Maharashtra,IN-MH
425401,425402,Amalner,Maharashtra,IN-MH
425403,425404,Sindkhede,Maharashtra,IN-MH
425405,425405,Shirpur,Maharashtra,IN-MH
425406,425406,Shindkeda,Maharashtra,IN-MH
425407,425407,Sindkhede,Maharashtra,IN-MH
425408,425408,Dondaicha,Maharashtra,IN-MH
425409,425410,Shahada,Maharashtra,IN-MH
425411,425412,Nandurbar,Maharashtra,IN-MH
425413,425413,Taloda,Maharashtra,IN-MH
425414,425414,Dhadgaon Wadfalya Roshmal Bk,Maharashtra,IN-MH
425415,425415,Akkalkuwa,Maharashtra,IN-MH
425416,425418,Navapur,Maharashtra,IN-MH
425419,425419,Akkalkuwa,Maharashtra,IN-MH
425420,425420,Amalner,Maharashtra,IN-MH
425421,425421,Shirpur,Maharashtra,IN-MH
425422,425424,Shahada,Maharashtra,IN-MH
425426,425426,Navapur,Maharashtra,IN-MH
425427,425428,Shirpur,Maharashtra,IN-MH
425432,425432,Akrani,Maharashtra,IN-MH
425442,425442,Talode,Maharashtra,IN-MH
425444,425444,Shahada,Maharashtra,IN-MH
425452,425452,Akkalkuwa,Maharashtra,IN-MH
425501,425501,Raver,Maharashtra,IN-MH
425502,425502,Savda,Maharashtra,IN-MH
425503,425503,Faizpur,Maharashtra,IN-MH
425504,425508,Raver,Maharashtra,IN-MH
425524,425524,Yawal,Maharashtra,IN-MH
431001,431011,Aurangabad,Maharashtra,IN-MH
431101,431102,Khultabad,Maharashtra,IN-MH
431103,431104,Kannad,Maharashtra,IN-MH
431105,431107,Paithan,Maharashtra,IN-MH
431109,431110,Gangapur,Maharashtra,IN-MH
431111,431111,Phulambri,Maharashtra,IN-MH
431112,431113,Sillod,Maharashtra,IN-MH
431114,431114,Bhokardan,Maharashtra,IN-MH
431115,431116,Vaijapur,Maharashtra,IN-MH
431117,431117,Sillod,Maharashtra,IN-MH
431118,431120,Soygaon,Maharashtra,IN-MH
431121,431121,Paithan,Maharashtra,IN-MH
431122,431122,Beed,Maharashtra,IN-MH
431123,431123,Kaij,Maharashtra,IN-MH
431124,431124,Dharur,Maharashtra,IN-MH
431125,431126,Beed,Maharashtra,IN-MH
431127,431127,Gevrai,Maharashtra,IN-MH
431128,431128,Parli,Maharashtra,IN-MH
431129,431130,Georai,Maharashtra,IN-MH
431131,431131,Majalgaon,Maharashtra,IN-MH
431132,431132,Bhokardan,Maharashtra,IN-MH
431133,431133,Gangapur,Maharashtra,IN-MH
431134,431134,Phulambri,Maharashtra,IN-MH
431135,431135,Sillod,Maharashtra,IN-MH
431136,431136,Aurangabad,Maharashtra,IN-MH
431137,431137,Paithan,Maharashtra,IN-MH
431142,431142,Manjlegaon,Maharashtra,IN-MH
431143,431143,Georai,Maharashtra,IN-MH
431144,431144,Wadwani,Maharashtra,IN-MH
431147,431147,Kannad,Maharashtra,IN-MH
431148,431148,Paithan,Maharashtra,IN-MH
431150,431150,Soygaon,Maharashtra,IN-MH
431151,431151,Phulambri,Maharashtra,IN-MH
431152,431152,Khultabad,Maharashtra,IN-MH
431153,431153,Beed,Maharashtra,IN-MH
431154,431154,Aurangabad,Maharashtra,IN-MH
431202,431202,Badnapur,Maharashtra,IN-MH
431203,431203,Jalna,Maharashtra,IN-MH
431204,431205,Ambad,Maharashtra,IN-MH
431206,431206,Jafrabad,Maharashtra,IN-MH
431207,431207,Jalna,Maharashtra,IN-MH
431208,431208,Jafrabad,Maharashtra,IN-MH
431209,431211,Ghansawangi,Maharashtra,IN-MH
431212,431212,Ambad,Maharashtra,IN-MH
431213,431214,Jalna,Maharashtra,IN-MH
431215,431215,Bhokardan,Maharashtra,IN-MH
431401,431402,Parbhani,Maharashtra,IN-MH
431501,431502,Partur,Maharashtra,IN-MH
431503,431503,Sailu,Maharashtra,IN-MH
431504,431504,Mantha,Maharashtra,IN-MH
431505,431505,Manwat,Maharashtra,IN-MH
431506,431506,Pathri,Maharashtra,IN-MH
431507,431507,Ashti,Maharashtra,IN-MH
431508,431510,Jintur,Maharashtra,IN-MH
431511,431511,Purna,Maharashtra,IN-MH
431512,431512,Basmath,Maharashtra,IN-MH
431513,431513,Hingoli,Maharashtra,IN-MH
431514,431514,Gangakhed,Maharashtra,IN-MH
431515,431515,Parli Vaijnath,Maharashtra,IN-MH
431516,431516,Sonpeth,Maharashtra,IN-MH
431517,431517,Ambajogai,Maharashtra,IN-MH
431518,431518,Kaij,Maharashtra,IN-MH
431519,431519,Ambajogai,Maharashtra,IN-MH
431520,431520,Parli Vaijnath,Maharashtra,IN-MH
431521,431521,Parbhani,Maharashtra,IN-MH
431522,431522,Renapur,Maharashtra,IN-MH
431523,431523,Ambajogai,Maharashtra,IN-MH
431530,431530,Parli,Maharashtra,IN-MH
431536,431536,Palam,Maharashtra,IN-MH
431537,431540,Parbhani,Maharashtra,IN-MH
431541,431541,Manwat,Maharashtra,IN-MH
431542,431542,Sengaon,Maharashtra,IN-MH
431601,431601,Nanded,Maharashtra,IN-MH
431602,431602,Loha,Maharashtra,IN-MH
431603,431604,Nanded,Maharashtra,IN-MH
431605,431605,Mudkhed,Maharashtra,IN-MH
431606,431606,Nanded,Maharashtra,IN-MH
431701,431702,Kalamnuri,Maharashtra,IN-MH
431703,431703,Sengaon,Maharashtra,IN-MH
431704,431704,Ardhapur,Maharashtra,IN-MH
431705,431705,Aundha,Maharashtra,IN-MH
431707,431708,Loha,Maharashtra,IN-MH
431709,431709,Naigaon,Maharashtra,IN-MH
431710,431710,Biloli,Maharashtra,IN-MH
431711,431711,Kundalwadi,Maharashtra,IN-MH
431712,431713,Hadgaon,Maharashtra,IN-MH
431714,431714,Kandhar,Maharashtra,IN-MH
431715,431716,Mukhed,Maharashtra,IN-MH
431717,431718,Deglur,Maharashtra,IN-MH
431719,431719,Mukhed,Maharashtra,IN-MH
431720,431720,Palam,Maharashtra,IN-MH
431721,431721,Mahoor,Maharashtra,IN-MH
431722,431722,Naigaon,Maharashtra,IN-MH
431723,431723,Deglur,Maharashtra,IN-MH
431731,431736,Biloli,Maharashtra,IN-MH
431741,431741,Deglur,Maharashtra,IN-MH
431742,431742,Kandhar,Maharashtra,IN-MH
431743,431743,Hadgaon,Maharashtra,IN-MH
431745,431745,Bhokar,Maharashtra,IN-MH
431746,431746,Kandhar,Maharashtra,IN-MH
431750,431750,Ardhapur,Maharashtra,IN-MH
431801,431801,Bhokar,Maharashtra,IN-MH
431802,431802,Himayatnagar,Maharashtra,IN-MH
431803,431805,Kinwat,Maharashtra,IN-MH
431806,431806,Mudkhed,Maharashtra,IN-MH
431807,431807,Umri,Maharashtra,IN-MH
431808,431809,Dharmabad,Maharashtra,IN-MH
431810,431811,Kinwat,Maharashtra,IN-MH
440001,440022,Nagpur,Maharashtra,IN-MH
440023,440023,Wadi,Maharashtra,IN-MH
440024,440034,Nagpur,Maharashtra,IN-MH
440035,440035,Kamptee,Maharashtra,IN-MH
440036,440037,Nagpur,Maharashtra,IN-MH
441001,441001,Kamthi,Maharashtra,IN-MH
441101,441101,Khapa,Maharashtra,IN-MH
441102,441102,Savner,Maharashtra,IN-MH
441103,441103,Katol,Maharashtra,IN-MH
441104,441104,Mouda,Maharashtra,IN-MH
441105,441105,Parshivni,Maharashtra,IN-MH
441106,441106,Ramtek,Maharashtra,IN-MH
441107,441107,Saoner,Maharashtra,IN-MH
441108,441108,Nagpur,Maharashtra,IN-MH
441109,441109,Savner,Maharashtra,IN-MH
441110,441110,Hingna,Maharashtra,IN-MH
441111,441111,Nagpur,Maharashtra,IN-MH
441112,441113,Savner,Maharashtra,IN-MH
441122,441122,Butibori,Maharashtra,IN-MH
441123,441123,Nagpur,Maharashtra,IN-MH
441201,441201,Bhiwapur,Maharashtra,IN-MH
441202,441202,Kuhi,Maharashtra,IN-MH
441203,441204,Umred,Maharashtra,IN-MH
441205,441205,Nagbhid,Maharashtra,IN-MH
441206,441206,Brahmapuri,Maharashtra,IN-MH
441207,441207,Desaiganj,Maharashtra,IN-MH
441208,441208,Armori,Maharashtra,IN-MH
441209,441209,Kurkheda,Maharashtra,IN-MH
441210,441210,Kuhi,Maharashtra,IN-MH
441212,441212,Mul,Maharashtra,IN-MH
441214,441214,Umred,Maharashtra,IN-MH
441215,441215,Sawali,Maharashtra,IN-MH
441217,441217,Armori,Maharashtra,IN-MH
441221,441221,Nagbhid,Maharashtra,IN-MH
441222,441223,Sindewahi,Maharashtra,IN-MH
441224,441224,Mul,Maharashtra,IN-MH
441225,441225,Saoli,Maharashtra,IN-MH
441226,441226,Mul,Maharashtra,IN-MH
441301,441301,Narkhed,Maharashtra,IN-MH
441302,441302,Katol,Maharashtra,IN-MH
441303,441303,Mowad,Maharashtra,IN-MH
441304,441304,Narkhed,Maharashtra,IN-MH
441305,441305,Katol,Maharashtra,IN-MH
441306,441306,Narkhed,Maharashtra,IN-MH
441401,441401,Kanhan Pipri,Maharashtra,IN-MH
441404,441404,Parseoni,Maharashtra,IN-MH
441501,441501,Kalmeshwar,Maharashtra,IN-MH
441502,441502,Mohpa,Maharashtra,IN-MH
441601,441614,Gondiya,Maharashtra,IN-MH
441701,441701,Arjuni,Maharashtra,IN-MH
441702,441702,Arjuni Morgaon,Maharashtra,IN-MH
441801,441801,Goregaon,Maharashtra,IN-MH
441802,441802,Sakolii,Maharashtra,IN-MH
441803,441803,Lakhandur,Maharashtra,IN-MH
441804,441804,Lakhani,Maharashtra,IN-MH
441805,441805,Lakhandur,Maharashtra,IN-MH
441806,441807,Sadak Arjuni,Maharashtra,IN-MH
441809,441809,Lakhani,Maharashtra,IN-MH
441901,441901,Deori,Maharashtra,IN-MH
441902,441902,Amgaon,Maharashtra,IN-MH
441903,441903,Pauni,Maharashtra,IN-MH
441904,441904,Bhandara,Maharashtra,IN-MH
441905,441905,Mohadi,Maharashtra,IN-MH
441906,441906,Bhandara,Maharashtra,IN-MH
441907,441907,Tumsar,Maharashtra,IN-MH
441908,441908,Pauni,Maharashtra,IN-MH
441909,441909,Nagar Panchat Mohadi,Maharashtra,IN-MH
441910,441910,Pauni,Maharashtra,IN-MH
441911,441911,Tirora,Maharashtra,IN-MH
441912,441913,Tumsar,Maharashtra,IN-MH
441914,441914,Mohadi,Maharashtra,IN-MH
441915,441915,Tumsar,Maharashtra,IN-MH
441916,441916,Salekasa,Maharashtra,IN-MH
441924,441924,Bhandara,Maharashtra,IN-MH
442001,442003,Wardha,Maharashtra,IN-MH
442101,442101,Deoli,Maharashtra,IN-MH
442102,442102,Wardha,Maharashtra,IN-MH
442104,442104,Selu,Maharashtra,IN-MH
442105,442105,Sindi,Maharashtra,IN-MH
442106,442106,Arvi,Maharashtra,IN-MH
442107,442111,Wardha,Maharashtra,IN-MH
442201,442201,Arvi,Maharashtra,IN-MH
442202,442202,Ashti,Maharashtra,IN-MH
442203,442203,Karanja,Maharashtra,IN-MH
442301,442301,Hinganghat,Maharashtra,IN-MH
442302,442303,Pulgaon,Maharashtra,IN-MH
442304,442304,Hinganghat,Maharashtra,IN-MH
442305,442305,Samudrapur,Maharashtra,IN-MH
442306,442306,Deoli,Maharashtra,IN-MH
442307,442307,Hinganghat,Maharashtra,IN-MH
442401,442406,Chandrapur,Maharashtra,IN-MH
442501,442501,Badravati,Maharashtra,IN-MH
442502,442502,Ghugus,Maharashtra,IN-MH
442503,442503,Badravati,Maharashtra,IN-MH
442504,442504,Sironcha,Maharashtra,IN-MH
442505,442505,Ghugus,Maharashtra,IN-MH
442507,442507,Ballarpur,Maharashtra,IN-MH
442603,442604,Chamorshi,Maharashtra,IN-MH
442605,442605,Gadchiroli,Maharashtra,IN-MH
442606,442606,Dhanora,Maharashtra,IN-MH
442701,442701,Ballarpur,Maharashtra,IN-MH
442702,442702,Gondpipari,Maharashtra,IN-MH
442703,442703,Allapalli,Maharashtra,IN-MH
442704,442704,Muncipal Council Etapalli,Maharashtra,IN-MH
442705,442705,N P Aheri,Maharashtra,IN-MH
442707,442707,Chamorshi,Maharashtra,IN-MH
442709,442709,Aheri,Maharashtra,IN-MH
442710,442710,Bhamragad,Maharashtra,IN-MH
442901,442901,Ballarpur,Maharashtra,IN-MH
442902,442902,Badravati,Maharashtra,IN-MH
442903,442904,Chimur,Maharashtra,IN-MH
442905,442905,Rajura,Maharashtra,IN-MH
442906,442906,Badravati,Maharashtra,IN-MH
442907,442907,Warora,Maharashtra,IN-MH
442908,442908,Chandur,Maharashtra,IN-MH
442914,442914,Warora,Maharashtra,IN-MH
442916,442917,Korpana,Maharashtra,IN-MH
442918,442918,Pombhurna,Maharashtra,IN-MH
442919,442919,Mulchera,Maharashtra,IN-MH
443001,443002,Buldana,Maharashtra,IN-MH
443101,443102,Malkapur B,Maharashtra,IN-MH
443103,443103,Nagar Motala Sangrampur,Maharashtra,IN-MH
443104,443104,Motala,Maharashtra,IN-MH
443106,443106,Buldana,Maharashtra,IN-MH
443112,443112,Malkapur B,Maharashtra,IN-MH
443201,443201,Chikhli,Maharashtra,IN-MH
443202,443203,Sindkhedraja,Maharashtra,IN-MH
443204,443206,Deulgaon Raja,Maharashtra,IN-MH
443301,443301,Mehkar,Maharashtra,IN-MH
443302,443302,Lonar,Maharashtra,IN-MH
443303,443304,Mehkar,Maharashtra,IN-MH
443308,443308,Sindkhedraja,Maharashtra,IN-MH
443401,443401,Nandra,Maharashtra,IN-MH
443402,443403,Jalgaon Jamod,Maharashtra,IN-MH
443404,443404,Nandra,Maharashtra,IN-MH
444001,444007,Akola,Maharashtra,IN-MH
444101,444101,Akot,Maharashtra,IN-MH
444102,444102,Akola,Maharashtra,IN-MH
444103,444103,Telhara,Maharashtra,IN-MH
444104,444104,Akola,Maharashtra,IN-MH
444105,444105,Karanja Was,Maharashtra,IN-MH
444106,444106,Murtajapur,Maharashtra,IN-MH
444107,444107,Murtizapur,Maharashtra,IN-MH
444108,444108,Telhara,Maharashtra,IN-MH
444109,444109,Balapur,Maharashtra,IN-MH
444110,444110,Karanja Was,Maharashtra,IN-MH
444111,444117,Akot,Maharashtra,IN-MH
444126,444126,Telhara,Maharashtra,IN-MH
444201,444202,Sangrampur,Maharashtra,IN-MH
444203,444203,Shegaon,Maharashtra,IN-MH
444204,444204,Sangrampur,Maharashtra,IN-MH
444301,444301,Chikhli,Maharashtra,IN-MH
444302,444302,Balapur,Maharashtra,IN-MH
444303,444303,Khamgaon,Maharashtra,IN-MH
444304,444304,Shegaon,Maharashtra,IN-MH
444306,444306,Khamgaon,Maharashtra,IN-MH
444311,444311,Balapur,Maharashtra,IN-MH
444312,444312,Shegaon,Maharashtra,IN-MH
444401,444401,Barshitakali,Maharashtra,IN-MH
444402,444403,Mangrulpir,Maharashtra,IN-MH
444404,444404,Manora,Maharashtra,IN-MH
444405,444407,Barshitakali,Maharashtra,IN-MH
444409,444409,Mangrulpir,Maharashtra,IN-MH
444501,444501,Patur,Maharashtra,IN-MH
444502,444502,Balapur,Maharashtra,IN-MH
444503,444503,Malegao Jahangir,Maharashtra,IN-MH
444504,444504,Malegaon,Maharashtra,IN-MH
444505,444505,Washim,Maharashtra,IN-MH
444506,444506,Risod,Maharashtra,IN-MH
444507,444507,Anshing,Maharashtra,IN-MH
444510,444510,Risod,Maharashtra,IN-MH
444511,444511,Patur,Maharashtra,IN-MH
444601,444701,Amravati,Maharashtra,IN-MH
444702,444702,Dharni,Maharashtra,IN-MH
444704,444704,Chandurbazar,Maharashtra,IN-MH
444705,444705,Anjangaon,Maharashtra,IN-MH
444706,444706,Mcdaryapur,Maharashtra,IN-MH
444707,444707,Morshi,Maharashtra,IN-MH
444708,444708,Nandgaon Khandeshwar,Maharashtra,IN-MH
444709,444711,Dhamangaon Railway,Maharashtra,IN-MH
444717,444717,Achalpur,Maharashtra,IN-MH
444719,444719,Dharni,Maharashtra,IN-MH
444720,444723,Chandurbazar,Maharashtra,IN-MH
444801,444801,Amravati,Maharashtra,IN-MH
444802,444803,Mcdaryapur,Maharashtra,IN-MH
444804,444804,Bhatkui,Maharashtra,IN-MH
444805,444806,Achalpur,Maharashtra,IN-MH
444807,444807,Chikhaldara,Maharashtra,IN-MH
444808,444808,Achalpur,Maharashtra,IN-MH
444809,444810,Chandurbazar,Maharashtra,IN-MH
444813,444813,Chikhaldara,Maharashtra,IN-MH
444901,444901,Amravati,Maharashtra,IN-MH
444902,444903,Teosa,Maharashtra,IN-MH
444904,444904,Chandur Railway,Maharashtra,IN-MH
444905,444905,Morshi,Maharashtra,IN-MH
444906,444906,Warud,Maharashtra,IN-MH
444907,444907,Shendurjanaghat,Maharashtra,IN-MH
444908,444908,Warud,Maharashtra,IN-MH
444915,444915,Amravati,Maharashtra,IN-MH
445001,445002,Yavatmal,Maharashtra,IN-MH
445101,445101,Babhulgaon,Maharashtra,IN-MH
445102,445102,Ner,Maharashtra,IN-MH
445103,445103,Arni,Maharashtra,IN-MH
445105,445105,Yavatmal,Maharashtra,IN-MH
445106,445106,Arni,Maharashtra,IN-MH
445109,445109,Yavatmal,Maharashtra,IN-MH
445110,445202,Darwha,Maharashtra,IN-MH
445203,445203,Digras,Maharashtra,IN-MH
445204,445204,Pusad,Maharashtra,IN-MH
445205,445205,Mahagaon,Maharashtra,IN-MH
445206,445206,Umarkhed,Maharashtra,IN-MH
445207,445207,Dhanki,Maharashtra,IN-MH
445209,445209,Pusad,Maharashtra,IN-MH
445210,445210,Darwha,Maharashtra,IN-MH
445211,445211,Umarkhed,Maharashtra,IN-MH
445215,445216,Pusad,Maharashtra,IN-MH
445230,445230,Mahagaon,Maharashtra,IN-MH
445301,445301,Ghatanji,Maharashtra,IN-MH
445302,445302,Pandharkaoda,Maharashtra,IN-MH
445303,445303,Maregaon,Maharashtra,IN-MH
445304,445304,Wani,Maharashtra,IN-MH
445305,445305,Kelapur,Maharashtra,IN-MH
445306,445306,Ghatanji,Maharashtra,IN-MH
445307,445307,Wani,Maharashtra,IN-MH
445308,445308,Ralegaon,Maharashtra,IN-MH
445323,445323,Kalamb,Maharashtra,IN-MH
445324,445324,Zari,Maharashtra,IN-MH
445401,445401,Kalamb,Maharashtra,IN-MH
445402,445402,Ralegaon,Maharashtra,IN-MH
450001,450001,Khandwa,Madhya Pradesh,IN-MP
450051,450051,Khalwa,Madhya Pradesh,IN-MP
450110,450110,Harsud,Madhya Pradesh,IN-MP
450112,450112,Mundi,Madhya Pradesh,IN-MP
450114,450114,Punasa,Madhya Pradesh,IN-MP
450116,450116,Harsud,Madhya Pradesh,IN-MP
450117,450117,Khalwa,Madhya Pradesh,IN-MP
450119,450119,Harsud,Madhya Pradesh,IN-MP
450221,450221,Nepanagar,Madhya Pradesh,IN-MP
450331,450331,Burhanpur,Madhya Pradesh,IN-MP
450332,450332,Khaknar,Madhya Pradesh,IN-MP
450337,450337,Pandhana,Madhya Pradesh,IN-MP
450445,450445,Shahpur,Madhya Pradesh,IN-MP
450551,450554,Punasa,Madhya Pradesh,IN-MP
450661,450661,Pandhana,Madhya Pradesh,IN-MP
450771,450991,Khandwa,Madhya Pradesh,IN-MP
451001,451001,Khargone,Madhya Pradesh,IN-MP
451111,451113,Sanawad,Madhya Pradesh,IN-MP
451115,451115,Barwaha,Madhya Pradesh,IN-MP
451220,451220,Maheshwar,Madhya Pradesh,IN-MP
451221,451221,Mandleshwar,Madhya Pradesh,IN-MP
451224,451225,Maheshwar,Madhya Pradesh,IN-MP
451228,451228,Kasrawad,Madhya Pradesh,IN-MP
451331,451331,Bhikangaon,Madhya Pradesh,IN-MP
451332,451332,Jhiranya,Madhya Pradesh,IN-MP
451335,451335,Bhikangaon,Madhya Pradesh,IN-MP
451440,451440,Khargone,Madhya Pradesh,IN-MP
451441,451441,Bhagwanpura,Madhya Pradesh,IN-MP
451442,451442,Segaon,Madhya Pradesh,IN-MP
451447,451449,Rajpur,Madhya Pradesh,IN-MP
451551,451551,Barwani,Madhya Pradesh,IN-MP
451556,451556,Anjad,Madhya Pradesh,IN-MP
451660,451660,Thikri,Madhya Pradesh,IN-MP
451666,451666,Sendhwa,Madhya Pradesh,IN-MP
451770,451770,Pansemal,Madhya Pradesh,IN-MP
451881,451881,Khetia,Madhya Pradesh,IN-MP
452001,452018,Indore,Madhya Pradesh,IN-MP
452020,452020,BhicholiHapsi,Madhya Pradesh,IN-MP
453001,453001,Betma,Madhya Pradesh,IN-MP
453111,453111,Hathod,Madhya Pradesh,IN-MP
453112,453112,Malharganj,Madhya Pradesh,IN-MP
453115,453115,Depalpur,Madhya Pradesh,IN-MP
453220,453220,Gautampura,Madhya Pradesh,IN-MP
453331,453331,Rau,Madhya Pradesh,IN-MP
453441,453446,Mhow,Madhya Pradesh,IN-MP
453551,453551,Sawer,Madhya Pradesh,IN-MP
453552,453552,Mhow,Madhya Pradesh,IN-MP
453555,453555,Indore,Madhya Pradesh,IN-MP
453556,453556,Rau,Madhya Pradesh,IN-MP
453661,453661,Manpur,Madhya Pradesh,IN-MP
453771,453771,Sawer,Madhya Pradesh,IN-MP
454001,454001,Dhar,Madhya Pradesh,IN-MP
454010,454010,Pithampur,Madhya Pradesh,IN-MP
454111,454111,Sardarpur,Madhya Pradesh,IN-MP
454116,454116,Rajgarh,Madhya Pradesh,IN-MP
454221,454221,Bag,Madhya Pradesh,IN-MP
454331,454335,Kukshi,Madhya Pradesh,IN-MP
454441,454441,Sardarpur,Madhya Pradesh,IN-MP
454446,454446,Manawar,Madhya Pradesh,IN-MP
454449,454449,Dharampuri,Madhya Pradesh,IN-MP
454552,454552,Dhamnod,Madhya Pradesh,IN-MP
454660,454665,Badnawar,Madhya Pradesh,IN-MP
454773,454773,Dhar,Madhya Pradesh,IN-MP
454774,454775,Pithampur,Madhya Pradesh,IN-MP
455001,455111,Dewas,Madhya Pradesh,IN-MP
455115,455115,Sonkatch,Madhya Pradesh,IN-MP
455116,455116,Tonk Khurd,Madhya Pradesh,IN-MP
455118,455118,Sonkatch,Madhya Pradesh,IN-MP
455221,455221,Karnawad,Madhya Pradesh,IN-MP
455223,455223,Hatpipliya,Madhya Pradesh,IN-MP
455227,455227,Bagli,Madhya Pradesh,IN-MP
455332,455332,Kannod,Madhya Pradesh,IN-MP
455336,455336,Khategaon,Madhya Pradesh,IN-MP
455339,455339,Nemawar,Madhya Pradesh,IN-MP
455440,455440,Kantaphod,Madhya Pradesh,IN-MP
455459,455459,Satwas,Madhya Pradesh,IN-MP
456001,456010,Ujjain,Madhya Pradesh,IN-MP
456221,456221,Unhel,Madhya Pradesh,IN-MP
456222,456222,Badnagar,Madhya Pradesh,IN-MP
456224,456313,Khachrod,Madhya Pradesh,IN-MP
456331,456335,Nagda,Madhya Pradesh,IN-MP
456337,456337,Badnagar,Madhya Pradesh,IN-MP
456440,456440,Mahidpur,Madhya Pradesh,IN-MP
456441,456441,Jharda,Madhya Pradesh,IN-MP
456443,456443,Mahidpur,Madhya Pradesh,IN-MP
456550,456550,Ghatiya,Madhya Pradesh,IN-MP
456661,456664,Ujjain,Madhya Pradesh,IN-MP
456665,456665,Tarana,Madhya Pradesh,IN-MP
456668,456668,Makdon,Madhya Pradesh,IN-MP
456770,456770,Tarana,Madhya Pradesh,IN-MP
456771,456776,Badnagar,Madhya Pradesh,IN-MP
457001,457001,Ratlam,Madhya Pradesh,IN-MP
457114,457114,Alot,Madhya Pradesh,IN-MP
457118,457119,Tal,Madhya Pradesh,IN-MP
457222,457222,Namli,Madhya Pradesh,IN-MP
457226,457226,Jaora,Madhya Pradesh,IN-MP
457331,457333,Piplodha,Madhya Pradesh,IN-MP
457336,457339,Jaora,Madhya Pradesh,IN-MP
457340,457340,Piplodha,Madhya Pradesh,IN-MP
457441,457441,Ratlam,Madhya Pradesh,IN-MP
457550,457550,Sailana,Madhya Pradesh,IN-MP
457555,457555,Bajna,Madhya Pradesh,IN-MP
457661,457661,Jhabua,Madhya Pradesh,IN-MP
457770,457770,Bamna,Madhya Pradesh,IN-MP
457772,457772,Thandla,Madhya Pradesh,IN-MP
457773,457775,Petlawad,Madhya Pradesh,IN-MP
457777,457777,Thandla,Madhya Pradesh,IN-MP
457779,457779,Meghnagar,Madhya Pradesh,IN-MP
457882,457882,Bhabhra,Madhya Pradesh,IN-MP
457885,457885,Kathiwara,Madhya Pradesh,IN-MP
457887,457887,Alirajpur,Madhya Pradesh,IN-MP
457888,457888,Sondawa,Madhya Pradesh,IN-MP
457990,457990,Jobat,Madhya Pradesh,IN-MP
457993,457993,Ranapur,Madhya Pradesh,IN-MP
458001,458002,Mandsaur,Madhya Pradesh,IN-MP
458110,458113,Manasa,Madhya Pradesh,IN-MP
458116,458116,Kukdeshwar,Madhya Pradesh,IN-MP
458118,458118,Rampura,Madhya Pradesh,IN-MP
458220,458220,Sarwaniya Maharaj,Madhya Pradesh,IN-MP
458226,458226,Ratangarh,Madhya Pradesh,IN-MP
458228,458228,Singoli,Madhya Pradesh,IN-MP
458330,458330,Jawad,Madhya Pradesh,IN-MP
458336,458336,Jiran,Madhya Pradesh,IN-MP
458339,458339,Malhargarh,Madhya Pradesh,IN-MP
458389,458389,Sitamau,Madhya Pradesh,IN-MP
458441,458441,Neemuch,Madhya Pradesh,IN-MP
458468,458468,Nayagaon,Madhya Pradesh,IN-MP
458470,458470,Jawad,Madhya Pradesh,IN-MP
458553,458553,Narayangarh,Madhya Pradesh,IN-MP
458556,458556,Malhargarh,Madhya Pradesh,IN-MP
458558,458558,Sitamau,Madhya Pradesh,IN-MP
458664,458664,Piplyamandi,Madhya Pradesh,IN-MP
458667,458669,Daloda,Madhya Pradesh,IN-MP
458771,458775,Bhanpura,Madhya Pradesh,IN-MP
458778,458778,Bhesoda Mandi,Madhya Pradesh,IN-MP
458880,458880,Garoth,Madhya Pradesh,IN-MP
458883,458883,Shamgarh,Madhya Pradesh,IN-MP
458888,458888,Suwasra,Madhya Pradesh,IN-MP
458895,458895,Mandsaur,Madhya Pradesh,IN-MP
458990,458990,Sitamau,Madhya Pradesh,IN-MP
460001,460004,Betul,Madhya Pradesh,IN-MP
460110,460110,Athner,Madhya Pradesh,IN-MP
460220,460220,Bhainsdehi,Madhya Pradesh,IN-MP
460225,460225,Betul,Madhya Pradesh,IN-MP
460330,460330,Chicholi,Madhya Pradesh,IN-MP
460440,460440,Shahpur,Madhya Pradesh,IN-MP
460443,460443,Ghoda Dongri,Madhya Pradesh,IN-MP
460447,460449,Sarni,Madhya Pradesh,IN-MP
460551,460554,Amla,Madhya Pradesh,IN-MP
460557,460663,Multai,Madhya Pradesh,IN-MP
460665,460668,PrabhatPattan,Madhya Pradesh,IN-MP
461001,461110,Hoshangabad,Madhya Pradesh,IN-MP
461111,461115,Itarsi,Madhya Pradesh,IN-MP
461116,461116,Dolariya,Madhya Pradesh,IN-MP
461122,461122,Itarsi,Madhya Pradesh,IN-MP
461221,461223,Seoni Malwa,Madhya Pradesh,IN-MP
461228,461228,Timarni,Madhya Pradesh,IN-MP
461331,461331,Harda,Madhya Pradesh,IN-MP
461335,461335,Sirali,Madhya Pradesh,IN-MP
461441,461441,Khirkiyan,Madhya Pradesh,IN-MP
461446,461551,Itarsi,Madhya Pradesh,IN-MP
461661,461661,Babai,Madhya Pradesh,IN-MP
461668,461771,Sohagpur,Madhya Pradesh,IN-MP
461775,461775,Pipariya,Madhya Pradesh,IN-MP
461881,461881,Pachmarhi,Madhya Pradesh,IN-MP
461990,461990,Bankhedi,Madhya Pradesh,IN-MP
462001,462039,Bhopal,Madhya Pradesh,IN-MP
462040,462040,Kolar,Madhya Pradesh,IN-MP
462041,462045,Bhopal,Madhya Pradesh,IN-MP
462046,462046,Mandideep,Madhya Pradesh,IN-MP
462047,462100,Bhopal,Madhya Pradesh,IN-MP
462101,462120,Berasia,Madhya Pradesh,IN-MP
463106,463111,Berasia,Madhya Pradesh,IN-MP
464001,464001,Vidisha,Madhya Pradesh,IN-MP
464111,464111,Shamshabad,Madhya Pradesh,IN-MP
464113,464113,Vidisha,Madhya Pradesh,IN-MP
464114,464114,Lateri,Madhya Pradesh,IN-MP
464220,464220,Gulabganj,Madhya Pradesh,IN-MP
464221,464221,Ganjbasoda,Madhya Pradesh,IN-MP
464224,464224,Kurwai,Madhya Pradesh,IN-MP
464226,464226,Vidisha,Madhya Pradesh,IN-MP
464228,464228,Sironj,Madhya Pradesh,IN-MP
464240,464240,Bamora,Madhya Pradesh,IN-MP
464258,464258,Nateran,Madhya Pradesh,IN-MP
464331,464331,Gyaraspur,Madhya Pradesh,IN-MP
464334,464334,Tyonda,Madhya Pradesh,IN-MP
464337,464337,Pathari,Madhya Pradesh,IN-MP
464551,464551,Raisen,Madhya Pradesh,IN-MP
464570,464570,Begamganj,Madhya Pradesh,IN-MP
464573,464573,Gairatganj,Madhya Pradesh,IN-MP
464651,464651,Raisen,Madhya Pradesh,IN-MP
464661,464661,Sanchi,Madhya Pradesh,IN-MP
464665,464665,Baraily,Madhya Pradesh,IN-MP
464668,464668,Bareli,Madhya Pradesh,IN-MP
464671,464671,Udaipura,Madhya Pradesh,IN-MP
464672,464672,Baraily,Madhya Pradesh,IN-MP
464770,464770,Udaipura,Madhya Pradesh,IN-MP
464774,464774,Deori,Madhya Pradesh,IN-MP
464776,464776,Hoshangabad,Madhya Pradesh,IN-MP
464881,464881,Begamganj,Madhya Pradesh,IN-MP
464884,464884,Gairatganj,Madhya Pradesh,IN-MP
464886,464886,Silwani,Madhya Pradesh,IN-MP
464986,464986,Sultanpur,Madhya Pradesh,IN-MP
464990,464993,Goharganj,Madhya Pradesh,IN-MP
465001,465001,Shajapur,Madhya Pradesh,IN-MP
465106,465106,Maksi,Madhya Pradesh,IN-MP
465110,465110,Shajapur,Madhya Pradesh,IN-MP
465113,465116,Polaykalan,Madhya Pradesh,IN-MP
465118,465118,Kalapipal,Madhya Pradesh,IN-MP
465220,465220,Gulana,Madhya Pradesh,IN-MP
465223,465223,Akodia,Madhya Pradesh,IN-MP
465226,465226,Moman Badodiya,Madhya Pradesh,IN-MP
465227,465227,Gulana,Madhya Pradesh,IN-MP
465230,465230,Kanad,Madhya Pradesh,IN-MP
465333,465335,Shujalpur,Madhya Pradesh,IN-MP
465337,465337,Pankhedi Kalapipla,Madhya Pradesh,IN-MP
465339,465339,Kalapipal,Madhya Pradesh,IN-MP
465441,465441,Agar,Madhya Pradesh,IN-MP
465445,465445,Nalkheda,Madhya Pradesh,IN-MP
465447,465447,Susner,Madhya Pradesh,IN-MP
465449,465449,Soyatkalan,Madhya Pradesh,IN-MP
465550,465550,Badod,Madhya Pradesh,IN-MP
465661,465661,Rajgarh,Madhya Pradesh,IN-MP
465667,465667,Kurawal,Madhya Pradesh,IN-MP
465669,465669,Narsinghgarh,Madhya Pradesh,IN-MP
465674,465674,Biaora,Madhya Pradesh,IN-MP
465677,465677,Suthaliya,Madhya Pradesh,IN-MP
465679,465679,Khilchipur,Madhya Pradesh,IN-MP
465680,465680,Talen,Madhya Pradesh,IN-MP
465683,465683,Pachore,Madhya Pradesh,IN-MP
465685,465685,Narsinghgarh,Madhya Pradesh,IN-MP
465687,465687,Khujner,Madhya Pradesh,IN-MP
465689,465689,Khilchipur,Madhya Pradesh,IN-MP
465691,465691,Suthaliya,Madhya Pradesh,IN-MP
465693,465693,Machalpur,Madhya Pradesh,IN-MP
465697,465697,Sarangpur,Madhya Pradesh,IN-MP
466001,466113,Sehore,Madhya Pradesh,IN-MP
466114,466114,Kothri,Madhya Pradesh,IN-MP
466115,466115,Icchawar,Madhya Pradesh,IN-MP
466116,466116,Ashta,Madhya Pradesh,IN-MP
466118,466120,Jawar,Madhya Pradesh,IN-MP
466125,466125,Ashta,Madhya Pradesh,IN-MP
466221,466221,Jawar,Madhya Pradesh,IN-MP
466331,466331,Nasrullaganj,Madhya Pradesh,IN-MP
466445,466445,Budni,Madhya Pradesh,IN-MP
466446,466446,Rehati,Madhya Pradesh,IN-MP
466448,466554,Budni,Madhya Pradesh,IN-MP
466651,466665,Shyampur,Madhya Pradesh,IN-MP
470001,470002,Sagar,Madhya Pradesh,IN-MP
470003,470003,Saugor,Madhya Pradesh,IN-MP
470004,470004,Makroniya,Madhya Pradesh,IN-MP
470021,470051,Sagar,Madhya Pradesh,IN-MP
470113,470113,Bina Etawa,Madhya Pradesh,IN-MP
470115,470115,Sagar,Madhya Pradesh,IN-MP
470117,470117,Khurai,Madhya Pradesh,IN-MP
470118,470118,Jaisinagar,Madhya Pradesh,IN-MP
470119,470120,Rahatgarh,Madhya Pradesh,IN-MP
470124,470124,Bina,Madhya Pradesh,IN-MP
470125,470221,Sagar,Madhya Pradesh,IN-MP
470223,470226,Deori,Madhya Pradesh,IN-MP
470227,470227,Rehli,Madhya Pradesh,IN-MP
470228,470228,Dhana,Madhya Pradesh,IN-MP
470229,470232,Garhakota,Madhya Pradesh,IN-MP
470235,470235,Kesli,Madhya Pradesh,IN-MP
470335,470335,Banda,Madhya Pradesh,IN-MP
470337,470337,Karrapur,Madhya Pradesh,IN-MP
470339,470340,Shahgarh,Madhya Pradesh,IN-MP
470441,470441,Malthon,Madhya Pradesh,IN-MP
470442,470442,Bandri,Madhya Pradesh,IN-MP
470661,470661,Damoh,Madhya Pradesh,IN-MP
470663,470663,Jabera,Madhya Pradesh,IN-MP
470664,470664,Damoh,Madhya Pradesh,IN-MP
470666,470666,Patharia,Madhya Pradesh,IN-MP
470669,470669,Shahpur,Madhya Pradesh,IN-MP
470672,470672,Damoh,Madhya Pradesh,IN-MP
470673,470673,Batiyagarh,Madhya Pradesh,IN-MP
470675,470675,Patharia,Madhya Pradesh,IN-MP
470771,470771,Hindoria,Madhya Pradesh,IN-MP
470772,470772,Patera,Madhya Pradesh,IN-MP
470775,470775,Hatta,Madhya Pradesh,IN-MP
470880,470880,Tendukheda,Madhya Pradesh,IN-MP
470881,470881,Jabera,Madhya Pradesh,IN-MP
471001,471001,Chhatarpur,Madhya Pradesh,IN-MP
471101,471105,Rajnagar,Madhya Pradesh,IN-MP
471111,471111,Harpalpur,Madhya Pradesh,IN-MP
471201,471201,Nagaon,Madhya Pradesh,IN-MP
471301,471301,Bijawar,Madhya Pradesh,IN-MP
471311,471311,Bada Malhera,Madhya Pradesh,IN-MP
471313,471313,Ghuwara,Madhya Pradesh,IN-MP
471315,471315,Chhatarpur,Madhya Pradesh,IN-MP
471318,471318,Buxwaha,Madhya Pradesh,IN-MP
471405,471405,Bijawar,Madhya Pradesh,IN-MP
471408,471408,Satai,Madhya Pradesh,IN-MP
471411,471501,Maharajpur,Madhya Pradesh,IN-MP
471510,471510,Gaurihar,Madhya Pradesh,IN-MP
471515,471515,Laundi,Madhya Pradesh,IN-MP
471516,471516,Gaurihar,Madhya Pradesh,IN-MP
471525,471525,Chandla,Madhya Pradesh,IN-MP
471606,471606,Khajuraho,Madhya Pradesh,IN-MP
471625,471625,Rajnagar,Madhya Pradesh,IN-MP
472001,472005,Tikamgarh,Madhya Pradesh,IN-MP
472010,472010,Badagaon,Madhya Pradesh,IN-MP
472101,472101,Mohangarh,Madhya Pradesh,IN-MP
472111,472111,Baldeogarh,Madhya Pradesh,IN-MP
472115,472115,Khargapur,Madhya Pradesh,IN-MP
472118,472118,Jatara,Madhya Pradesh,IN-MP
472221,472221,Palera,Madhya Pradesh,IN-MP
472246,472246,Orchha,Madhya Pradesh,IN-MP
472331,472331,Lidhorakhas,Madhya Pradesh,IN-MP
472336,472337,Prithvipur,Madhya Pradesh,IN-MP
472339,472339,Jatara,Madhya Pradesh,IN-MP
472442,472445,Niwari,Madhya Pradesh,IN-MP
472447,472447,Prithvipur,Madhya Pradesh,IN-MP
473001,473001,Guna,Madhya Pradesh,IN-MP
473101,473101,Aron,Madhya Pradesh,IN-MP
473105,473105,Bamori,Madhya Pradesh,IN-MP
473110,473110,Radhogarh,Madhya Pradesh,IN-MP
473111,473111,Kumbhraj,Madhya Pradesh,IN-MP
473112,473112,Radhogarh,Madhya Pradesh,IN-MP
473113,473113,Guna,Madhya Pradesh,IN-MP
473115,473118,Chachaura,Madhya Pradesh,IN-MP
473222,473222,Kumbhraj,Madhya Pradesh,IN-MP
473226,473226,Radhogarh,Madhya Pradesh,IN-MP
473249,473249,Guna,Madhya Pradesh,IN-MP
473287,473287,Maksoodangarh,Madhya Pradesh,IN-MP
473330,473330,Shadora,Madhya Pradesh,IN-MP
473331,473331,Ashoknagar,Madhya Pradesh,IN-MP
473332,473332,Nai Sarai,Madhya Pradesh,IN-MP
473335,473335,Isagarh,Madhya Pradesh,IN-MP
473440,473440,Piparai,Madhya Pradesh,IN-MP
473443,473444,Mungaoli,Madhya Pradesh,IN-MP
473445,473445,Bahadurpur,Madhya Pradesh,IN-MP
473446,473446,Chanderi,Madhya Pradesh,IN-MP
473551,473551,Shivpuri,Madhya Pradesh,IN-MP
473585,473585,Bamor Kalan,Madhya Pradesh,IN-MP
473638,473638,Shivpuri,Madhya Pradesh,IN-MP
473660,473665,Karera,Madhya Pradesh,IN-MP
473670,473670,Pichhor,Madhya Pradesh,IN-MP
473770,473774,Kolaras,Madhya Pradesh,IN-MP
473775,473775,Pohari,Madhya Pradesh,IN-MP
473781,473781,Rannod,Madhya Pradesh,IN-MP
473793,473793,Bairad,Madhya Pradesh,IN-MP
473865,473880,Narwar,Madhya Pradesh,IN-MP
473885,473885,Badarwas,Madhya Pradesh,IN-MP
473990,473990,Khaniadhana,Madhya Pradesh,IN-MP
473995,473995,Pichhor,Madhya Pradesh,IN-MP
474001,474005,Gwalior,Madhya Pradesh,IN-MP
474006,474006,Morar,Madhya Pradesh,IN-MP
474007,474009,Gwalior,Madhya Pradesh,IN-MP
474010,474010,Gird,Madhya Pradesh,IN-MP
474011,474020,Gwalior,Madhya Pradesh,IN-MP
475001,475001,Antri,Madhya Pradesh,IN-MP
475002,475002,Tansen,Madhya Pradesh,IN-MP
475005,475005,Tekanpur,Madhya Pradesh,IN-MP
475110,475110,Dabra,Madhya Pradesh,IN-MP
475115,475115,Pichhore,Madhya Pradesh,IN-MP
475220,475220,Bitarwar,Madhya Pradesh,IN-MP
475330,475330,Mohna,Madhya Pradesh,IN-MP
475335,475336,Bhander,Madhya Pradesh,IN-MP
475661,475671,Datia,Madhya Pradesh,IN-MP
475673,475673,Seondha,Madhya Pradesh,IN-MP
475675,475675,Indergarh,Madhya Pradesh,IN-MP
475682,475682,Seondha,Madhya Pradesh,IN-MP
475685,475685,Badoni,Madhya Pradesh,IN-MP
475686,475686,Karera,Madhya Pradesh,IN-MP
476001,476001,Morena,Madhya Pradesh,IN-MP
476111,476111,Ambah,Madhya Pradesh,IN-MP
476115,476115,Porsa,Madhya Pradesh,IN-MP
476134,476134,Ambah,Madhya Pradesh,IN-MP
476219,476228,Jora,Madhya Pradesh,IN-MP
476229,476229,Sabalgarh,Madhya Pradesh,IN-MP
476332,476332,Bijaypur,Madhya Pradesh,IN-MP
476335,476335,Beerpur,Madhya Pradesh,IN-MP
476337,476337,Sheopur,Madhya Pradesh,IN-MP
476339,476339,Badoda,Madhya Pradesh,IN-MP
476355,476355,Karahal,Madhya Pradesh,IN-MP
476444,476444,Bamore,Madhya Pradesh,IN-MP
476554,476554,Ambah,Madhya Pradesh,IN-MP
477001,477105,Bhind,Madhya Pradesh,IN-MP
477111,477111,Ater,Madhya Pradesh,IN-MP
477116,477116,Gohad,Madhya Pradesh,IN-MP
477117,477117,Malanpur,Madhya Pradesh,IN-MP
477222,477222,Mau,Madhya Pradesh,IN-MP
477227,477227,Mehgaon,Madhya Pradesh,IN-MP
477331,477331,Umri,Madhya Pradesh,IN-MP
477332,477332,Akoda,Madhya Pradesh,IN-MP
477333,477333,Bhind,Madhya Pradesh,IN-MP
477335,477335,Raun,Madhya Pradesh,IN-MP
477441,477441,Mihona,Madhya Pradesh,IN-MP
477445,477446,Lahar,Madhya Pradesh,IN-MP
477447,477447,Daboh,Madhya Pradesh,IN-MP
477449,477449,Alampur,Madhya Pradesh,IN-MP
477450,477450,Lahar,Madhya Pradesh,IN-MP
477555,477555,Ater,Madhya Pradesh,IN-MP
477557,477557,Mehgaon,Madhya Pradesh,IN-MP
477566,477566,Bhind,Madhya Pradesh,IN-MP
477660,477660,Gormi,Madhya Pradesh,IN-MP
480001,480003,Chhindwara,Madhya Pradesh,IN-MP
480105,480106,Sausar,Madhya Pradesh,IN-MP
480107,480107,Mohkhed,Madhya Pradesh,IN-MP
480108,480108,Lodhikheda,Madhya Pradesh,IN-MP
480109,480109,Pipla Narayanwar,Madhya Pradesh,IN-MP
480110,480110,Chand,Madhya Pradesh,IN-MP
480111,480111,Bichhua,Madhya Pradesh,IN-MP
480112,480112,Mohkhed,Madhya Pradesh,IN-MP
480115,480115,Chorai,Madhya Pradesh,IN-MP
480221,480223,Amarwara,Madhya Pradesh,IN-MP
480224,480224,Harrai,Madhya Pradesh,IN-MP
480331,480331,Mohkhed,Madhya Pradesh,IN-MP
480334,480338,Pandhurna,Madhya Pradesh,IN-MP
480441,480449,Parasia,Madhya Pradesh,IN-MP
480551,480551,Jamai,Madhya Pradesh,IN-MP
480555,480555,Damua,Madhya Pradesh,IN-MP
480557,480557,Newton Chikhali,Madhya Pradesh,IN-MP
480559,480559,Tamia,Madhya Pradesh,IN-MP
480661,480661,Seoni,Madhya Pradesh,IN-MP
480667,480771,Barghat,Madhya Pradesh,IN-MP
480880,480881,Kurai,Madhya Pradesh,IN-MP
480882,480882,Seoni,Madhya Pradesh,IN-MP
480884,480884,Chhapara,Madhya Pradesh,IN-MP
480886,480888,Lakhnadon,Madhya Pradesh,IN-MP
480990,480990,Seoni,Madhya Pradesh,IN-MP
480991,480996,Keolari,Madhya Pradesh,IN-MP
480997,480997,Ghansor,Madhya Pradesh,IN-MP
480999,480999,Ghansaur,Madhya Pradesh,IN-MP
481001,481001,Balaghat,Madhya Pradesh,IN-MP
481051,481051,Malajkhand,Madhya Pradesh,IN-MP
481102,481102,Balaghat,Madhya Pradesh,IN-MP
481105,481105,Ukwa,Madhya Pradesh,IN-MP
481111,481111,Baihar,Madhya Pradesh,IN-MP
481115,481115,Kirnapur,Madhya Pradesh,IN-MP
481116,481116,Malajkhand,Madhya Pradesh,IN-MP
481117,481117,Baihar,Madhya Pradesh,IN-MP
481222,481224,Lanji,Madhya Pradesh,IN-MP
481226,481226,Kirnapur,Madhya Pradesh,IN-MP
481331,481332,Waraseoni,Madhya Pradesh,IN-MP
481335,481337,Khairlanji,Madhya Pradesh,IN-MP
481441,481441,Lalbarra,Madhya Pradesh,IN-MP
481445,481445,Katangi,Madhya Pradesh,IN-MP
481449,481449,Tirodi,Madhya Pradesh,IN-MP
481551,481551,Balaghat,Madhya Pradesh,IN-MP
481556,481556,Paraswada,Madhya Pradesh,IN-MP
481661,481661,Mandla,Madhya Pradesh,IN-MP
481662,481662,Narayanganj,Madhya Pradesh,IN-MP
481663,481664,Ghughari,Madhya Pradesh,IN-MP
481665,481665,Mandla,Madhya Pradesh,IN-MP
481666,481666,Narayanganj,Madhya Pradesh,IN-MP
481668,481668,Nainpur,Madhya Pradesh,IN-MP
481672,481672,Shahpura,Madhya Pradesh,IN-MP
481768,481768,Nainpur,Madhya Pradesh,IN-MP
481771,481771,Mandla,Madhya Pradesh,IN-MP
481776,481776,Nainpur,Madhya Pradesh,IN-MP
481778,481778,Dindori,Madhya Pradesh,IN-MP
481879,481879,Shahpur,Madhya Pradesh,IN-MP
481880,481880,Dindori,Madhya Pradesh,IN-MP
481882,481884,Bajag,Madhya Pradesh,IN-MP
481885,481885,Niwas,Madhya Pradesh,IN-MP
481990,481990,Shahpura,Madhya Pradesh,IN-MP
481995,481998,Bichhiya,Madhya Pradesh,IN-MP
482001,482004,Jabalpur,Madhya Pradesh,IN-MP
482005,482005,Panagar,Madhya Pradesh,IN-MP
482008,482021,Jabalpur,Madhya Pradesh,IN-MP
482051,482051,Bargi,Madhya Pradesh,IN-MP
482056,482056,Jabalpur,Madhya Pradesh,IN-MP
483001,483001,Barela,Madhya Pradesh,IN-MP
483053,483053,Bhedaghat,Madhya Pradesh,IN-MP
483105,483105,Katangi,Madhya Pradesh,IN-MP
483110,483110,Kundam,Madhya Pradesh,IN-MP
483113,483113,Patan,Madhya Pradesh,IN-MP
483119,483119,Shahpura,Madhya Pradesh,IN-MP
483220,483220,Panagar,Madhya Pradesh,IN-MP
483222,483225,Sihora,Madhya Pradesh,IN-MP
483330,483331,Bahoriband,Madhya Pradesh,IN-MP
483332,483332,Dhimarkheda,Madhya Pradesh,IN-MP
483334,483334,Sihora,Madhya Pradesh,IN-MP
483336,483336,Manjholi,Madhya Pradesh,IN-MP
483440,483440,Sleemnbad,Madhya Pradesh,IN-MP
483442,483442,Murwara or Katni,Madhya Pradesh,IN-MP
483501,483504,Katni,Madhya Pradesh,IN-MP
483770,483770,Barhi,Madhya Pradesh,IN-MP
483773,483773,Badwara,Madhya Pradesh,IN-MP
483775,483775,Vijayraghavgarh,Madhya Pradesh,IN-MP
483880,483880,Kaymore,Madhya Pradesh,IN-MP
483990,483990,Rithi,Madhya Pradesh,IN-MP
484001,484001,Shahdol,Madhya Pradesh,IN-MP
484110,484110,Burhar,Madhya Pradesh,IN-MP
484113,484113,Jaithari,Madhya Pradesh,IN-MP
484114,484114,Dhanpuri,Madhya Pradesh,IN-MP
484116,484224,Anuppur,Madhya Pradesh,IN-MP
484330,484330,Jaithari,Madhya Pradesh,IN-MP
484334,484336,Kotma,Madhya Pradesh,IN-MP
484440,484440,Bijuri,Madhya Pradesh,IN-MP
484444,484444,Pasan,Madhya Pradesh,IN-MP
484446,484447,Kotma,Madhya Pradesh,IN-MP
484551,484551,Pali,Madhya Pradesh,IN-MP
484555,484555,Nowrozabad,Madhya Pradesh,IN-MP
484660,484660,Chandia,Madhya Pradesh,IN-MP
484661,484661,Umaria,Madhya Pradesh,IN-MP
484664,484665,Manpur U,Madhya Pradesh,IN-MP
484669,484669,Jaitpur,Madhya Pradesh,IN-MP
484770,484770,Gohparu,Madhya Pradesh,IN-MP
484771,484771,Jaisinghnagar,Madhya Pradesh,IN-MP
484774,484774,Beohari,Madhya Pradesh,IN-MP
484776,484776,Khand,Madhya Pradesh,IN-MP
484881,484881,Pushparajgarh,Madhya Pradesh,IN-MP
484886,484886,Amarkantak,Madhya Pradesh,IN-MP
484887,484887,Pushparajgarh,Madhya Pradesh,IN-MP
485001,485001,Satna,Madhya Pradesh,IN-MP
485005,485005,Raghurajnagar Nagareey,Madhya Pradesh,IN-MP
485111,485111,Rampur Baghelan,Madhya Pradesh,IN-MP
485112,485112,Kotar,Madhya Pradesh,IN-MP
485113,485113,Madhogarh,Madhya Pradesh,IN-MP
485114,485114,Raghurajnagar Nagareey,Madhya Pradesh,IN-MP
485115,485115,Rampur Baghelan,Madhya Pradesh,IN-MP
485221,485221,Jaitwara,Madhya Pradesh,IN-MP
485226,485226,Birsinghpur,Madhya Pradesh,IN-MP
485331,485334,Majhgawan,Madhya Pradesh,IN-MP
485441,485447,Nagod,Madhya Pradesh,IN-MP
485551,485661,Unchahara,Madhya Pradesh,IN-MP
485666,485666,Kothi,Madhya Pradesh,IN-MP
485771,485774,Maihar,Madhya Pradesh,IN-MP
485775,485778,Amarpatan,Madhya Pradesh,IN-MP
485881,485881,Ramnagar,Madhya Pradesh,IN-MP
486001,486006,Rewa,Madhya Pradesh,IN-MP
486111,486111,Mangawan,Madhya Pradesh,IN-MP
486114,486114,Raipur - Karchuliyan,Madhya Pradesh,IN-MP
486115,486115,Semaria,Madhya Pradesh,IN-MP
486117,486117,Sirmour,Madhya Pradesh,IN-MP
486123,486123,Gurh,Madhya Pradesh,IN-MP
486220,486220,Teonthar,Madhya Pradesh,IN-MP
486223,486223,Jawa,Madhya Pradesh,IN-MP
486226,486226,Chakghat,Madhya Pradesh,IN-MP
486331,486333,Mauganj,Madhya Pradesh,IN-MP
486335,486335,Hanumana,Madhya Pradesh,IN-MP
486338,486338,Mauganj,Madhya Pradesh,IN-MP
486340,486340,Naigarhi,Madhya Pradesh,IN-MP
486341,486341,Mauganj,Madhya Pradesh,IN-MP
486440,486440,Sirmour,Madhya Pradesh,IN-MP
486441,486441,Baikunthpur,Madhya Pradesh,IN-MP
486445,486445,Semaria,Madhya Pradesh,IN-MP
486446,486446,Mangawan,Madhya Pradesh,IN-MP
486447,486447,Jawa,Madhya Pradesh,IN-MP
486448,486448,Sirmour,Madhya Pradesh,IN-MP
486450,486450,Rewa,Madhya Pradesh,IN-MP
486550,486550,Govindgarh,Madhya Pradesh,IN-MP
486553,486553,Gurh,Madhya Pradesh,IN-MP
486556,486556,Dabhoura,Madhya Pradesh,IN-MP
486661,486661,Sidhi,Madhya Pradesh,IN-MP
486666,486666,Majhauli,Madhya Pradesh,IN-MP
486669,486669,Kusmi,Madhya Pradesh,IN-MP
486670,486670,Sihawal,Madhya Pradesh,IN-MP
486675,486675,Bahari,Madhya Pradesh,IN-MP
486771,486771,Churhat,Madhya Pradesh,IN-MP
486775,486776,Rampur Naikin,Madhya Pradesh,IN-MP
486881,486881,Deosar,Madhya Pradesh,IN-MP
486882,486882,Chitrangi,Madhya Pradesh,IN-MP
486884,486890,Singrauli,Madhya Pradesh,IN-MP
486892,486892,Chitrangi,Madhya Pradesh,IN-MP
487001,487110,Narsimhapur,Madhya Pradesh,IN-MP
487114,487118,Gotegaon,Madhya Pradesh,IN-MP
487221,487330,Kareli,Madhya Pradesh,IN-MP
487334,487337,Tendukheda,Madhya Pradesh,IN-MP
487441,487555,Gadarwara,Madhya Pradesh,IN-MP
487661,487661,Saikheda,Madhya Pradesh,IN-MP
487770,487770,Chichli,Madhya Pradesh,IN-MP
487881,487881,Gadarwara,Madhya Pradesh,IN-MP
488001,488050,Panna,Madhya Pradesh,IN-MP
488059,488059,Gunnor,Madhya Pradesh,IN-MP
488220,488222,Ajaigarh,Madhya Pradesh,IN-MP
488333,488333,Devendra Nagar,Madhya Pradesh,IN-MP
488441,488441,Amanganj,Madhya Pradesh,IN-MP
488442,488442,Simariya,Madhya Pradesh,IN-MP
488443,488443,Raipura,Madhya Pradesh,IN-MP
488446,488446,Pawai,Madhya Pradesh,IN-MP
488448,488448,Shahnagar,Madhya Pradesh,IN-MP
490001,490001,Bhilai,Chhattisgarh,IN-CG
490006,490020,Bhilai Nagar,Chhattisgarh,IN-CG
490021,490021,Bhilai,Chhattisgarh,IN-CG
490022,490022,Durg,Chhattisgarh,IN-CG
490023,490023,Bhilai Nagar,Chhattisgarh,IN-CG
490024,490024,Durg,Chhattisgarh,IN-CG
490025,490025,Bhilai Charoda,Chhattisgarh,IN-CG
490026,490026,Bhilai Nagar,Chhattisgarh,IN-CG
490036,490036,Dhamdha,Chhattisgarh,IN-CG
490042,490042,Kumhari,Chhattisgarh,IN-CG
491001,491001,Durg,Chhattisgarh,IN-CG
491107,491107,Utai,Chhattisgarh,IN-CG
491111,491111,Patan,Chhattisgarh,IN-CG
491221,491221,Durg,Chhattisgarh,IN-CG
491222,491223,Gunderdehi,Chhattisgarh,IN-CG
491225,491225,Arjunda,Chhattisgarh,IN-CG
491226,491226,Balod,Chhattisgarh,IN-CG
491227,491227,Gurur,Chhattisgarh,IN-CG
491228,491228,Dalli-Rajhara,Chhattisgarh,IN-CG
491229,491229,Aundhi,Chhattisgarh,IN-CG
491230,491230,Doundi,Chhattisgarh,IN-CG
491331,491331,Dhamdha,Chhattisgarh,IN-CG
491332,491332,Berla,Chhattisgarh,IN-CG
491335,491335,Bemetara,Chhattisgarh,IN-CG
491336,491336,Kawardha,Chhattisgarh,IN-CG
491337,491337,Nawagarh,Chhattisgarh,IN-CG
491338,491338,Thanakhamria,Chhattisgarh,IN-CG
491340,491340,Nawagarh,Chhattisgarh,IN-CG
491441,491444,Rajnandgaon,Chhattisgarh,IN-CG
491445,491557,Dongargarh,Chhattisgarh,IN-CG
491558,491558,Chhuriya,Chhattisgarh,IN-CG
491559,491559,Pandariya,Chhattisgarh,IN-CG
491661,491661,Dongargaon,Chhattisgarh,IN-CG
491665,491665,Ambagarh Chowki,Chhattisgarh,IN-CG
491666,491666,Mohla,Chhattisgarh,IN-CG
491668,491668,Ambagarh,Chhattisgarh,IN-CG
491771,491771,Daundi Lohara,Chhattisgarh,IN-CG
491881,491881,Khairagarh,Chhattisgarh,IN-CG
491885,491885,Chhuikhadan,Chhattisgarh,IN-CG
491888,491888,Salhewara,Chhattisgarh,IN-CG
491993,491993,Saja,Chhattisgarh,IN-CG
491995,491995,Kawardha,Chhattisgarh,IN-CG
491996,491996,Sahaspur-Loahara,Chhattisgarh,IN-CG
492001,492001,Raipur,Chhattisgarh,IN-CG
492002,492002,Arang,Chhattisgarh,IN-CG
492003,492003,Birgaon,Chhattisgarh,IN-CG
492004,492014,Raipur,Chhattisgarh,IN-CG
492015,492015,Mana-Camp,Chhattisgarh,IN-CG
492016,492017,Raipur,Chhattisgarh,IN-CG
492018,492018,Arang,Chhattisgarh,IN-CG
492099,492099,Raipur,Chhattisgarh,IN-CG
492101,492101,Mandir Hasoud,Chhattisgarh,IN-CG
492109,492109,Chhura,Chhattisgarh,IN-CG
492112,492112,Kasdol,Chhattisgarh,IN-CG
493101,493101,Simga,Chhattisgarh,IN-CG
493111,493111,Raipur,Chhattisgarh,IN-CG
493113,493113,Simga,Chhattisgarh,IN-CG
493114,493116,Tilda,Chhattisgarh,IN-CG
493118,493118,Bhatapara,Chhattisgarh,IN-CG
493195,493195,Simga,Chhattisgarh,IN-CG
493196,493196,Bhakhara,Chhattisgarh,IN-CG
493221,493221,Birgaon,Chhattisgarh,IN-CG
493222,493222,Bhatgaon,Chhattisgarh,IN-CG
493225,493225,Kharora,Chhattisgarh,IN-CG
493228,493228,Palari,Chhattisgarh,IN-CG
493229,493229,Raipur,Chhattisgarh,IN-CG
493331,493331,Simga,Chhattisgarh,IN-CG
493332,493332,Balodabazar,Chhattisgarh,IN-CG
493335,493335,Kasdol,Chhattisgarh,IN-CG
493338,493338,Bilaigarh,Chhattisgarh,IN-CG
493344,493344,Kasdol,Chhattisgarh,IN-CG
493441,493441,Arang,Chhattisgarh,IN-CG
493445,493445,Mahasamund,Chhattisgarh,IN-CG
493448,493449,Bagbahara,Chhattisgarh,IN-CG
493526,493526,Lawan,Chhattisgarh,IN-CG
493551,493551,Pithora,Chhattisgarh,IN-CG
493554,493554,Basna,Chhattisgarh,IN-CG
493555,493555,Pithora,Chhattisgarh,IN-CG
493558,493558,Saraipali,Chhattisgarh,IN-CG
493559,493559,Bhatgaon,Chhattisgarh,IN-CG
493661,493661,Abhanpur,Chhattisgarh,IN-CG
493662,493662,Magarlod,Chhattisgarh,IN-CG
493663,493663,Kurud,Chhattisgarh,IN-CG
493770,493770,Bhakhara,Chhattisgarh,IN-CG
493773,493776,Dhamtari,Chhattisgarh,IN-CG
493778,493778,Nagri,Chhattisgarh,IN-CG
493881,493881,Gobranawapara,Chhattisgarh,IN-CG
493885,493887,Rajim,Chhattisgarh,IN-CG
493888,493888,Mainpur,Chhattisgarh,IN-CG
493889,493889,Gariyaband,Chhattisgarh,IN-CG
493890,493890,Deobhog,Chhattisgarh,IN-CG
493891,493891,Mainpur,Chhattisgarh,IN-CG
493992,493992,Fingeshwar,Chhattisgarh,IN-CG
493996,493996,Chhura,Chhattisgarh,IN-CG
494001,494001,Jagdalpur,Chhattisgarh,IN-CG
494010,494010,Lohandiguda,Chhattisgarh,IN-CG
494111,494111,Sukma,Chhattisgarh,IN-CG
494114,494114,Konta,Chhattisgarh,IN-CG
494115,494115,Darbha,Chhattisgarh,IN-CG
494122,494122,Dornapal,Chhattisgarh,IN-CG
494221,494222,Bakavand,Chhattisgarh,IN-CG
494223,494224,Bastar,Chhattisgarh,IN-CG
494226,494226,Kondagaon,Chhattisgarh,IN-CG
494228,494229,Farasgaon,Chhattisgarh,IN-CG
494230,494230,Keskal,Chhattisgarh,IN-CG
494237,494237,Makdi,Chhattisgarh,IN-CG
494331,494331,Keskal,Chhattisgarh,IN-CG
494332,494332,Kanker,Chhattisgarh,IN-CG
494333,494333,Narharpur,Chhattisgarh,IN-CG
494334,494334,Kanker,Chhattisgarh,IN-CG
494335,494335,Narharpur,Chhattisgarh,IN-CG
494336,494337,Charama,Chhattisgarh,IN-CG
494347,494347,Bade Rajpur,Chhattisgarh,IN-CG
494441,494441,Geedam,Chhattisgarh,IN-CG
494442,494442,Bastanar,Chhattisgarh,IN-CG
494444,494444,Bijapur,Chhattisgarh,IN-CG
494446,494446,Bhopalpttnam,Chhattisgarh,IN-CG
494447,494447,Usur,Chhattisgarh,IN-CG
494448,494448,Bhopalpttnam,Chhattisgarh,IN-CG
494449,494449,Dantewada,Chhattisgarh,IN-CG
494450,494450,Bhairamgarh,Chhattisgarh,IN-CG
494552,494552,Kuakonda,Chhattisgarh,IN-CG
494553,494553,Dantewada,Chhattisgarh,IN-CG
494556,494556,Kirandul,Chhattisgarh,IN-CG
494635,494635,Bhanupratappur,Chhattisgarh,IN-CG
494661,494661,Narayanpur,Chhattisgarh,IN-CG
494665,494665,Antagarh,Chhattisgarh,IN-CG
494669,494670,Bhanupratappur,Chhattisgarh,IN-CG
494771,494777,Pakhanjur,Chhattisgarh,IN-CG
495001,495001,Bilaspur,Chhattisgarh,IN-CG
495003,495003,Takhatpur,Chhattisgarh,IN-CG
495004,495009,Bilaspur,Chhattisgarh,IN-CG
495112,495112,Takhatpur,Chhattisgarh,IN-CG
495113,495113,Kota,Chhattisgarh,IN-CG
495115,495115,Lormi,Chhattisgarh,IN-CG
495116,495116,Kota,Chhattisgarh,IN-CG
495117,495117,Pendra,Chhattisgarh,IN-CG
495118,495118,Marwahi,Chhattisgarh,IN-CG
495119,495119,Pendra,Chhattisgarh,IN-CG
495220,495220,Bodri,Chhattisgarh,IN-CG
495222,495222,Takhatpur,Chhattisgarh,IN-CG
495224,495224,Bilha,Chhattisgarh,IN-CG
495330,495330,Takhatpur,Chhattisgarh,IN-CG
495334,495334,Mungeli,Chhattisgarh,IN-CG
495335,495335,Pathariya,Chhattisgarh,IN-CG
495442,495442,Ratanpur,Chhattisgarh,IN-CG
495444,495445,Katghora,Chhattisgarh,IN-CG
495446,495446,Pali,Chhattisgarh,IN-CG
495447,495447,Korba,Chhattisgarh,IN-CG
495448,495448,Katghora,Chhattisgarh,IN-CG
495449,495449,Pali,Chhattisgarh,IN-CG
495450,495450,Korba,Chhattisgarh,IN-CG
495452,495452,Dipka,Chhattisgarh,IN-CG
495454,495455,Korba,Chhattisgarh,IN-CG
495550,495551,Masturi,Chhattisgarh,IN-CG
495552,495553,Akaltara,Chhattisgarh,IN-CG
495554,495554,Pamgarh,Chhattisgarh,IN-CG
495555,495555,Masturi,Chhattisgarh,IN-CG
495556,495556,Kharod,Chhattisgarh,IN-CG
495557,495557,Seorinarayan,Chhattisgarh,IN-CG
495559,495559,Baloda,Chhattisgarh,IN-CG
495660,495661,Champa,Chhattisgarh,IN-CG
495663,495663,Akaltara,Chhattisgarh,IN-CG
495668,495668,Janjgir,Chhattisgarh,IN-CG
495669,495669,Baloda,Chhattisgarh,IN-CG
495671,495671,Champa,Chhattisgarh,IN-CG
495674,495684,Korba,Chhattisgarh,IN-CG
495686,495686,Saragaon,Chhattisgarh,IN-CG
495687,495687,Naya Baradwar,Chhattisgarh,IN-CG
495688,495688,Dabhara,Chhattisgarh,IN-CG
495689,495689,Sakti,Chhattisgarh,IN-CG
495690,495690,Jaijepur,Chhattisgarh,IN-CG
495691,495691,Malkharoda,Chhattisgarh,IN-CG
495692,495692,Chandrapur,Chhattisgarh,IN-CG
495695,495695,Adbhar,Chhattisgarh,IN-CG
496001,496005,Raigarh,Chhattisgarh,IN-CG
496100,496100,Pusour,Chhattisgarh,IN-CG
496107,496109,Tamnar,Chhattisgarh,IN-CG
496111,496111,Gharghoda,Chhattisgarh,IN-CG
496113,496115,Lailunga,Chhattisgarh,IN-CG
496116,496116,Dharamjaigarh,Chhattisgarh,IN-CG
496118,496220,Pathalgaon,Chhattisgarh,IN-CG
496223,496223,Kansabel,Chhattisgarh,IN-CG
496224,496224,Bagicha,Chhattisgarh,IN-CG
496225,496225,Kunkuri,Chhattisgarh,IN-CG
496227,496245,Farsabahar,Chhattisgarh,IN-CG
496330,496330,Manora,Chhattisgarh,IN-CG
496331,496331,Jashpurnagar,Chhattisgarh,IN-CG
496334,496334,Duldula,Chhattisgarh,IN-CG
496336,496336,Bagicha,Chhattisgarh,IN-CG
496338,496338,Jashpur,Chhattisgarh,IN-CG
496440,496440,Pusaur,Chhattisgarh,IN-CG
496445,496450,Sarangarh,Chhattisgarh,IN-CG
496551,496551,Baramkela,Chhattisgarh,IN-CG
496554,496554,Sariya,Chhattisgarh,IN-CG
496661,496661,Kharsia,Chhattisgarh,IN-CG
496665,496665,Udaipur,Chhattisgarh,IN-CG
497001,497001,Ambikapur,Chhattisgarh,IN-CG
497101,497101,Batouli,Chhattisgarh,IN-CG
497111,497114,Sitapur,Chhattisgarh,IN-CG
497116,497116,Lakhanpur,Chhattisgarh,IN-CG
497117,497117,Udaypur,Chhattisgarh,IN-CG
497118,497118,Rajpur,Chhattisgarh,IN-CG
497119,497119,Balrampur,Chhattisgarh,IN-CG
497220,497220,Ramanujganj,Chhattisgarh,IN-CG
497223,497223,Pratappur,Chhattisgarh,IN-CG
497224,497224,Kusmi,Chhattisgarh,IN-CG
497225,497225,Wadrafnagar,Chhattisgarh,IN-CG
497226,497226,Bishrampur,Chhattisgarh,IN-CG
497229,497229,Surajpur,Chhattisgarh,IN-CG
497231,497231,Oudgi,Chhattisgarh,IN-CG
497235,497235,Bhatgaon,Chhattisgarh,IN-CG
497331,497331,Baikunthpur,Chhattisgarh,IN-CG
497333,497333,Ramanujnagar,Chhattisgarh,IN-CG
497335,497335,Baikunthpur,Chhattisgarh,IN-CG
497339,497339,Shivpurcharcha,Chhattisgarh,IN-CG
497442,497448,Manendragarh,Chhattisgarh,IN-CG
497449,497450,Khadganva,Chhattisgarh,IN-CG
497451,497773,Chirmiri,Chhattisgarh,IN-CG
497778,497778,Bharatpur,Chhattisgarh,IN-CG
500001,500115,Hyderabad,Telangana,IN-TS
501101,501102,Vikarabad,Telangana,IN-TS
501106,501106,Kotepally,Telangana,IN-TS
501111,501111,Nawabpet,Telangana,IN-TS
501121,501121,Dharur,Telangana,IN-TS
501141,501141,Tandur,Telangana,IN-TS
501142,501142,Peddemul,Telangana,IN-TS
501143,501143,Basheerabad,Telangana,IN-TS
501144,501144,Yelal,Telangana,IN-TS
501158,501158,Tandur,Telangana,IN-TS
501202,501202,Mominpet,Telangana,IN-TS
501203,501203,Shankarpally,Telangana,IN-TS
501218,501218,Shamshabad,Telangana,IN-TS
501301,501301,Ghatkesar,Telangana,IN-TS
501359,501359,Maheshwaram,Telangana,IN-TS
501401,501401,Medchal,Telangana,IN-TS
501501,501502,Parigi,Telangana,IN-TS
501503,501503,Chevella,Telangana,IN-TS
501504,501504,Moinabad,Telangana,IN-TS
501505,501505,Abdullapurmet,Telangana,IN-TS
501506,501508,Ibrahimpatnam,Telangana,IN-TS
501509,501509,Yacharam,Telangana,IN-TS
501510,501510,Adibatla,Telangana,IN-TS
501511,501511,Turkayamjal,Telangana,IN-TS
501512,501512,Abdullapurmet,Telangana,IN-TS
502001,502001,Sangareddy,Telangana,IN-TS
502032,502032,Hyderabad,Telangana,IN-TS
502101,502101,Ramayampet,Telangana,IN-TS
502102,502102,Nizampet,Telangana,IN-TS
502103,502107,Siddipet,Telangana,IN-TS
502108,502108,Dubbak,Telangana,IN-TS
502109,502109,Kulcharam,Telangana,IN-TS
502110,502110,Medak,Telangana,IN-TS
502113,502113,Havelighanapur,Telangana,IN-TS
502114,502114,Siddipet,Telangana,IN-TS
502115,502115,Ramayampet,Telangana,IN-TS
502117,502117,Medak,Telangana,IN-TS
502125,502125,Papannapet,Telangana,IN-TS
502130,502130,Havelighanapur,Telangana,IN-TS
502205,502205,Kandi,Telangana,IN-TS
502210,502210,Kohir,Telangana,IN-TS
502220,502220,Zaheerabad,Telangana,IN-TS
502221,502228,Zahirabad,Telangana,IN-TS
502246,502246,Jharasangam,Telangana,IN-TS
502247,502247,Chegunta,Telangana,IN-TS
502248,502248,Narsingi,Telangana,IN-TS
502249,502251,Nyalkal,Telangana,IN-TS
502255,502255,Chegunta,Telangana,IN-TS
502256,502256,Nyalkal,Telangana,IN-TS
502257,502257,Raikode,Telangana,IN-TS
502267,502267,Chinnakodur,Telangana,IN-TS
502269,502269,Alladurg,Telangana,IN-TS
502270,502270,Andole Jogipet,Telangana,IN-TS
502271,502271,Shankarampet,Telangana,IN-TS
502273,502273,Andol,Telangana,IN-TS
502276,502276,Chinnakodur,Telangana,IN-TS
502277,502277,Kondapak,Telangana,IN-TS
502278,502278,Gajwel,Telangana,IN-TS
502279,502279,Markook,Telangana,IN-TS
502280,502280,Nangnoor,Telangana,IN-TS
502281,502281,Jagdevpur,Telangana,IN-TS
502284,502285,Kandi,Telangana,IN-TS
502286,502286,Narayankhed,Telangana,IN-TS
502287,502287,Sirgapoor,Telangana,IN-TS
502290,502290,Regode,Telangana,IN-TS
502291,502291,Sadaseopet,Telangana,IN-TS
502293,502293,Pulkal,Telangana,IN-TS
502294,502294,Sangareddy,Telangana,IN-TS
502295,502295,Kondapur,Telangana,IN-TS
502296,502296,Sangareddy,Telangana,IN-TS
502300,502300,Patancheru,Telangana,IN-TS
502301,502301,Gajwel,Telangana,IN-TS
502302,502302,Tekmal,Telangana,IN-TS
502303,502303,Papannapet,Telangana,IN-TS
502305,502305,Patancheru,Telangana,IN-TS
502306,502306,Kondapur,Telangana,IN-TS
502307,502307,Patancheru,Telangana,IN-TS
502310,502310,Chinnakodur,Telangana,IN-TS
502311,502311,Gajwel,Telangana,IN-TS
502312,502312,Jagdevpur,Telangana,IN-TS
502313,502313,Narsapur,Telangana,IN-TS
502314,502314,Hathnoora,Telangana,IN-TS
502316,502316,Kowdipally,Telangana,IN-TS
502318,502318,Zaheerabad,Telangana,IN-TS
502319,502319,Hyderabad,Telangana,IN-TS
502321,502321,Kohir,Telangana,IN-TS
502324,502324,Hyderabad,Telangana,IN-TS
502325,502325,Bollaram,Telangana,IN-TS
502329,502329,Patancheru,Telangana,IN-TS
502331,502331,Papannapet,Telangana,IN-TS
502334,502334,Toopran,Telangana,IN-TS
502335,502335,Yeldurthy,Telangana,IN-TS
502336,502336,Manoharabad,Telangana,IN-TS
502345,502345,Munipally,Telangana,IN-TS
502371,502371,Kalher,Telangana,IN-TS
502372,502372,Kondapak,Telangana,IN-TS
502375,502375,Nangnoor,Telangana,IN-TS
502381,502381,Kulcharam,Telangana,IN-TS
503001,503003,Nizamabad,Telangana,IN-TS
503101,503102,Bhiknoor,Telangana,IN-TS
503108,503108,Nagireddypet,Telangana,IN-TS
503110,503110,Rajampet,Telangana,IN-TS
503111,503112,Kamareddy,Telangana,IN-TS
503114,503114,Gandhari,Telangana,IN-TS
503120,503120,Tadwai,Telangana,IN-TS
503122,503122,Yellareddy,Telangana,IN-TS
503123,503123,Domakonda,Telangana,IN-TS
503124,503124,Lingampet,Telangana,IN-TS
503125,503125,Bibipet,Telangana,IN-TS
503144,503144,Kamareddy,Telangana,IN-TS
503145,503145,Sadashivanagar,Telangana,IN-TS
503164,503164,Indalwai,Telangana,IN-TS
503165,503165,Dharpally,Telangana,IN-TS
503174,503175,Dichpally,Telangana,IN-TS
503180,503185,Bodhan,Telangana,IN-TS
503186,503186,Nizamabad,Telangana,IN-TS
503187,503187,Banswada,Telangana,IN-TS
503188,503188,Rudrur,Telangana,IN-TS
503201,503201,Varni,Telangana,IN-TS
503202,503202,Yedapally,Telangana,IN-TS
503206,503206,Mosara,Telangana,IN-TS
503207,503207,Kotagiri,Telangana,IN-TS
503212,503212,Nandipet,Telangana,IN-TS
503213,503213,Makloor,Telangana,IN-TS
503217,503218,Balkonda,Telangana,IN-TS
503219,503219,Mendora,Telangana,IN-TS
503223,503224,Armoor,Telangana,IN-TS
503225,503225,Morthad,Telangana,IN-TS
503230,503230,Mugpal,Telangana,IN-TS
503235,503235,Yedapally,Telangana,IN-TS
503245,503246,Navipet,Telangana,IN-TS
503301,503301,Nasurullabad,Telangana,IN-TS
503302,503302,Nizamsagar,Telangana,IN-TS
503305,503305,Jukkal,Telangana,IN-TS
503306,503306,Bichkunda,Telangana,IN-TS
503307,503307,Bheemgal,Telangana,IN-TS
503308,503308,Kammarpally,Telangana,IN-TS
503309,503309,Madnoor,Telangana,IN-TS
503310,503310,Pitlam,Telangana,IN-TS
503311,503311,Vailpoor,Telangana,IN-TS
503321,503321,Birkur,Telangana,IN-TS
503322,503322,Dichpally,Telangana,IN-TS
504001,504001,Adilabad,Telangana,IN-TS
504002,504002,Aidilabad,Telangana,IN-TS
504101,504101,Basar,Telangana,IN-TS
504102,504102,Mudhole,Telangana,IN-TS
504103,504103,Bhainsa,Telangana,IN-TS
504104,504104,Lokeswaram,Telangana,IN-TS
504105,504105,Soan,Telangana,IN-TS
504106,504106,Nirmal,Telangana,IN-TS
504107,504107,Basar,Telangana,IN-TS
504109,504109,Kuntala,Telangana,IN-TS
504110,504110,Sarangapur,Telangana,IN-TS
504201,504201,Chennur,Telangana,IN-TS
504202,504202,Kaddam Peddur,Telangana,IN-TS
504203,504203,Khanapur,Telangana,IN-TS
504204,504204,Bheemaram,Telangana,IN-TS
504205,504205,Jannaram,Telangana,IN-TS
504206,504206,Dandepally,Telangana,IN-TS
504207,504207,Hajipur,Telangana,IN-TS
504208,504209,Mancherial,Telangana,IN-TS
504214,504214,Kotapally,Telangana,IN-TS
504215,504215,Luxettipet,Telangana,IN-TS
504216,504216,Jaipur,Telangana,IN-TS
504218,504218,Kasipet,Telangana,IN-TS
504219,504219,Nennel,Telangana,IN-TS
504220,504220,Tandur,Telangana,IN-TS
504231,504231,Mandamarri,Telangana,IN-TS
504251,504251,Bellampally,Telangana,IN-TS
504272,504273,Tandur,Telangana,IN-TS
504292,504292,Rebbena,Telangana,IN-TS
504293,504294,Asifabad,Telangana,IN-TS
504295,504295,Wankidi,Telangana,IN-TS
504296,504296,Kagaznagar,Telangana,IN-TS
504297,504297,Tiryani,Telangana,IN-TS
504299,504299,Sirpur,Telangana,IN-TS
504301,504301,Kyathanpally,Telangana,IN-TS
504302,504303,Naspur,Telangana,IN-TS
504304,504304,Boath,Telangana,IN-TS
504306,504306,Dilawarpur,Telangana,IN-TS
504307,504307,Ichoda,Telangana,IN-TS
504308,504308,Gudihatnoor,Telangana,IN-TS
504309,504309,Jainath,Telangana,IN-TS
504310,504310,Mamada,Telangana,IN-TS
504311,504311,Utnoor,Telangana,IN-TS
504312,504312,Tamsi,Telangana,IN-TS
504313,504313,Jainoor,Telangana,IN-TS
504323,504323,Neradigonda,Telangana,IN-TS
504346,504346,Inderavelly,Telangana,IN-TS
505001,505002,Karimnagar,Telangana,IN-TS
505101,505102,Kamalapur,Telangana,IN-TS
505122,505129,Jammikunta,Telangana,IN-TS
505152,505152,Odela,Telangana,IN-TS
505153,505153,Srirampur,Telangana,IN-TS
505162,505162,Odela,Telangana,IN-TS
505172,505174,Peddapalli,Telangana,IN-TS
505184,505184,Manthani,Telangana,IN-TS
505185,505186,Sulthanabad,Telangana,IN-TS
505187,505187,Palakurthy,Telangana,IN-TS
505188,505188,Kamanpur,Telangana,IN-TS
505208,505211,Ramagundem,Telangana,IN-TS
505212,505212,Ramagiri,Telangana,IN-TS
505214,505215,Ramagundem,Telangana,IN-TS
505301,505301,Sircilla,Telangana,IN-TS
505302,505302,Vemulavada,Telangana,IN-TS
505303,505303,Yellareddipet,Telangana,IN-TS
505304,505304,Gambhiraopet,Telangana,IN-TS
505305,505305,Yellareddipet,Telangana,IN-TS
505306,505306,Kathlapur,Telangana,IN-TS
505307,505307,Rudrangi,Telangana,IN-TS
505325,505325,Metpalli,Telangana,IN-TS
505326,505326,Korutla,Telangana,IN-TS
505327,505327,Jagtial,Telangana,IN-TS
505330,505330,Korutla,Telangana,IN-TS
505331,505331,Mallapur,Telangana,IN-TS
505401,505401,Kothapally,Telangana,IN-TS
505402,505402,Illanthakunta,Telangana,IN-TS
505403,505403,Vemulawada,Telangana,IN-TS
505404,505404,Mustabad,Telangana,IN-TS
505405,505405,Sirsilla,Telangana,IN-TS
505415,505415,Choppandandi,Telangana,IN-TS
505416,505416,Dharmaram,Telangana,IN-TS
505425,505425,Dharmapuri,Telangana,IN-TS
505445,505445,Gangadhara,Telangana,IN-TS
505450,505450,Ibrahimpatnam,Telangana,IN-TS
505451,505451,Kothapally,Telangana,IN-TS
505452,505452,Mallial,Telangana,IN-TS
505453,505453,Medipalli,Telangana,IN-TS
505454,505454,Beerpur,Telangana,IN-TS
505455,505455,Jagitial,Telangana,IN-TS
505460,505460,Raikal,Telangana,IN-TS
505462,505462,Kathlapur,Telangana,IN-TS
505466,505466,Akkannapet,Telangana,IN-TS
505467,505467,Husnabad,Telangana,IN-TS
505468,505468,Huzurabad,Telangana,IN-TS
505469,505469,Manakondur,Telangana,IN-TS
505470,505470,Shankarapatnam,Telangana,IN-TS
505471,505471,Bheemadevarpalli,Telangana,IN-TS
505472,505472,V.Saidapur,Telangana,IN-TS
505473,505473,Koheda,Telangana,IN-TS
505474,505474,Shankarapatnam,Telangana,IN-TS
505475,505475,Jammikunta,Telangana,IN-TS
505476,505476,Elkathurthy,Telangana,IN-TS
505480,505480,V.Saidapur,Telangana,IN-TS
505481,505481,Chigurumamidi,Telangana,IN-TS
505490,505490,Shankarapatnam,Telangana,IN-TS
505497,505497,Bheemadevarpalli,Telangana,IN-TS
505498,505498,Huzurabad,Telangana,IN-TS
505501,505501,Kodimial,Telangana,IN-TS
505502,505502,Veenavanka,Telangana,IN-TS
505503,505503,Kataram,Telangana,IN-TS
505504,505504,Mahadevpur,Telangana,IN-TS
505505,505505,Manakondur,Telangana,IN-TS
505514,505514,Anthergaon,Telangana,IN-TS
505524,505524,Boinpalli,Telangana,IN-TS
505525,505525,Eligaid,Telangana,IN-TS
505526,505526,Velgatur,Telangana,IN-TS
505527,505527,Thimmapur LMD,Telangana,IN-TS
505528,505528,Bejjanki,Telangana,IN-TS
505529,505529,Jagitial,Telangana,IN-TS
505530,505530,Ganneruvaram,Telangana,IN-TS
505531,505531,Ramadugu,Telangana,IN-TS
505532,505532,Gollapalli,Telangana,IN-TS
506001,506001,Hanumakonda,Telangana,IN-TS
506002,506002,Warangal,Telangana,IN-TS
506003,506004,Khazipet,Telangana,IN-TS
506005,506007,Warangal,Telangana,IN-TS
506008,506008,Khila Warangal,Telangana,IN-TS
506009,506009,Warangal,Telangana,IN-TS
506011,506011,Hanumakonda,Telangana,IN-TS
506013,506013,Geesugonda,Telangana,IN-TS
506015,506015,Hasanparthy,Telangana,IN-TS
506101,506101,Mahbubabad,Telangana,IN-TS
506102,506102,Kesamudram,Telangana,IN-TS
506103,506103,Gudur,Telangana,IN-TS
506104,506105,Kuravi,Telangana,IN-TS
506112,506112,Kesamudram,Telangana,IN-TS
506122,506122,Nekkonda,Telangana,IN-TS
506132,506132,Narsampet,Telangana,IN-TS
506134,506134,Gudur,Telangana,IN-TS
506135,506135,Kothaguda,Telangana,IN-TS
506142,506142,Dharmasagar,Telangana,IN-TS
506143,506143,Ghanpur,Telangana,IN-TS
506144,506145,Chilpur,Telangana,IN-TS
506146,506146,Palakurthy,Telangana,IN-TS
506151,506151,Dharmasagar,Telangana,IN-TS
506163,506163,Thorrur,Telangana,IN-TS
506164,506164,Parkala,Telangana,IN-TS
506165,506165,Eturunagaram,Telangana,IN-TS
506166,506166,Khila Warangal,Telangana,IN-TS
506167,506167,Jangaon,Telangana,IN-TS
506168,506169,Bhupalpally,Telangana,IN-TS
506170,506170,Chityal,Telangana,IN-TS
506172,506172,Mangapet,Telangana,IN-TS
506175,506175,Jangaon,Telangana,IN-TS
506201,506201,LingalaGhanpur,Telangana,IN-TS
506221,506221,Bachannapet,Telangana,IN-TS
506222,506222,Kodakandla,Telangana,IN-TS
506223,506223,Cherial,Telangana,IN-TS
506224,506224,Bachannapet,Telangana,IN-TS
506244,506244,Ragunathpally,Telangana,IN-TS
506252,506301,Ghanpur,Telangana,IN-TS
506302,506302,Devaruppula,Telangana,IN-TS
506303,506303,LingalaGhanpur,Telangana,IN-TS
506310,506310,Inavole,Telangana,IN-TS
506313,506313,Wardhannapet,Telangana,IN-TS
506314,506314,Rayaparthy,Telangana,IN-TS
506315,506315,Maripeda,Telangana,IN-TS
506316,506316,Zaffergadh,Telangana,IN-TS
506317,506317,Palakurthy,Telangana,IN-TS
506318,506318,Peddavangara,Telangana,IN-TS
506319,506319,Shayampet,Telangana,IN-TS
506324,506324,Danthalapalle,Telangana,IN-TS
506329,506329,Sangem,Telangana,IN-TS
506330,506330,Geesugonda,Telangana,IN-TS
506331,506331,Duggondi,Telangana,IN-TS
506332,506332,Chennaraopet,Telangana,IN-TS
506333,506333,Duggondi,Telangana,IN-TS
506342,506342,Athmakur,Telangana,IN-TS
506343,506343,Mulug,Telangana,IN-TS
506344,506344,Govindaraopet,Telangana,IN-TS
506345,506345,Ghanpur,Telangana,IN-TS
506347,506347,Govindaraopet,Telangana,IN-TS
506348,506348,Regonda,Telangana,IN-TS
506349,506349,Mulug,Telangana,IN-TS
506350,506350,Nallabelli,Telangana,IN-TS
506352,506352,Mulug,Telangana,IN-TS
506355,506355,Komuravelli,Telangana,IN-TS
506356,506356,Chityal,Telangana,IN-TS
506365,506365,Parvathagiri,Telangana,IN-TS
506366,506366,Mogullapally,Telangana,IN-TS
506367,506367,Maddur,Telangana,IN-TS
506368,506368,Nellikudur,Telangana,IN-TS
506369,506369,Parvathagiri,Telangana,IN-TS
506370,506370,Warangal,Telangana,IN-TS
506371,506371,Hasanparthy,Telangana,IN-TS
506381,506381,Dornakal,Telangana,IN-TS
506391,506391,Nadikuda,Telangana,IN-TS
507001,507003,Khammam,Telangana,IN-TS
507101,507101,Kothagudem,Telangana,IN-TS
507103,507103,Chunchupalli,Telangana,IN-TS
507111,507111,Bhadrachalam,Telangana,IN-TS
507114,507114,Burgampahad,Telangana,IN-TS
507115,507115,Paloncha,Telangana,IN-TS
507116,507116,Aswapuram,Telangana,IN-TS
507117,507117,Manuguru,Telangana,IN-TS
507118,507118,Kothagudem,Telangana,IN-TS
507119,507119,Chunchupalli,Telangana,IN-TS
507120,507120,Sujathanagar,Telangana,IN-TS
507122,507122,Singareni,Telangana,IN-TS
507123,507124,Yellandu,Telangana,IN-TS
507125,507125,Manuguru,Telangana,IN-TS
507128,507128,Burgampahad,Telangana,IN-TS
507133,507133,Cherla,Telangana,IN-TS
507136,507136,Venkatapuram,Telangana,IN-TS
507137,507137,Dummugudem,Telangana,IN-TS
507138,507138,Burgampahad,Telangana,IN-TS
507140,507140,Cherla,Telangana,IN-TS
507154,507154,Palvancha,Telangana,IN-TS
507157,507157,Kusumanchi,Telangana,IN-TS
507158,507158,Mudigonda,Telangana,IN-TS
507159,507159,Kusumanchi,Telangana,IN-TS
507160,507160,Nelakondapalli,Telangana,IN-TS
507161,507163,Tirumalayapalem,Telangana,IN-TS
507164,507164,Vemsoor,Telangana,IN-TS
507165,507165,Wyra,Telangana,IN-TS
507166,507166,Julurpadu,Telangana,IN-TS
507167,507167,Thallada,Telangana,IN-TS
507168,507168,Enkoor,Telangana,IN-TS
507169,507169,Nelakondapalli,Telangana,IN-TS
507170,507170,Khammam,Telangana,IN-TS
507182,507182,Kamepalli,Telangana,IN-TS
507183,507183,Tirumalayapalem,Telangana,IN-TS
507201,507202,Yerrupalem,Telangana,IN-TS
507203,507203,Madhira,Telangana,IN-TS
507204,507204,Bonakal,Telangana,IN-TS
507208,507208,Chinthakani,Telangana,IN-TS
507209,507209,Kalluru,Telangana,IN-TS
507210,507210,Garla,Telangana,IN-TS
507211,507211,Bayyaram,Telangana,IN-TS
507301,507301,Aswaraopeta,Telangana,IN-TS
507302,507302,Penuballi,Telangana,IN-TS
507303,507303,Sathupalle,Telangana,IN-TS
507304,507304,Madhira,Telangana,IN-TS
507305,507305,Konijerla,Telangana,IN-TS
507306,507306,Dammapeta,Telangana,IN-TS
507316,507316,Annapureddypalli,Telangana,IN-TS
507318,507318,Raghunadhapalem,Telangana,IN-TS
508001,508004,Nalgonda,Telangana,IN-TS
508101,508101,Alair,Telangana,IN-TS
508105,508105,Rajapeta,Telangana,IN-TS
508111,508111,Atmakur,Telangana,IN-TS
508112,508112,Valigonda,Telangana,IN-TS
508113,508113,Ramannapet,Telangana,IN-TS
508114,508114,Chityal,Telangana,IN-TS
508115,508115,Yadagirigutta,Telangana,IN-TS
508116,508117,Bhongir,Telangana,IN-TS
508126,508126,Bibinagar,Telangana,IN-TS
508201,508201,GaridePally,Telangana,IN-TS
508202,508202,Nandikonda,Telangana,IN-TS
508204,508204,Huzurnagar,Telangana,IN-TS
508205,508205,Kattangur,Telangana,IN-TS
508206,508206,Kodad,Telangana,IN-TS
508207,508208,Miryalaguda,Telangana,IN-TS
508210,508210,ShaliGouraram,Telangana,IN-TS
508211,508211,Nakrekal,Telangana,IN-TS
508212,508212,Mothey,Telangana,IN-TS
508213,508214,Suryapet,Telangana,IN-TS
508217,508217,Vemulapally,Telangana,IN-TS
508218,508218,Neredcherla,Telangana,IN-TS
508221,508221,Nuthanakal,Telangana,IN-TS
508223,508223,Tirumalagiri,Telangana,IN-TS
508224,508224,JajiReddyGudem,Telangana,IN-TS
508233,508233,Munagala,Telangana,IN-TS
508234,508234,Nadigudem,Telangana,IN-TS
508238,508238,Kodad,Telangana,IN-TS
508243,508243,Kondamallepally,Telangana,IN-TS
508244,508244,Munugode,Telangana,IN-TS
508245,508245,Marriguda,Telangana,IN-TS
508246,508246,MellaChervu,Telangana,IN-TS
508247,508247,Thipparthy,Telangana,IN-TS
508248,508248,Devarakonda,Telangana,IN-TS
508250,508250,ChinthaPally,Telangana,IN-TS
508252,508252,Choutuppal,Telangana,IN-TS
508253,508253,Narayanpur,Telangana,IN-TS
508254,508254,Narketpally,Telangana,IN-TS
508255,508255,Chandur,Telangana,IN-TS
508256,508256,Gurrampode,Telangana,IN-TS
508257,508257,Pedda Adesherlapally,Telangana,IN-TS
508258,508258,GundlaPally,Telangana,IN-TS
508266,508266,Peddavoora,Telangana,IN-TS
508277,508277,Mothkur,Telangana,IN-TS
508278,508278,Nidmanoor,Telangana,IN-TS
508279,508279,Nagaram,Telangana,IN-TS
508280,508280,Thungaturthy,Telangana,IN-TS
508284,508284,Pochampally,Telangana,IN-TS
508285,508285,Valigonda,Telangana,IN-TS
508286,508286,Yadagirigutta,Telangana,IN-TS
508355,508355,Dameracherla,Telangana,IN-TS
508373,508373,Nampally,Telangana,IN-TS
508374,508374,Madugulapally,Telangana,IN-TS
508376,508376,Suryapet,Telangana,IN-TS
508377,508377,Haliya,Telangana,IN-TS
509001,509002,Mahbubnagar,Telangana,IN-TS
509102,509102,Kollapur,Telangana,IN-TS
509103,509103,Wanaparthy,Telangana,IN-TS
509104,509104,Pebbair,Telangana,IN-TS
509105,509105,Pentlavelli,Telangana,IN-TS
509106,509106,Wanaparthy,Telangana,IN-TS
509110,509110,Chinnachintakunta,Telangana,IN-TS
509120,509120,Pangal,Telangana,IN-TS
509125,509125,Gadwal,Telangana,IN-TS
509126,509126,Waddepally,Telangana,IN-TS
509127,509127,Ieeja,Telangana,IN-TS
509128,509128,Manopad,Telangana,IN-TS
509129,509129,Ghattu,Telangana,IN-TS
509130,509130,Amarchinta,Telangana,IN-TS
509131,509131,Atmakur,Telangana,IN-TS
509132,509132,Maldakal,Telangana,IN-TS
509133,509133,Dharoor,Telangana,IN-TS
509135,509135,Ieeja,Telangana,IN-TS
509152,509152,Alampur,Telangana,IN-TS
509153,509153,Undavelly,Telangana,IN-TS
509201,509201,Amrabad,Telangana,IN-TS
509202,509202,Balanagar,Telangana,IN-TS
509203,509203,Bijinapally,Telangana,IN-TS
509204,509204,Devarakadra,Telangana,IN-TS
509205,509205,Dhanwada,Telangana,IN-TS
509206,509206,Gopalpeta,Telangana,IN-TS
509207,509207,Kondurg,Telangana,IN-TS
509208,509208,Makthal,Telangana,IN-TS
509209,509209,Nagarkurnool,Telangana,IN-TS
509210,509210,Narayanpet,Telangana,IN-TS
509215,509215,Bijinapally,Telangana,IN-TS
509216,509216,Farrukhnagar,Telangana,IN-TS
509217,509217,Shabad,Telangana,IN-TS
509219,509219,Devarakadra,Telangana,IN-TS
509228,509228,Kothur,Telangana,IN-TS
509235,509235,Nagarkurnool,Telangana,IN-TS
509301,509302,Jadcherla,Telangana,IN-TS
509311,509311,Utkoor,Telangana,IN-TS
509320,509320,Kalwakurthy,Telangana,IN-TS
509321,509321,Amangal,Telangana,IN-TS
509324,509324,Kalwakurthy,Telangana,IN-TS
509325,509325,Maheshwaram,Telangana,IN-TS
509326,509326,Amrabad,Telangana,IN-TS
509327,509327,Madgul,Telangana,IN-TS
509334,509334,Hanwada,Telangana,IN-TS
509335,509335,Kulkacharla,Telangana,IN-TS
509336,509336,Doulathabad,Telangana,IN-TS
509337,509337,Gandeed,Telangana,IN-TS
509338,509338,Kodangal,Telangana,IN-TS
509339,509339,Kosgi,Telangana,IN-TS
509340,509340,Nawabpet,Telangana,IN-TS
509349,509349,Vangoor,Telangana,IN-TS
509350,509350,Bomaraspeta,Telangana,IN-TS
509351,509351,Marikal,Telangana,IN-TS
509352,509352,Krishna,Telangana,IN-TS
509353,509353,Narwa,Telangana,IN-TS
509357,509357,Midjil,Telangana,IN-TS
509358,509358,Kadthal,Telangana,IN-TS
509360,509360,Veldanda,Telangana,IN-TS
509371,509371,Koilkonda,Telangana,IN-TS
509375,509375,Atchampet,Telangana,IN-TS
509376,509376,Uppununthala,Telangana,IN-TS
509380,509380,Moosapet,Telangana,IN-TS
509381,509381,Kothakota,Telangana,IN-TS
509382,509382,Bhoothpur,Telangana,IN-TS
509385,509385,Telkapally,Telangana,IN-TS
509401,509401,Amrabad,Telangana,IN-TS
509406,509406,Thimmajipet,Telangana,IN-TS
509407,509407,Damargidda,Telangana,IN-TS
509408,509408,Keshampet,Telangana,IN-TS
509409,509409,Chinnachintakunta,Telangana,IN-TS
509410,509410,Farooqnagar,Telangana,IN-TS
509411,509411,Maddur,Telangana,IN-TS
509412,509412,Peddakothapally,Telangana,IN-TS
515001,515002,Anantapur,Andhra Pradesh,IN-AP
515003,515003,Raptadu,Andhra Pradesh,IN-AP
515004,515005,Anantapur,Andhra Pradesh,IN-AP
515101,515101,Chennekothapalle,Andhra Pradesh,IN-AP
515110,515110,Penukonda,Andhra Pradesh,IN-AP
515122,515122,Somandepalle,Andhra Pradesh,IN-AP
515123,515123,Roddam,Andhra Pradesh,IN-AP
515124,515124,Penukonda,Andhra Pradesh,IN-AP
515133,515133,Kothacheruvu,Andhra Pradesh,IN-AP
515134,515134,Puttaparthi,Andhra Pradesh,IN-AP
515144,515159,Bukkapatnam,Andhra Pradesh,IN-AP
515164,515164,Penukonda,Andhra Pradesh,IN-AP
515201,515201,Hindupur,Andhra Pradesh,IN-AP
515202,515202,Lepakshi,Andhra Pradesh,IN-AP
515211,515212,Hindupur,Andhra Pradesh,IN-AP
515231,515231,Gorantla,Andhra Pradesh,IN-AP
515241,515241,Chilamathur,Andhra Pradesh,IN-AP
515261,515261,Parigi,Andhra Pradesh,IN-AP
515271,515271,Gudibanda,Andhra Pradesh,IN-AP
515281,515286,Amarapuram,Andhra Pradesh,IN-AP
515291,515303,Madakasira,Andhra Pradesh,IN-AP
515305,515305,Gudibanda,Andhra Pradesh,IN-AP
515311,515311,Agali,Andhra Pradesh,IN-AP
515321,515321,Rolla,Andhra Pradesh,IN-AP
515331,515331,Lepakshi,Andhra Pradesh,IN-AP
515341,515341,Chilamathur,Andhra Pradesh,IN-AP
515401,515402,Gooty,Andhra Pradesh,IN-AP
515405,515405,Peddavadugur,Andhra Pradesh,IN-AP
515408,515408,Yadiki,Andhra Pradesh,IN-AP
515411,515411,Tadpatri,Andhra Pradesh,IN-AP
515413,515413,Kolimigundla,Andhra Pradesh,IN-AP
515414,515414,Putlur,Andhra Pradesh,IN-AP
515415,515415,Tadpatri,Andhra Pradesh,IN-AP
515425,515425,Narpala,Andhra Pradesh,IN-AP
515435,515435,Singanamala,Andhra Pradesh,IN-AP
515445,515445,Peddapappur,Andhra Pradesh,IN-AP
515455,515455,Yadiki,Andhra Pradesh,IN-AP
515465,515465,Yellanur,Andhra Pradesh,IN-AP
515501,515501,Nallamada,Andhra Pradesh,IN-AP
515511,515511,Mudigubba,Andhra Pradesh,IN-AP
515521,515521,Gandlapenta,Andhra Pradesh,IN-AP
515531,515531,Obuladevaracheruvu,Andhra Pradesh,IN-AP
515541,515541,Kadiri,Andhra Pradesh,IN-AP
515551,515551,Nallacheruvu,Andhra Pradesh,IN-AP
515556,515556,Amadagur,Andhra Pradesh,IN-AP
515561,515561,Obuladevaracheruvu,Andhra Pradesh,IN-AP
515571,515571,Tanakal,Andhra Pradesh,IN-AP
515581,515581,Talupula,Andhra Pradesh,IN-AP
515591,515591,Kadiri,Andhra Pradesh,IN-AP
515601,515601,Chilamathur,Andhra Pradesh,IN-AP
515611,515611,Singanamala,Andhra Pradesh,IN-AP
515621,515621,Ramagiri,Andhra Pradesh,IN-AP
515631,515631,Tadimarri,Andhra Pradesh,IN-AP
515641,515641,Kanaganapalle,Andhra Pradesh,IN-AP
515651,515651,Chennekothapalle,Andhra Pradesh,IN-AP
515661,515661,Bathalapalle,Andhra Pradesh,IN-AP
515671,515672,Dharmavaram,Andhra Pradesh,IN-AP
515701,515701,Anantapur,Andhra Pradesh,IN-AP
515711,515711,Kudair,Andhra Pradesh,IN-AP
515721,515721,Anantapur,Andhra Pradesh,IN-AP
515722,515722,Raptadu,Andhra Pradesh,IN-AP
515731,515731,Garladinne,Andhra Pradesh,IN-AP
515741,515741,Beluguppa,Andhra Pradesh,IN-AP
515751,515751,Atmakur,Andhra Pradesh,IN-AP
515761,515761,Kalyandurgam,Andhra Pradesh,IN-AP
515763,515763,Brahmasamudram,Andhra Pradesh,IN-AP
515765,515765,Kambadur,Andhra Pradesh,IN-AP
515766,515766,Kundurpi,Andhra Pradesh,IN-AP
515767,515767,Settur,Andhra Pradesh,IN-AP
515774,515774,Garladinne,Andhra Pradesh,IN-AP
515775,515775,Pamidi,Andhra Pradesh,IN-AP
515787,515787,Kalyandurgam,Andhra Pradesh,IN-AP
515801,515803,Guntukal,Andhra Pradesh,IN-AP
515812,515822,Uravakonda,Andhra Pradesh,IN-AP
515832,515832,Vajrakarur,Andhra Pradesh,IN-AP
515842,515842,Vidapanakal,Andhra Pradesh,IN-AP
515863,515863,Gummagatta,Andhra Pradesh,IN-AP
515865,515867,Rayadurg,Andhra Pradesh,IN-AP
515870,515870,Vidapanakal,Andhra Pradesh,IN-AP
515871,515871,Kanekal,Andhra Pradesh,IN-AP
515872,515872,D.Hirehal,Andhra Pradesh,IN-AP
516001,516004,Kadapa,Andhra Pradesh,IN-AP
516005,516005,Pendlimarri,Andhra Pradesh,IN-AP
516101,516101,Kodur,Andhra Pradesh,IN-AP
516104,516104,Chitvel,Andhra Pradesh,IN-AP
516105,516105,Kodur,Andhra Pradesh,IN-AP
516107,516107,Pullampeta,Andhra Pradesh,IN-AP
516108,516110,Obulavaripalle,Andhra Pradesh,IN-AP
516115,516126,Rajampeta,Andhra Pradesh,IN-AP
516127,516128,Penagalur,Andhra Pradesh,IN-AP
516129,516130,T Sundupalle,Andhra Pradesh,IN-AP
516150,516150,Nagireddipalli,Andhra Pradesh,IN-AP
516151,516151,Nandalur,Andhra Pradesh,IN-AP
516152,516152,Vontimitta,Andhra Pradesh,IN-AP
516162,516162,Chennur,Andhra Pradesh,IN-AP
516163,516163,Khajipet,Andhra Pradesh,IN-AP
516172,516173,Mydukur,Andhra Pradesh,IN-AP
516175,516175,Duvvur,Andhra Pradesh,IN-AP
516193,516193,Porumamilla,Andhra Pradesh,IN-AP
516203,516203,Khajipet,Andhra Pradesh,IN-AP
516213,516213,Vontimitta,Andhra Pradesh,IN-AP
516214,516214,Chinnamandem,Andhra Pradesh,IN-AP
516215,516215,Sambepalle,Andhra Pradesh,IN-AP
516216,516216,Pendlimarri,Andhra Pradesh,IN-AP
516217,516217,Kalasapadu,Andhra Pradesh,IN-AP
516218,516218,Pendlimarri,Andhra Pradesh,IN-AP
516227,516228,Badvel,Andhra Pradesh,IN-AP
516233,516233,Gopavaram,Andhra Pradesh,IN-AP
516237,516247,Sidhout,Andhra Pradesh,IN-AP
516257,516257,Lakkireddipalle,Andhra Pradesh,IN-AP
516259,516259,Chakrayapet,Andhra Pradesh,IN-AP
516267,516267,Galiveedu,Andhra Pradesh,IN-AP
516268,516268,Veeraballe,Andhra Pradesh,IN-AP
516269,516270,Rayachoti,Andhra Pradesh,IN-AP
516289,516289,Kamalapuram,Andhra Pradesh,IN-AP
516293,516293,Vallur,Andhra Pradesh,IN-AP
516309,516312,Yerraguntla,Andhra Pradesh,IN-AP
516321,516321,Veerapunayunipalle,Andhra Pradesh,IN-AP
516329,516329,Vempalle,Andhra Pradesh,IN-AP
516330,516330,Pendlimarri,Andhra Pradesh,IN-AP
516339,516339,Veerapunayunipalle,Andhra Pradesh,IN-AP
516349,516349,Vemula,Andhra Pradesh,IN-AP
516350,516350,Vempalle,Andhra Pradesh,IN-AP
516355,516355,Proddatur,Andhra Pradesh,IN-AP
516356,516356,Chapad,Andhra Pradesh,IN-AP
516359,516359,Rajupalem,Andhra Pradesh,IN-AP
516360,516362,Proddatur,Andhra Pradesh,IN-AP
516380,516380,Muddanur,Andhra Pradesh,IN-AP
516390,516391,Pulivendula,Andhra Pradesh,IN-AP
516396,516396,Lingala,Andhra Pradesh,IN-AP
516401,516401,Thondur,Andhra Pradesh,IN-AP
516411,516411,Peddamudium,Andhra Pradesh,IN-AP
516421,516421,Thondur,Andhra Pradesh,IN-AP
516431,516433,Mylavaram,Andhra Pradesh,IN-AP
516434,516434,Jammalamadugu,Andhra Pradesh,IN-AP
516439,516439,Mylavaram,Andhra Pradesh,IN-AP
516444,516444,Kondapuram,Andhra Pradesh,IN-AP
516454,516454,Simhadripuram,Andhra Pradesh,IN-AP
516464,516474,Kondapuram,Andhra Pradesh,IN-AP
516484,516484,Simhadripuram,Andhra Pradesh,IN-AP
516501,516501,Atlur,Andhra Pradesh,IN-AP
516502,516503,Brahmamgarimattam,Andhra Pradesh,IN-AP
516504,516504,Ramapuram,Andhra Pradesh,IN-AP
516505,516505,Porumamilla,Andhra Pradesh,IN-AP
517001,517004,Chittoor,Andhra Pradesh,IN-AP
517101,517101,Chandragiri,Andhra Pradesh,IN-AP
517102,517102,Narasingapuram,Andhra Pradesh,IN-AP
517112,517112,Pakala,Andhra Pradesh,IN-AP
517113,517113,Pulicherla,Andhra Pradesh,IN-AP
517123,517123,Sodam,Andhra Pradesh,IN-AP
517124,517124,Puthalapattu,Andhra Pradesh,IN-AP
517125,517125,Gangadhara Nellore,Andhra Pradesh,IN-AP
517126,517126,Penumuru,Andhra Pradesh,IN-AP
517127,517128,Chittoor,Andhra Pradesh,IN-AP
517129,517129,Thavanampalle,Andhra Pradesh,IN-AP
517130,517131,Irala,Andhra Pradesh,IN-AP
517132,517132,Gudipala,Andhra Pradesh,IN-AP
517152,517152,Pakala,Andhra Pradesh,IN-AP
517167,517167,Srirangarajapuram,Andhra Pradesh,IN-AP
517172,517172,Pulicherla,Andhra Pradesh,IN-AP
517192,517192,Rompicherla,Andhra Pradesh,IN-AP
517193,517194,Chinnagottigallu,Andhra Pradesh,IN-AP
517213,517213,Kambhamvaripalle,Andhra Pradesh,IN-AP
517214,517214,Pileru,Andhra Pradesh,IN-AP
517234,517234,Kalikiri,Andhra Pradesh,IN-AP
517235,517236,Kalakada,Andhra Pradesh,IN-AP
517237,517237,Kalikiri,Andhra Pradesh,IN-AP
517247,517247,Punganur,Andhra Pradesh,IN-AP
517257,517257,Somala,Andhra Pradesh,IN-AP
517277,517277,Valmikipuram,Andhra Pradesh,IN-AP
517280,517280,Nimmanapalle,Andhra Pradesh,IN-AP
517291,517297,Gurramkonda,Andhra Pradesh,IN-AP
517299,517299,Valmikipuram,Andhra Pradesh,IN-AP
517305,517305,Gurramkonda,Andhra Pradesh,IN-AP
517319,517326,Madanapalle,Andhra Pradesh,IN-AP
517350,517350,Kurabalakota,Andhra Pradesh,IN-AP
517351,517351,Mulakalacheruvu,Andhra Pradesh,IN-AP
517352,517352,Kurabalakota,Andhra Pradesh,IN-AP
517370,517370,B.Kothakota,Andhra Pradesh,IN-AP
517390,517390,Tanakal,Andhra Pradesh,IN-AP
517391,517391,Pedda Thippasamudram,Andhra Pradesh,IN-AP
517401,517401,Ramakuppam,Andhra Pradesh,IN-AP
517403,517403,Ramapuram,Andhra Pradesh,IN-AP
517408,517408,Palamaneru,Andhra Pradesh,IN-AP
517414,517414,Peddapanjani,Andhra Pradesh,IN-AP
517415,517415,Baireddipalle,Andhra Pradesh,IN-AP
517416,517416,Bangarupalem,Andhra Pradesh,IN-AP
517417,517417,Madanapalle,Andhra Pradesh,IN-AP
517418,517418,Thamballapalle,Andhra Pradesh,IN-AP
517419,517419,Chittoor,Andhra Pradesh,IN-AP
517421,517421,Palasamudram,Andhra Pradesh,IN-AP
517422,517422,Yadamarri,Andhra Pradesh,IN-AP
517423,517423,Santhipuram,Andhra Pradesh,IN-AP
517424,517424,Venkatagirikota,Andhra Pradesh,IN-AP
517425,517425,Kuppam,Andhra Pradesh,IN-AP
517426,517426,Gudupalle,Andhra Pradesh,IN-AP
517429,517429,Bangarupalem,Andhra Pradesh,IN-AP
517432,517432,Baireddipalle,Andhra Pradesh,IN-AP
517501,517503,Tirupati,Andhra Pradesh,IN-AP
517504,517504,Tirumala,Andhra Pradesh,IN-AP
517505,517507,Tirupati,Andhra Pradesh,IN-AP
517520,517520,Renigunta,Andhra Pradesh,IN-AP
517526,517526,Yerpedu,Andhra Pradesh,IN-AP
517536,517536,Thottambedu,Andhra Pradesh,IN-AP
517541,517541,Varadaiahpalem,Andhra Pradesh,IN-AP
517551,517551,Vadamalapeta,Andhra Pradesh,IN-AP
517561,517561,Ramachandrapuram,Andhra Pradesh,IN-AP
517569,517569,Vedurukuppam,Andhra Pradesh,IN-AP
517571,517571,Vadamalapeta,Andhra Pradesh,IN-AP
517581,517581,Narayanavanam,Andhra Pradesh,IN-AP
517582,517582,Karvetinagar,Andhra Pradesh,IN-AP
517583,517584,Puttur,Andhra Pradesh,IN-AP
517586,517586,Vijayapuram,Andhra Pradesh,IN-AP
517587,517587,Pichatur,Andhra Pradesh,IN-AP
517588,517588,Satyavedu,Andhra Pradesh,IN-AP
517589,517589,Nagalapuram,Andhra Pradesh,IN-AP
517590,517590,Nagari,Andhra Pradesh,IN-AP
517591,517591,Nindra,Andhra Pradesh,IN-AP
517592,517592,Nagari,Andhra Pradesh,IN-AP
517599,517599,Palasamudram,Andhra Pradesh,IN-AP
517619,517620,Yerpedu,Andhra Pradesh,IN-AP
517640,517641,Srikalahasti,Andhra Pradesh,IN-AP
517642,517642,Thottambedu,Andhra Pradesh,IN-AP
517643,517643,K.V.B.Puram,Andhra Pradesh,IN-AP
517644,517644,Srikalahasti,Andhra Pradesh,IN-AP
517645,517645,Buchinaidu Kandriga,Andhra Pradesh,IN-AP
517646,517646,Satyavedu,Andhra Pradesh,IN-AP
518001,518007,Kurnool,Andhra Pradesh,IN-AP
518010,518010,Orvakal,Andhra Pradesh,IN-AP
518101,518101,Srisailain,Andhra Pradesh,IN-AP
518102,518102,Srisailam,Andhra Pradesh,IN-AP
518112,518112,Panyam,Andhra Pradesh,IN-AP
518122,518122,Owk,Andhra Pradesh,IN-AP
518123,518123,Kolimigundla,Andhra Pradesh,IN-AP
518124,518124,Banganapalle,Andhra Pradesh,IN-AP
518134,518134,Koilkuntla,Andhra Pradesh,IN-AP
518135,518135,Dornipadu,Andhra Pradesh,IN-AP
518145,518155,Uyyalawada,Andhra Pradesh,IN-AP
518165,518166,Sanjamala,Andhra Pradesh,IN-AP
518176,518186,Banganapalle,Andhra Pradesh,IN-AP
518196,518196,Sanjamala,Andhra Pradesh,IN-AP
518206,518206,Betamcherla,Andhra Pradesh,IN-AP
518216,518217,Veldurthi,Andhra Pradesh,IN-AP
518218,518218,Kallur,Andhra Pradesh,IN-AP
518220,518221,Peapally,Andhra Pradesh,IN-AP
518222,518222,Dhone,Andhra Pradesh,IN-AP
518225,518225,Krishnagiri,Andhra Pradesh,IN-AP
518301,518302,Adoni,Andhra Pradesh,IN-AP
518308,518308,Holagunda,Andhra Pradesh,IN-AP
518313,518313,Kosigi,Andhra Pradesh,IN-AP
518323,518323,Pedda Kadubur,Andhra Pradesh,IN-AP
518333,518333,Kowthalam,Andhra Pradesh,IN-AP
518343,518343,Nandavaram,Andhra Pradesh,IN-AP
518344,518344,Kowthalam,Andhra Pradesh,IN-AP
518345,518345,Mantralayam,Andhra Pradesh,IN-AP
518346,518346,Holagunda,Andhra Pradesh,IN-AP
518347,518347,Aspari,Andhra Pradesh,IN-AP
518348,518348,Halaharvi,Andhra Pradesh,IN-AP
518349,518349,Mantralayam,Andhra Pradesh,IN-AP
518350,518350,Yemmiganur,Andhra Pradesh,IN-AP
518360,518360,Yemmigandur,Andhra Pradesh,IN-AP
518380,518380,Pattikonda,Andhra Pradesh,IN-AP
518385,518385,Maddikera,Andhra Pradesh,IN-AP
518390,518390,Tuggali,Andhra Pradesh,IN-AP
518395,518395,Alur,Andhra Pradesh,IN-AP
518396,518396,Chippagiri,Andhra Pradesh,IN-AP
518401,518401,Htnandikotkur,Andhra Pradesh,IN-AP
518405,518405,Midthur,Andhra Pradesh,IN-AP
518411,518412,Pagidyala,Andhra Pradesh,IN-AP
518422,518422,Atmakur,Andhra Pradesh,IN-AP
518432,518432,Htnandikotkur,Andhra Pradesh,IN-AP
518442,518442,Pamulapadu,Andhra Pradesh,IN-AP
518452,518452,Kurnool,Andhra Pradesh,IN-AP
518462,518462,C.Belagal,Andhra Pradesh,IN-AP
518463,518463,Gonegandla,Andhra Pradesh,IN-AP
518464,518464,Kodumur,Andhra Pradesh,IN-AP
518465,518465,Devanakonda,Andhra Pradesh,IN-AP
518466,518466,Guduru,Andhra Pradesh,IN-AP
518467,518467,Kodumur,Andhra Pradesh,IN-AP
518468,518468,Tuggali,Andhra Pradesh,IN-AP
518501,518502,Nandyal,Andhra Pradesh,IN-AP
518508,518508,Gadivemula,Andhra Pradesh,IN-AP
518510,518510,Rudravaram,Andhra Pradesh,IN-AP
518511,518511,Nandyal,Andhra Pradesh,IN-AP
518512,518512,Mahanandi,Andhra Pradesh,IN-AP
518513,518523,Bandi Atmakur,Andhra Pradesh,IN-AP
518533,518533,Velgode,Andhra Pradesh,IN-AP
518543,518543,Allagadda,Andhra Pradesh,IN-AP
518553,518553,Chagalamarri,Andhra Pradesh,IN-AP
518563,518563,Sirvel,Andhra Pradesh,IN-AP
518573,518573,Gospadu,Andhra Pradesh,IN-AP
518583,518583,Mahanandi,Andhra Pradesh,IN-AP
518593,518593,Nandyal,Andhra Pradesh,IN-AP
518594,518594,Rudravaram,Andhra Pradesh,IN-AP
518598,518599,Betamcherla,Andhra Pradesh,IN-AP
518674,518674,Gospadu,Andhra Pradesh,IN-AP
520001,520015,Vijayawada,Andhra Pradesh,IN-AP
521001,521004,Machilipatnam,Andhra Pradesh,IN-AP
521101,521102,Gannavaram,Andhra Pradesh,IN-AP
521104,521104,Vijayawada,Andhra Pradesh,IN-AP
521105,521106,Bapulapadu,Andhra Pradesh,IN-AP
521107,521107,Gannavaram,Andhra Pradesh,IN-AP
521108,521108,Vijayawada,Andhra Pradesh,IN-AP
521109,521110,Bapulapadu,Andhra Pradesh,IN-AP
521111,521111,Nuzivid,Andhra Pradesh,IN-AP
521120,521120,Nagayalanka,Andhra Pradesh,IN-AP
521121,521122,Avanigadda,Andhra Pradesh,IN-AP
521125,521125,Mopidevi,Andhra Pradesh,IN-AP
521126,521126,Challapalle,Andhra Pradesh,IN-AP
521130,521130,Mopidevi,Andhra Pradesh,IN-AP
521131,521131,Challapalle,Andhra Pradesh,IN-AP
521132,521133,Ghantasala,Andhra Pradesh,IN-AP
521134,521134,Ysr Tadigadapa,Andhra Pradesh,IN-AP
521135,521136,Movva,Andhra Pradesh,IN-AP
521137,521137,Ysr Tadigadapa,Andhra Pradesh,IN-AP
521138,521138,Pamidimukkala,Andhra Pradesh,IN-AP
521139,521139,Penamaluru,Andhra Pradesh,IN-AP
521148,521148,Pedaparupudi,Andhra Pradesh,IN-AP
521149,521149,Guduru,Andhra Pradesh,IN-AP
521150,521150,Movva,Andhra Pradesh,IN-AP
521151,521153,Kankipadu,Andhra Pradesh,IN-AP
521156,521156,Movva,Andhra Pradesh,IN-AP
521157,521158,Pamarru,Andhra Pradesh,IN-AP
521162,521162,Guduru,Andhra Pradesh,IN-AP
521163,521163,Thotlavalluru,Andhra Pradesh,IN-AP
521164,521165,Vuyyuru,Andhra Pradesh,IN-AP
521170,521170,Veerullapadu,Andhra Pradesh,IN-AP
521175,521175,Jaggaiahpet,Andhra Pradesh,IN-AP
521178,521178,Jaggayyapeta,Andhra Pradesh,IN-AP
521180,521180,Kanchikacherla,Andhra Pradesh,IN-AP
521181,521181,Veerullapadu,Andhra Pradesh,IN-AP
521182,521183,Chandarlapadu,Andhra Pradesh,IN-AP
521184,521185,Nandigama,Andhra Pradesh,IN-AP
521190,521190,Penuganchiprolu,Andhra Pradesh,IN-AP
521201,521202,Nuzivid,Andhra Pradesh,IN-AP
521207,521207,Musunuru,Andhra Pradesh,IN-AP
521211,521211,Agiripalle,Andhra Pradesh,IN-AP
521212,521212,Vijayawada,Andhra Pradesh,IN-AP
521213,521213,Musunuru,Andhra Pradesh,IN-AP
521214,521214,Chatrai,Andhra Pradesh,IN-AP
521215,521215,Vissannapet,Andhra Pradesh,IN-AP
521225,521225,Vijayawada,Andhra Pradesh,IN-AP
521226,521227,A.Konduru,Andhra Pradesh,IN-AP
521228,521228,Kondapalle,Andhra Pradesh,IN-AP
521229,521229,G.Konduru,Andhra Pradesh,IN-AP
521230,521230,Mylavaram,Andhra Pradesh,IN-AP
521231,521231,Vijayawada,Andhra Pradesh,IN-AP
521235,521235,Tiruvuru,Andhra Pradesh,IN-AP
521241,521241,Ibrahimpatnam,Andhra Pradesh,IN-AP
521245,521245,Vuyyuru,Andhra Pradesh,IN-AP
521246,521256,Pamidimukkala,Andhra Pradesh,IN-AP
521260,521260,Unguturu,Andhra Pradesh,IN-AP
521261,521261,Vuyyuru,Andhra Pradesh,IN-AP
521263,521263,Pedaparupudi,Andhra Pradesh,IN-AP
521286,521286,Unguturu,Andhra Pradesh,IN-AP
521301,521301,Gudivada,Andhra Pradesh,IN-AP
521311,521312,Unguturu,Andhra Pradesh,IN-AP
521320,521320,Kruthivennu,Andhra Pradesh,IN-AP
521321,521321,Nandivada,Andhra Pradesh,IN-AP
521322,521322,Pamarru,Andhra Pradesh,IN-AP
521323,521323,Gudivada,Andhra Pradesh,IN-AP
521324,521324,Bantumilli,Andhra Pradesh,IN-AP
521325,521325,Mudinepalle,Andhra Pradesh,IN-AP
521326,521326,Mandavalli,Andhra Pradesh,IN-AP
521327,521327,Nandivada,Andhra Pradesh,IN-AP
521328,521328,Koduru,Andhra Pradesh,IN-AP
521329,521329,Mudinepalle,Andhra Pradesh,IN-AP
521330,521332,Gudlavalleru,Andhra Pradesh,IN-AP
521333,521340,Kaikalur,Andhra Pradesh,IN-AP
521343,521343,Korukollu,Andhra Pradesh,IN-AP
521344,521344,Kalidindi,Andhra Pradesh,IN-AP
521345,521345,Mandavalli,Andhra Pradesh,IN-AP
521356,521356,Gudlavalleru,Andhra Pradesh,IN-AP
521366,521366,Pedana,Andhra Pradesh,IN-AP
521369,521369,Bantumilli,Andhra Pradesh,IN-AP
521390,521390,Pamarru,Andhra Pradesh,IN-AP
521401,521401,Gampalagudem,Andhra Pradesh,IN-AP
521402,521402,Vatsavai,Andhra Pradesh,IN-AP
521403,521403,Gampalagudem,Andhra Pradesh,IN-AP
521456,521456,Ibrahimpatnam,Andhra Pradesh,IN-AP
521457,521457,Jaggayyapeta,Andhra Pradesh,IN-AP
522001,522009,Guntur,Andhra Pradesh,IN-AP
522015,522015,Pedanandipadu,Andhra Pradesh,IN-AP
522016,522016,Tadikonda,Andhra Pradesh,IN-AP
522017,522017,Vatticherukuru,Andhra Pradesh,IN-AP
522018,522018,Tadikonda,Andhra Pradesh,IN-AP
522019,522019,Prathipadu,Andhra Pradesh,IN-AP
522020,522020,Amaravathi,Andhra Pradesh,IN-AP
522034,522034,Guntur,Andhra Pradesh,IN-AP
522101,522101,Bapatla,Andhra Pradesh,IN-AP
522102,522102,Guntur,Andhra Pradesh,IN-AP
522111,522111,Karlapalem,Andhra Pradesh,IN-AP
522112,522112,Kakumanu,Andhra Pradesh,IN-AP
522113,522113,Bapatla,Andhra Pradesh,IN-AP
522124,522124,Ponnur,Andhra Pradesh,IN-AP
522201,522201,Tenali,Andhra Pradesh,IN-AP
522202,522211,Pedakakani,Andhra Pradesh,IN-AP
522212,522212,Chebrolu,Andhra Pradesh,IN-AP
522213,522213,Pedakakani,Andhra Pradesh,IN-AP
522233,522233,Edlapadu,Andhra Pradesh,IN-AP
522234,522234,Nadendla,Andhra Pradesh,IN-AP
522235,522235,Pedanandipadu,Andhra Pradesh,IN-AP
522236,522236,Tadikonda,Andhra Pradesh,IN-AP
522237,522239,Thullur,Andhra Pradesh,IN-AP
522240,522240,Mangalagiri,Andhra Pradesh,IN-AP
522256,522257,Bhattiprolu,Andhra Pradesh,IN-AP
522258,522258,Nagaram,Andhra Pradesh,IN-AP
522259,522259,Cherukupalle,Andhra Pradesh,IN-AP
522261,522261,Vemuru,Andhra Pradesh,IN-AP
522262,522262,Nizampatnam,Andhra Pradesh,IN-AP
522264,522265,Repalle,Andhra Pradesh,IN-AP
522268,522268,Nagaram,Andhra Pradesh,IN-AP
522301,522301,Kollur,Andhra Pradesh,IN-AP
522302,522303,Mangalagiri,Andhra Pradesh,IN-AP
522304,522304,Kollipara,Andhra Pradesh,IN-AP
522305,522305,Duggirala,Andhra Pradesh,IN-AP
522306,522307,Pedakakani,Andhra Pradesh,IN-AP
522308,522308,Duggirala,Andhra Pradesh,IN-AP
522309,522309,Cherukupalle,Andhra Pradesh,IN-AP
522310,522310,Bapatla,Andhra Pradesh,IN-AP
522311,522311,Pittalavanipalem,Andhra Pradesh,IN-AP
522312,522313,Amruthalur,Andhra Pradesh,IN-AP
522314,522314,Nizampatnam,Andhra Pradesh,IN-AP
522315,522316,Ponnur,Andhra Pradesh,IN-AP
522317,522317,Bapatla,Andhra Pradesh,IN-AP
522318,522318,Tsundur,Andhra Pradesh,IN-AP
522324,522324,Kollur,Andhra Pradesh,IN-AP
522325,522325,Amruthalur,Andhra Pradesh,IN-AP
522329,522329,Pittalavanipalem,Andhra Pradesh,IN-AP
522330,522330,Duggirala,Andhra Pradesh,IN-AP
522341,522341,Amruthalur,Andhra Pradesh,IN-AP
522401,522401,Medikonduru,Andhra Pradesh,IN-AP
522402,522402,Pedakurapadu,Andhra Pradesh,IN-AP
522403,522403,Sattenaplle,Andhra Pradesh,IN-AP
522408,522408,Muppalla,Andhra Pradesh,IN-AP
522409,522409,Atchampet,Andhra Pradesh,IN-AP
522410,522410,Krosuru,Andhra Pradesh,IN-AP
522411,522411,Bellamkonda,Andhra Pradesh,IN-AP
522412,522412,Rajupalem,Andhra Pradesh,IN-AP
522413,522413,Piduguralla,Andhra Pradesh,IN-AP
522414,522414,Dachepalle,Andhra Pradesh,IN-AP
522415,522415,Gurazala,Andhra Pradesh,IN-AP
522421,522421,Rentachintala,Andhra Pradesh,IN-AP
522426,522426,Macherla,Andhra Pradesh,IN-AP
522435,522435,Machavaram,Andhra Pradesh,IN-AP
522436,522436,Amaravathi,Andhra Pradesh,IN-AP
522437,522437,Piduguralla,Andhra Pradesh,IN-AP
522438,522438,Medikonduru,Andhra Pradesh,IN-AP
522439,522439,Macherla,Andhra Pradesh,IN-AP
522501,522502,Tadepalle,Andhra Pradesh,IN-AP
522503,522503,Mangalagiri,Andhra Pradesh,IN-AP
522508,522508,Pedakakani,Andhra Pradesh,IN-AP
522509,522509,Guntur,Andhra Pradesh,IN-AP
522510,522510,Pedakakani,Andhra Pradesh,IN-AP
522529,522529,Phirangipuram,Andhra Pradesh,IN-AP
522549,522549,Nadendla,Andhra Pradesh,IN-AP
522601,522603,Narasaraopet,Andhra Pradesh,IN-AP
522611,522611,Chilakalurpet,Andhra Pradesh,IN-AP
522612,522612,Durgi,Andhra Pradesh,IN-AP
522613,522613,Veldurthi,Andhra Pradesh,IN-AP
522614,522614,Karempudi,Andhra Pradesh,IN-AP
522615,522615,Nekarikallu,Andhra Pradesh,IN-AP
522616,522616,Chilakalurpet,Andhra Pradesh,IN-AP
522617,522617,Rompicherla,Andhra Pradesh,IN-AP
522619,522626,Chilakalurpet,Andhra Pradesh,IN-AP
522646,522646,Savalyapuram,Andhra Pradesh,IN-AP
522647,522649,Vinukonda,Andhra Pradesh,IN-AP
522657,522657,Bollapalle,Andhra Pradesh,IN-AP
522658,522658,Ipur,Andhra Pradesh,IN-AP
522659,522660,Nuzendla,Andhra Pradesh,IN-AP
522661,522661,Ipur,Andhra Pradesh,IN-AP
522663,522663,Bollapalle,Andhra Pradesh,IN-AP
523001,523002,Ongole,Andhra Pradesh,IN-AP
523101,523104,Singarayakonda,Andhra Pradesh,IN-AP
523105,523105,Kandukur,Andhra Pradesh,IN-AP
523108,523108,Pamur,Andhra Pradesh,IN-AP
523109,523109,Ponnaluru,Andhra Pradesh,IN-AP
523110,523110,Pamur,Andhra Pradesh,IN-AP
523111,523111,Pedacherlo Palle,Andhra Pradesh,IN-AP
523112,523112,Chandra Sekhara Puram,Andhra Pradesh,IN-AP
523113,523113,Voletivaripalem,Andhra Pradesh,IN-AP
523114,523115,Lingasamudram,Andhra Pradesh,IN-AP
523116,523116,Voletivaripalem,Andhra Pradesh,IN-AP
523117,523117,Pedacherlo Palle,Andhra Pradesh,IN-AP
523135,523135,Chinaganjam,Andhra Pradesh,IN-AP
523155,523166,Chirala,Andhra Pradesh,IN-AP
523167,523167,Inkollu,Andhra Pradesh,IN-AP
523168,523168,Karamchedu,Andhra Pradesh,IN-AP
523169,523169,Parchur,Andhra Pradesh,IN-AP
523170,523170,Karamchedu,Andhra Pradesh,IN-AP
523171,523171,Parchur,Andhra Pradesh,IN-AP
523180,523180,Naguluppala Padu,Andhra Pradesh,IN-AP
523181,523181,Chinaganjam,Andhra Pradesh,IN-AP
523182,523182,Ongole,Andhra Pradesh,IN-AP
523183,523183,Naguluppala Padu,Andhra Pradesh,IN-AP
523184,523184,Vetapalem,Andhra Pradesh,IN-AP
523185,523185,Chinaganjam,Andhra Pradesh,IN-AP
523186,523186,Naguluppala Padu,Andhra Pradesh,IN-AP
523187,523187,Vetapalem,Andhra Pradesh,IN-AP
523190,523190,Inkollu,Andhra Pradesh,IN-AP
523201,523201,Addanki,Andhra Pradesh,IN-AP
523211,523211,Maddipadu,Andhra Pradesh,IN-AP
523212,523213,Korisapadu,Andhra Pradesh,IN-AP
523214,523214,Janakavarampanguluru,Andhra Pradesh,IN-AP
523223,523224,Veligandla,Andhra Pradesh,IN-AP
523225,523225,Santhanuthala Padu,Andhra Pradesh,IN-AP
523226,523226,Chimakurthy,Andhra Pradesh,IN-AP
523227,523228,Hanumanthuni Padu,Andhra Pradesh,IN-AP
523230,523230,Kanigiri,Andhra Pradesh,IN-AP
523240,523240,Podili,Andhra Pradesh,IN-AP
523241,523246,Konakanamitla,Andhra Pradesh,IN-AP
523247,523252,Darsi,Andhra Pradesh,IN-AP
523253,523253,Podili,Andhra Pradesh,IN-AP
523254,523254,Kanigiri,Andhra Pradesh,IN-AP
523260,523260,Martur,Andhra Pradesh,IN-AP
523261,523261,Janakavarampanguluru,Andhra Pradesh,IN-AP
523262,523262,Ongole,Andhra Pradesh,IN-AP
523263,523263,Maddipadu,Andhra Pradesh,IN-AP
523264,523264,Tallur,Andhra Pradesh,IN-AP
523265,523265,Mundlamuru,Andhra Pradesh,IN-AP
523270,523270,Kondapi,Andhra Pradesh,IN-AP
523271,523271,Zarugumalli,Andhra Pradesh,IN-AP
523272,523272,Tangutur,Andhra Pradesh,IN-AP
523273,523273,Kondapi,Andhra Pradesh,IN-AP
523274,523274,Tangutur,Andhra Pradesh,IN-AP
523279,523279,Kondapi,Andhra Pradesh,IN-AP
523280,523280,Kotha Patnam,Andhra Pradesh,IN-AP
523281,523281,Gudluru,Andhra Pradesh,IN-AP
523286,523286,Kotha Patnam,Andhra Pradesh,IN-AP
523291,523292,Ulavapadu,Andhra Pradesh,IN-AP
523301,523301,Ballikurava,Andhra Pradesh,IN-AP
523302,523303,Santhamaguluru,Andhra Pradesh,IN-AP
523304,523304,Kurichedu,Andhra Pradesh,IN-AP
523305,523305,Donakonda,Andhra Pradesh,IN-AP
523315,523316,Markapur,Andhra Pradesh,IN-AP
523320,523320,Peda Araveedu,Andhra Pradesh,IN-AP
523326,523326,Tripuranthakam,Andhra Pradesh,IN-AP
523327,523327,Yerragondapalem,Andhra Pradesh,IN-AP
523328,523328,Pullalacheruvu,Andhra Pradesh,IN-AP
523329,523329,Markapur,Andhra Pradesh,IN-AP
523330,523330,Tripuranthakam,Andhra Pradesh,IN-AP
523331,523331,Dornala,Andhra Pradesh,IN-AP
523332,523332,Tarlupadu,Andhra Pradesh,IN-AP
523333,523333,Cumbum,Andhra Pradesh,IN-AP
523334,523334,Bestawaripeta,Andhra Pradesh,IN-AP
523335,523336,Ardhaveedu,Andhra Pradesh,IN-AP
523346,523346,Bestawaripeta,Andhra Pradesh,IN-AP
523356,523356,Komarolu,Andhra Pradesh,IN-AP
523357,523368,Giddalur,Andhra Pradesh,IN-AP
523369,523369,Komarolu,Andhra Pradesh,IN-AP
523370,523370,Bestawaripeta,Andhra Pradesh,IN-AP
523371,523371,Tarlupadu,Andhra Pradesh,IN-AP
523372,523372,Cumbum,Andhra Pradesh,IN-AP
523373,523373,Bestawaripeta,Andhra Pradesh,IN-AP
524001,524005,Nellore,Andhra Pradesh,IN-AP
524101,524101,Gudur,Andhra Pradesh,IN-AP
524121,524121,Suluru,Andhra Pradesh,IN-AP
524123,524124,Sullurpeta,Andhra Pradesh,IN-AP
524126,524126,Nayudupet,Andhra Pradesh,IN-AP
524127,524127,Chittamur,Andhra Pradesh,IN-AP
524129,524129,Pellakur,Andhra Pradesh,IN-AP
524131,524131,Balayapalle,Andhra Pradesh,IN-AP
524132,524132,Venkatagirl,Andhra Pradesh,IN-AP
524134,524134,Dakkili,Andhra Pradesh,IN-AP
524137,524137,Kovur,Andhra Pradesh,IN-AP
524142,524142,Bogole,Andhra Pradesh,IN-AP
524152,524152,Dagadarthi,Andhra Pradesh,IN-AP
524201,524203,Kavali,Andhra Pradesh,IN-AP
524221,524221,Vinjamur,Andhra Pradesh,IN-AP
524222,524222,Duttalur,Andhra Pradesh,IN-AP
524223,524223,Jaladanki,Andhra Pradesh,IN-AP
524224,524225,Kaligiri,Andhra Pradesh,IN-AP
524226,524226,Udayagiri,Andhra Pradesh,IN-AP
524227,524227,Varikuntapadu,Andhra Pradesh,IN-AP
524228,524228,Vinjamur,Andhra Pradesh,IN-AP
524230,524230,Duttalur,Andhra Pradesh,IN-AP
524234,524234,Anumasamudrampeta,Andhra Pradesh,IN-AP
524236,524236,Udayagiri,Andhra Pradesh,IN-AP
524239,524239,Kondapuram,Andhra Pradesh,IN-AP
524240,524240,Dagadarthi,Andhra Pradesh,IN-AP
524300,524303,Ananthasagaram,Andhra Pradesh,IN-AP
524304,524304,Anumasamudrampeta,Andhra Pradesh,IN-AP
524305,524305,Buchireaddypala,Andhra Pradesh,IN-AP
524306,524306,Sangam,Andhra Pradesh,IN-AP
524307,524307,Atmakur,Andhra Pradesh,IN-AP
524308,524308,Sangam,Andhra Pradesh,IN-AP
524309,524309,Podalakur,Andhra Pradesh,IN-AP
524310,524310,Seetharamapuram,Andhra Pradesh,IN-AP
524311,524311,Thotapalligudur,Andhra Pradesh,IN-AP
524312,524312,Marripadu,Andhra Pradesh,IN-AP
524313,524314,Indukurpet,Andhra Pradesh,IN-AP
524315,524315,Alluru,Andhra Pradesh,IN-AP
524316,524317,Kodavalur,Andhra Pradesh,IN-AP
524318,524318,Vidavalur,Andhra Pradesh,IN-AP
524319,524319,Kodavalur,Andhra Pradesh,IN-AP
524320,524321,Venkatachalam,Andhra Pradesh,IN-AP
524322,524322,Atmakur,Andhra Pradesh,IN-AP
524323,524324,Venkatachalam,Andhra Pradesh,IN-AP
524341,524341,Chejerla,Andhra Pradesh,IN-AP
524342,524343,Kaluvoya,Andhra Pradesh,IN-AP
524344,524344,Muthukur,Andhra Pradesh,IN-AP
524345,524345,Podalakur,Andhra Pradesh,IN-AP
524346,524347,Muthukur,Andhra Pradesh,IN-AP
524366,524366,Kodavalur,Andhra Pradesh,IN-AP
524401,524401,Tada,Andhra Pradesh,IN-AP
524402,524402,Ojili,Andhra Pradesh,IN-AP
524403,524403,Vakadu,Andhra Pradesh,IN-AP
524404,524404,Dakkili,Andhra Pradesh,IN-AP
524405,524405,Manubolu,Andhra Pradesh,IN-AP
524406,524406,Gudur,Andhra Pradesh,IN-AP
524407,524407,Sydapuram,Andhra Pradesh,IN-AP
524408,524408,Rapur,Andhra Pradesh,IN-AP
524409,524409,Podalakur,Andhra Pradesh,IN-AP
524410,524410,Chillakur,Andhra Pradesh,IN-AP
524411,524411,Kota,Andhra Pradesh,IN-AP
524412,524412,Gudur,Andhra Pradesh,IN-AP
524413,524413,Kota,Andhra Pradesh,IN-AP
524414,524414,Rapur,Andhra Pradesh,IN-AP
524415,524415,Vakadu,Andhra Pradesh,IN-AP
524421,524421,Naidupet,Andhra Pradesh,IN-AP
530001,530024,Visakhapatnam,Andhra Pradesh,IN-AP
530026,530026,Gajuwaka,Andhra Pradesh,IN-AP
530027,530046,Visakhapatnam,Andhra Pradesh,IN-AP
530047,530047,Vepagunta,Andhra Pradesh,IN-AP
530048,530051,Visakhapatnam,Andhra Pradesh,IN-AP
530052,530052,Anandapuram,Andhra Pradesh,IN-AP
530053,530053,Visakhapatnam,Andhra Pradesh,IN-AP
531001,531002,Anakapalle,Andhra Pradesh,IN-AP
531011,531011,Atchutapuram,Andhra Pradesh,IN-AP
531019,531019,Visakhapatnam,Andhra Pradesh,IN-AP
531020,531021,Paravada,Andhra Pradesh,IN-AP
531022,531022,K.Kotapadu,Andhra Pradesh,IN-AP
531023,531023,Chodavaram,Andhra Pradesh,IN-AP
531024,531024,Paderu,Andhra Pradesh,IN-AP
531025,531025,Ravikamatham,Andhra Pradesh,IN-AP
531026,531026,Butchayyapeta,Andhra Pradesh,IN-AP
531027,531028,Madugula,Andhra Pradesh,IN-AP
531029,531029,G.Madugula,Andhra Pradesh,IN-AP
531030,531030,Ananthagiri,Andhra Pradesh,IN-AP
531031,531031,Kasimkota,Andhra Pradesh,IN-AP
531032,531032,Anakapalle,Andhra Pradesh,IN-AP
531033,531033,Munagapaka,Andhra Pradesh,IN-AP
531034,531034,K.Kotapadu,Andhra Pradesh,IN-AP
531035,531035,Sabbavaram,Andhra Pradesh,IN-AP
531036,531036,Chodavaram,Andhra Pradesh,IN-AP
531040,531040,Peda Bayalu,Andhra Pradesh,IN-AP
531055,531055,Yelamanchali,Andhra Pradesh,IN-AP
531060,531060,S.Rayavaram,Andhra Pradesh,IN-AP
531061,531061,Rambilli,Andhra Pradesh,IN-AP
531075,531075,Devarapalle,Andhra Pradesh,IN-AP
531077,531077,Hukumpeta,Andhra Pradesh,IN-AP
531081,531081,Nakkapalle,Andhra Pradesh,IN-AP
531082,531082,Etikoppaka,Andhra Pradesh,IN-AP
531083,531083,S.Rayavaram,Andhra Pradesh,IN-AP
531084,531084,Golugonda,Andhra Pradesh,IN-AP
531085,531085,Kotauratla,Andhra Pradesh,IN-AP
531087,531087,Koyyuru,Andhra Pradesh,IN-AP
531105,531105,Gudem Kotha Veedhi,Andhra Pradesh,IN-AP
531111,531111,Chintapalle,Andhra Pradesh,IN-AP
531113,531113,Makavarapalem,Andhra Pradesh,IN-AP
531114,531114,Ravikamatham,Andhra Pradesh,IN-AP
531115,531115,Nathavaram,Andhra Pradesh,IN-AP
531116,531118,Narsipatnam,Andhra Pradesh,IN-AP
531126,531126,Tuni,Andhra Pradesh,IN-AP
531127,531127,Payakaraopeta,Andhra Pradesh,IN-AP
531133,531133,Gudem Kotha Veedhi,Andhra Pradesh,IN-AP
531149,531151,Araku Valley,Andhra Pradesh,IN-AP
531162,531162,Visakhapatnam,Andhra Pradesh,IN-AP
531163,531163,Bhimunipatnam,Andhra Pradesh,IN-AP
531173,531173,Visakhapatnam,Andhra Pradesh,IN-AP
531219,531219,Padmanabham,Andhra Pradesh,IN-AP
532001,532005,Srikakulam,Andhra Pradesh,IN-AP
532122,532122,Regidi Amadalavalasa,Andhra Pradesh,IN-AP
532123,532123,Santhakaviti,Andhra Pradesh,IN-AP
532127,532127,Rajam,Andhra Pradesh,IN-AP
532148,532148,Ganguvarisigadam,Andhra Pradesh,IN-AP
532168,532168,Ponduru,Andhra Pradesh,IN-AP
532185,532186,Amadalavalasa,Andhra Pradesh,IN-AP
532187,532187,Srikakulam,Andhra Pradesh,IN-AP
532190,532190,Sarubujjili,Andhra Pradesh,IN-AP
532195,532195,Kotabommali,Andhra Pradesh,IN-AP
532201,532203,Tekkali,Andhra Pradesh,IN-AP
532211,532211,Santhabommali,Andhra Pradesh,IN-AP
532212,532212,Tekkali,Andhra Pradesh,IN-AP
532213,532214,Pathapatnam,Andhra Pradesh,IN-AP
532215,532216,Meliaputti,Andhra Pradesh,IN-AP
532218,532219,Vajrapukothuru,Andhra Pradesh,IN-AP
532220,532221,Palasa,Andhra Pradesh,IN-AP
532222,532222,Vajrapukothuru,Andhra Pradesh,IN-AP
532242,532243,Mandasa,Andhra Pradesh,IN-AP
532263,532284,Sompeta,Andhra Pradesh,IN-AP
532290,532291,Kanchili,Andhra Pradesh,IN-AP
532292,532292,Kaviti,Andhra Pradesh,IN-AP
532312,532312,Ichchapuram,Andhra Pradesh,IN-AP
532322,532322,Kaviti,Andhra Pradesh,IN-AP
532401,532401,Srikakulam,Andhra Pradesh,IN-AP
532402,532402,Ponduru,Andhra Pradesh,IN-AP
532403,532403,Laveru,Andhra Pradesh,IN-AP
532404,532406,Gara,Andhra Pradesh,IN-AP
532407,532407,Ranastalam,Andhra Pradesh,IN-AP
532408,532408,Etcherla,Andhra Pradesh,IN-AP
532409,532409,Ranastalam,Andhra Pradesh,IN-AP
532410,532410,Etcherla,Andhra Pradesh,IN-AP
532421,532425,Narasannapeta,Andhra Pradesh,IN-AP
532426,532427,Saravakota,Andhra Pradesh,IN-AP
532428,532428,Hiramandalam,Andhra Pradesh,IN-AP
532429,532430,Polaki,Andhra Pradesh,IN-AP
532432,532432,Jalumuru,Andhra Pradesh,IN-AP
532440,532440,Palakonda,Andhra Pradesh,IN-AP
532443,532443,Seethampeta,Andhra Pradesh,IN-AP
532445,532445,Burja,Andhra Pradesh,IN-AP
532455,532455,Kothuru,Andhra Pradesh,IN-AP
532456,532456,Bhamini,Andhra Pradesh,IN-AP
532457,532457,Kothuru,Andhra Pradesh,IN-AP
532458,532458,Lakshminarsupeta,Andhra Pradesh,IN-AP
532459,532459,Hiramandalam,Andhra Pradesh,IN-AP
532460,532460,Veeraghattam,Andhra Pradesh,IN-AP
532461,532461,Vangara,Andhra Pradesh,IN-AP
532462,532462,Veeraghattam,Andhra Pradesh,IN-AP
532474,532474,Jalumuru,Andhra Pradesh,IN-AP
532484,532484,Amadalavalasa,Andhra Pradesh,IN-AP
533001,533007,Kakinada,Andhra Pradesh,IN-AP
533016,533016,Karapa,Andhra Pradesh,IN-AP
533101,533125,Rajahmundry,Andhra Pradesh,IN-AP
533126,533126,Kadiam,Andhra Pradesh,IN-AP
533201,533201,Amalapuram,Andhra Pradesh,IN-AP
533210,533210,Allavaram,Andhra Pradesh,IN-AP
533211,533211,Ainavilli,Andhra Pradesh,IN-AP
533212,533212,Katrenikona,Andhra Pradesh,IN-AP
533213,533213,Amalapuram,Andhra Pradesh,IN-AP
533214,533214,Ambajipeta,Andhra Pradesh,IN-AP
533215,533215,Allavaram,Andhra Pradesh,IN-AP
533216,533216,Mummidivaram,Andhra Pradesh,IN-AP
533217,533217,Allavaram,Andhra Pradesh,IN-AP
533218,533218,Amalapuram,Andhra Pradesh,IN-AP
533220,533220,Polavaram,Andhra Pradesh,IN-AP
533221,533221,Amalapuram,Andhra Pradesh,IN-AP
533222,533222,Uppalaguptam,Andhra Pradesh,IN-AP
533223,533229,Kothapeta,Andhra Pradesh,IN-AP
533232,533233,Alamuru,Andhra Pradesh,IN-AP
533234,533234,Mandapeta,Andhra Pradesh,IN-AP
533235,533236,Atreyapuram,Andhra Pradesh,IN-AP
533237,533238,Ravulapalem,Andhra Pradesh,IN-AP
533239,533239,Ambajipeta,Andhra Pradesh,IN-AP
533240,533240,P.Gannavaram,Andhra Pradesh,IN-AP
533241,533241,Ambajipeta,Andhra Pradesh,IN-AP
533242,533244,Razole,Andhra Pradesh,IN-AP
533247,533247,Mamidikuduru,Andhra Pradesh,IN-AP
533248,533249,Razole,Andhra Pradesh,IN-AP
533250,533250,Malikipuram,Andhra Pradesh,IN-AP
533251,533251,Narasapur,Andhra Pradesh,IN-AP
533252,533253,Sakhinetipalle,Andhra Pradesh,IN-AP
533254,533254,Malikipuram,Andhra Pradesh,IN-AP
533255,533256,Ramachandrapuram,Andhra Pradesh,IN-AP
533260,533260,Karapa,Andhra Pradesh,IN-AP
533261,533261,Rayavaram,Andhra Pradesh,IN-AP
533262,533262,Ramachandrapuram,Andhra Pradesh,IN-AP
533263,533263,K Gangavaram,Andhra Pradesh,IN-AP
533264,533264,Anaparthy,Andhra Pradesh,IN-AP
533274,533274,P.Gannavaram,Andhra Pradesh,IN-AP
533284,533285,Gangavaram,Andhra Pradesh,IN-AP
533286,533286,Gokavaram,Andhra Pradesh,IN-AP
533287,533287,Seethanagaram,Andhra Pradesh,IN-AP
533288,533288,Rampachodavaram,Andhra Pradesh,IN-AP
533289,533290,Korukonda,Andhra Pradesh,IN-AP
533291,533291,Rangampeta,Andhra Pradesh,IN-AP
533292,533292,Korukonda,Andhra Pradesh,IN-AP
533293,533293,Rajahmundry,Andhra Pradesh,IN-AP
533294,533294,Rajanagaram,Andhra Pradesh,IN-AP
533295,533295,Maredumilli,Andhra Pradesh,IN-AP
533296,533296,Rajanagaram,Andhra Pradesh,IN-AP
533297,533297,Gandepalle,Andhra Pradesh,IN-AP
533305,533306,K Gangavaram,Andhra Pradesh,IN-AP
533307,533307,Kapileswarapuram,Andhra Pradesh,IN-AP
533308,533308,Mandapeta,Andhra Pradesh,IN-AP
533309,533309,Kapileswarapuram,Andhra Pradesh,IN-AP
533339,533339,Devipatnam,Andhra Pradesh,IN-AP
533340,533341,Mandapeta,Andhra Pradesh,IN-AP
533342,533342,Anaparthy,Andhra Pradesh,IN-AP
533343,533343,Biccavolu,Andhra Pradesh,IN-AP
533344,533344,Pedapudi,Andhra Pradesh,IN-AP
533345,533345,Biccavolu,Andhra Pradesh,IN-AP
533346,533346,Rayavaram,Andhra Pradesh,IN-AP
533347,533347,Chintur,Andhra Pradesh,IN-AP
533348,533348,Y. Ramavaram,Andhra Pradesh,IN-AP
533349,533349,Vararamachandrapuram,Andhra Pradesh,IN-AP
533350,533351,Kunavaram,Andhra Pradesh,IN-AP
533352,533352,Bhadrachalam,Andhra Pradesh,IN-AP
533353,533353,Rajanagaram,Andhra Pradesh,IN-AP
533354,533354,Devipatnam,Andhra Pradesh,IN-AP
533355,533355,K Gangavaram,Andhra Pradesh,IN-AP
533401,533401,Tuni,Andhra Pradesh,IN-AP
533406,533406,Sankhavaram,Andhra Pradesh,IN-AP
533407,533407,Kotananduru,Andhra Pradesh,IN-AP
533408,533408,Thondangi,Andhra Pradesh,IN-AP
533428,533428,Addateegala,Andhra Pradesh,IN-AP
533429,533429,Yeleswaram,Andhra Pradesh,IN-AP
533430,533430,Prathipadu,Andhra Pradesh,IN-AP
533431,533431,Kirlampudi,Andhra Pradesh,IN-AP
533432,533432,Prathipadu,Andhra Pradesh,IN-AP
533433,533433,Pithapuram,Andhra Pradesh,IN-AP
533434,533434,Samalkot,Andhra Pradesh,IN-AP
533435,533435,Jaggampeta,Andhra Pradesh,IN-AP
533436,533436,Rajavommangi,Andhra Pradesh,IN-AP
533437,533437,Peddapuram,Andhra Pradesh,IN-AP
533440,533440,Samalkot,Andhra Pradesh,IN-AP
533444,533444,Sankhavaram,Andhra Pradesh,IN-AP
533445,533445,Gollaprolu,Andhra Pradesh,IN-AP
533446,533446,Sankhavaram,Andhra Pradesh,IN-AP
533447,533448,Kothapalle,Andhra Pradesh,IN-AP
533449,533449,Gollaprolu,Andhra Pradesh,IN-AP
533450,533450,Pithapuram,Andhra Pradesh,IN-AP
533451,533451,Gollaprolu,Andhra Pradesh,IN-AP
533461,533461,Thallarevu,Andhra Pradesh,IN-AP
533462,533462,Karapa,Andhra Pradesh,IN-AP
533463,533463,Thallarevu,Andhra Pradesh,IN-AP
533464,533464,Yanam,Puducherry,IN-PY
533468,533468,Kajuluru,Andhra Pradesh,IN-AP
533483,533483,Y. Ramavaram,Andhra Pradesh,IN-AP
533577,533577,Ainavilli,Andhra Pradesh,IN-AP
534001,534002,Eluru,Andhra Pradesh,IN-AP
534003,534003,Pedavegi,Andhra Pradesh,IN-AP
534004,534004,Ellore,Andhra Pradesh,IN-AP
534005,534006,Eluru,Andhra Pradesh,IN-AP
534007,534007,Pedapadu,Andhra Pradesh,IN-AP
534101,534102,Tadepalligudem,Andhra Pradesh,IN-AP
534111,534112,Nallajerla,Andhra Pradesh,IN-AP
534122,534122,Penumantra,Andhra Pradesh,IN-AP
534123,534123,Achanta,Andhra Pradesh,IN-AP
534124,534126,Penumantra,Andhra Pradesh,IN-AP
534134,534134,Attili,Andhra Pradesh,IN-AP
534145,534146,Tadepalligudem,Andhra Pradesh,IN-AP
534156,534156,Tanuku,Andhra Pradesh,IN-AP
534165,534165,Pentapadu,Andhra Pradesh,IN-AP
534166,534166,Tadepallegudem,Andhra Pradesh,IN-AP
534176,534176,Nallajerla,Andhra Pradesh,IN-AP
534186,534186,Undi,Andhra Pradesh,IN-AP
534195,534195,Nidamarru,Andhra Pradesh,IN-AP
534196,534196,Ganapavaram,Andhra Pradesh,IN-AP
534197,534197,Pippara,Andhra Pradesh,IN-AP
534198,534198,Nidamarru,Andhra Pradesh,IN-AP
534199,534199,Undi,Andhra Pradesh,IN-AP
534201,534204,Bhimavaram,Andhra Pradesh,IN-AP
534206,534206,Kalla,Andhra Pradesh,IN-AP
534207,534208,Bhimavaram,Andhra Pradesh,IN-AP
534209,534210,Palacoderu,Andhra Pradesh,IN-AP
534211,534215,Tanuku,Andhra Pradesh,IN-AP
534216,534216,Undrajavaram,Andhra Pradesh,IN-AP
534217,534217,Iragavaram,Andhra Pradesh,IN-AP
534218,534222,Tanuku,Andhra Pradesh,IN-AP
534225,534225,Iragavaram,Andhra Pradesh,IN-AP
534227,534227,Undrajavaram,Andhra Pradesh,IN-AP
534230,534230,Attili,Andhra Pradesh,IN-AP
534235,534235,Akividu,Andhra Pradesh,IN-AP
534236,534237,Kalla,Andhra Pradesh,IN-AP
534238,534238,Penumantra,Andhra Pradesh,IN-AP
534239,534239,Bhimavaram,Andhra Pradesh,IN-AP
534240,534240,Veeravasaram,Andhra Pradesh,IN-AP
534243,534244,Palacoderu,Andhra Pradesh,IN-AP
534245,534247,Veeravasaram,Andhra Pradesh,IN-AP
534250,534250,Palacole,Andhra Pradesh,IN-AP
534260,534260,Palakollu,Andhra Pradesh,IN-AP
534265,534265,Poduru,Andhra Pradesh,IN-AP
534266,534266,Yelamanchili,Andhra Pradesh,IN-AP
534267,534267,Poduru,Andhra Pradesh,IN-AP
534268,534268,Yelamanchili,Andhra Pradesh,IN-AP
534269,534269,Achanta,Andhra Pradesh,IN-AP
534275,534280,Narasapur,Andhra Pradesh,IN-AP
534281,534281,Mogalthur,Andhra Pradesh,IN-AP
534301,534305,Nidadavole,Andhra Pradesh,IN-AP
534311,534312,Koyyalagudem,Andhra Pradesh,IN-AP
534313,534313,Devarapalle,Andhra Pradesh,IN-AP
534315,534315,Polavaram,Andhra Pradesh,IN-AP
534316,534316,Gopalapuram,Andhra Pradesh,IN-AP
534318,534318,Polavaram,Andhra Pradesh,IN-AP
534320,534326,Penugonda,Andhra Pradesh,IN-AP
534327,534327,Poduru,Andhra Pradesh,IN-AP
534328,534331,Peravali,Andhra Pradesh,IN-AP
534338,534338,Poduru,Andhra Pradesh,IN-AP
534340,534341,Tallapudi,Andhra Pradesh,IN-AP
534342,534342,Chagallu,Andhra Pradesh,IN-AP
534350,534350,Kovvur,Andhra Pradesh,IN-AP
534401,534401,Bhimadole,Andhra Pradesh,IN-AP
534406,534416,Unguturu,Andhra Pradesh,IN-AP
534425,534425,Bhimadole,Andhra Pradesh,IN-AP
534426,534426,Dwarakatirumala,Andhra Pradesh,IN-AP
534427,534427,Bhimadole,Andhra Pradesh,IN-AP
534432,534432,Denduluru,Andhra Pradesh,IN-AP
534435,534435,Pedavegi,Andhra Pradesh,IN-AP
534437,534437,Pedapadu,Andhra Pradesh,IN-AP
534442,534442,Denduluru,Andhra Pradesh,IN-AP
534444,534444,Kukunoor,Andhra Pradesh,IN-AP
534447,534447,Jangareddygudem,Andhra Pradesh,IN-AP
534448,534448,Buttayagudem,Andhra Pradesh,IN-AP
534449,534449,Kamavarapukota,Andhra Pradesh,IN-AP
534450,534450,Denduluru,Andhra Pradesh,IN-AP
534451,534451,Dwarakatirumala,Andhra Pradesh,IN-AP
534452,534452,Kamavarapukota,Andhra Pradesh,IN-AP
534455,534455,Jangareddygudem,Andhra Pradesh,IN-AP
534456,534456,Jeelugu Milli,Andhra Pradesh,IN-AP
534460,534461,Chintalapudi,Andhra Pradesh,IN-AP
534462,534462,Lingapalem,Andhra Pradesh,IN-AP
534467,534467,T.Narasapuram,Andhra Pradesh,IN-AP
534475,534475,Pedavegi,Andhra Pradesh,IN-AP
535001,535004,Vizianagaram,Andhra Pradesh,IN-AP
535005,535006,Denkada,Andhra Pradesh,IN-AP
535101,535101,Garividi,Andhra Pradesh,IN-AP
535102,535124,Merakamudidam,Andhra Pradesh,IN-AP
535125,535125,Chipurupalle,Andhra Pradesh,IN-AP
535126,535126,Therlam,Andhra Pradesh,IN-AP
535128,535128,Chipurupalle,Andhra Pradesh,IN-AP
535145,535148,Srungavarapukota,Andhra Pradesh,IN-AP
535160,535160,Gantyada,Andhra Pradesh,IN-AP
535161,535161,Lakkavarapukota,Andhra Pradesh,IN-AP
535183,535183,Kothavalasa,Andhra Pradesh,IN-AP
535204,535213,Pusapatirega,Andhra Pradesh,IN-AP
535214,535214,Jami,Andhra Pradesh,IN-AP
535215,535215,Gantyada,Andhra Pradesh,IN-AP
535216,535216,Bhogapuram,Andhra Pradesh,IN-AP
535217,535218,Nellimarla,Andhra Pradesh,IN-AP
535220,535220,Gurla,Andhra Pradesh,IN-AP
535221,535221,Gantyada,Andhra Pradesh,IN-AP
535240,535250,Jami,Andhra Pradesh,IN-AP
535260,535260,Bondapalle,Andhra Pradesh,IN-AP
535270,535270,Gajapathinagaram,Andhra Pradesh,IN-AP
535273,535273,Ananthagiri,Andhra Pradesh,IN-AP
535280,535280,Nellimarla,Andhra Pradesh,IN-AP
535281,535281,Vepada,Andhra Pradesh,IN-AP
535463,535463,Garugubilli,Andhra Pradesh,IN-AP
535501,535502,Parvathipuram,Andhra Pradesh,IN-AP
535521,535521,Komarada,Andhra Pradesh,IN-AP
535522,535522,Parvathipuram,Andhra Pradesh,IN-AP
535523,535524,Kurupam,Andhra Pradesh,IN-AP
535525,535525,Garugubilli,Andhra Pradesh,IN-AP
535526,535526,Jiyyammavalasa,Andhra Pradesh,IN-AP
535527,535527,Parvathipuram,Andhra Pradesh,IN-AP
535534,535534,Kurupam,Andhra Pradesh,IN-AP
535546,535546,Seethanagaram,Andhra Pradesh,IN-AP
535547,535547,Makkuva,Andhra Pradesh,IN-AP
535557,535557,Balijipeta,Andhra Pradesh,IN-AP
535558,535573,Bobbili,Andhra Pradesh,IN-AP
535578,535578,Badangi,Andhra Pradesh,IN-AP
535579,535579,Ramabhadrapuram,Andhra Pradesh,IN-AP
535580,535580,Gajapathinagaram,Andhra Pradesh,IN-AP
535581,535581,Mentada,Andhra Pradesh,IN-AP
535582,535582,Dattirajeru,Andhra Pradesh,IN-AP
535591,535591,Salur,Andhra Pradesh,IN-AP
535592,535592,Pachipenta,Andhra Pradesh,IN-AP
535593,535593,Salur,Andhra Pradesh,IN-AP
535594,535594,Jiyyammavalasa,Andhra Pradesh,IN-AP
560001,560116,Bengaluru,Karnataka,IN-KA
560117,560117,Hosakote,Karnataka,IN-KA
560300,560500,Bengaluru,Karnataka,IN-KA
561101,561201,Magadi,Karnataka,IN-KA
561202,561202,Pavagada,Karnataka,IN-KA
561203,561205,Dodballapur,Karnataka,IN-KA
561206,561206,Gouribidanur,Karnataka,IN-KA
561207,561207,Bagepalli,Karnataka,IN-KA
561208,561208,Gouribidanur,Karnataka,IN-KA
561209,561209,Gudibande,Karnataka,IN-KA
561210,561211,Gouribidanur,Karnataka,IN-KA
561212,561212,Bagepalli,Karnataka,IN-KA
561213,561228,Gouribidanur,Karnataka,IN-KA
562101,562101,Chikkaballapur,Karnataka,IN-KA
562102,562102,Sidlaghatta,Karnataka,IN-KA
562103,562104,Chikkaballapur,Karnataka,IN-KA
562105,562105,Sidlaghatta,Karnataka,IN-KA
562106,562107,Bengaluru,Karnataka,IN-KA
562108,562108,Channapatna,Karnataka,IN-KA
562109,562109,Bidadi,Karnataka,IN-KA
562110,562110,Devanahalli,Karnataka,IN-KA
562111,562111,Nelamangala,Karnataka,IN-KA
562112,562112,Kanakapura,Karnataka,IN-KA
562114,562114,Hosakote,Karnataka,IN-KA
562117,562119,Kanakapura,Karnataka,IN-KA
562120,562120,Magadi,Karnataka,IN-KA
562121,562121,Kanakapura,Karnataka,IN-KA
562122,562122,Hosakote,Karnataka,IN-KA
562123,562123,Nelamangala,Karnataka,IN-KA
562125,562125,Bengaluru,Karnataka,IN-KA
562126,562126,Kanakapura,Karnataka,IN-KA
562127,562127,Magadi,Karnataka,IN-KA
562128,562128,Ramanagara,Karnataka,IN-KA
562129,562129,Hosakote,Karnataka,IN-KA
562130,562130,Bengaluru,Karnataka,IN-KA
562131,562131,Magadi,Karnataka,IN-KA
562132,562132,Nelamangala,Karnataka,IN-KA
562135,562135,Vijayapura,Karnataka,IN-KA
562138,562138,Channapatna,Karnataka,IN-KA
562149,562157,Bengaluru,Karnataka,IN-KA
562159,562159,Ramanagara,Karnataka,IN-KA
562160,562161,Channapatna,Karnataka,IN-KA
562162,562162,Bengaluru,Karnataka,IN-KA
562163,562165,Devanahalli,Karnataka,IN-KA
563101,563103,Kolar,Karnataka,IN-KA
563113,563113,Kolar Gold Field,Karnataka,IN-KA
563114,563114,Bangarpet,Karnataka,IN-KA
563115,563115,Robertsonpet,Karnataka,IN-KA
563116,563116,Kolar Gold Field,Karnataka,IN-KA
563117,563120,Robertsonpet,Karnataka,IN-KA
563121,563121,Kolar Gold Field,Karnataka,IN-KA
563122,563122,Robertsonpet,Karnataka,IN-KA
563123,563123,Chintamani,Karnataka,IN-KA
563124,563124,Bagepalli,Karnataka,IN-KA
563125,563125,Chintamani,Karnataka,IN-KA
563126,563126,Kolar,Karnataka,IN-KA
563127,563127,Mulbagal,Karnataka,IN-KA
563128,563128,Chintamani,Karnataka,IN-KA
563129,563129,Bangarpet,Karnataka,IN-KA
563130,563130,Malur,Karnataka,IN-KA
563131,563132,Mulbagal,Karnataka,IN-KA
563133,563133,Kolar,Karnataka,IN-KA
563134,563135,Srinivasapura,Karnataka,IN-KA
563136,563136,Mulbagal,Karnataka,IN-KA
563137,563137,Malur,Karnataka,IN-KA
563138,563138,Srinivasapura,Karnataka,IN-KA
563139,563139,Malur,Karnataka,IN-KA
563146,563146,Chintamani,Karnataka,IN-KA
563147,563147,Bangarpet,Karnataka,IN-KA
563157,563157,Kolar,Karnataka,IN-KA
563159,563159,Chintamani,Karnataka,IN-KA
563160,563160,Malur,Karnataka,IN-KA
563161,563161,Srinivasapura,Karnataka,IN-KA
563162,563162,Bangarpet,Karnataka,IN-KA
563163,563163,Malur,Karnataka,IN-KA
570001,570034,Mysuru,Karnataka,IN-KA
571101,571101,Bannur,Karnataka,IN-KA
571102,571102,Periyapatna,Karnataka,IN-KA
571103,571103,Hunsur,Karnataka,IN-KA
571104,571104,Periyapatna,Karnataka,IN-KA
571105,571106,Hunsur,Karnataka,IN-KA
571107,571108,Periyapatna,Karnataka,IN-KA
571109,571109,Gundlupet,Karnataka,IN-KA
571110,571110,Tirumakudal Narsipur,Karnataka,IN-KA
571111,571111,Gundlupet,Karnataka,IN-KA
571114,571114,Heggadadevankote,Karnataka,IN-KA
571115,571115,Chamarajanagar,Karnataka,IN-KA
571116,571116,Heggadadevankote,Karnataka,IN-KA
571117,571117,Chamarajanagar,Karnataka,IN-KA
571118,571119,Nanjangud,Karnataka,IN-KA
571120,571120,Tirumakudal Narsipur,Karnataka,IN-KA
571121,571121,Saragur,Karnataka,IN-KA
571122,571122,Tirumakudal Narsipur,Karnataka,IN-KA
571123,571123,Gundlupet,Karnataka,IN-KA
571124,571124,Tirumakudal Narsipur,Karnataka,IN-KA
571125,571125,Heggadadevankote,Karnataka,IN-KA
571126,571126,Gundlupet,Karnataka,IN-KA
571127,571128,Chamarajanagar,Karnataka,IN-KA
571129,571129,Nanjangud,Karnataka,IN-KA
571130,571130,Mysuru,Karnataka,IN-KA
571134,571134,Hunsur,Karnataka,IN-KA
571187,571187,Periyapatna,Karnataka,IN-KA
571189,571189,Hunsur,Karnataka,IN-KA
571201,571201,Madikeri,Karnataka,IN-KA
571211,571211,Virajpet,Karnataka,IN-KA
571212,571212,Madikeri,Karnataka,IN-KA
571213,571213,Ponnampet,Karnataka,IN-KA
571214,571214,Madikeri,Karnataka,IN-KA
571215,571215,Virajpet,Karnataka,IN-KA
571216,571217,Ponnampet,Karnataka,IN-KA
571218,571218,Virajpet,Karnataka,IN-KA
571219,571219,Ponnampet,Karnataka,IN-KA
571231,571232,Somvarpet,Karnataka,IN-KA
571234,571234,Kushalnagar,Karnataka,IN-KA
571235,571237,Somvarpet,Karnataka,IN-KA
571247,571247,Madikeri,Karnataka,IN-KA
571248,571248,Somvarpet,Karnataka,IN-KA
571249,571250,Ponnampet,Karnataka,IN-KA
571251,571251,Somvarpet,Karnataka,IN-KA
571252,571252,Madikeri,Karnataka,IN-KA
571253,571253,Virajpet,Karnataka,IN-KA
571254,571254,Ponnampet,Karnataka,IN-KA
571301,571302,Nanjangud,Karnataka,IN-KA
571311,571311,Mysuru,Karnataka,IN-KA
571312,571312,Nanjangud,Karnataka,IN-KA
571313,571313,Chamarajanagar,Karnataka,IN-KA
571314,571315,Nanjangud,Karnataka,IN-KA
571316,571316,Chamarajanagar,Karnataka,IN-KA
571320,571320,Kollegal,Karnataka,IN-KA
571342,571342,Chamarajanagar,Karnataka,IN-KA
571401,571405,Mandya,Karnataka,IN-KA
571415,571415,Shrirangapattana,Karnataka,IN-KA
571416,571416,Mandya,Karnataka,IN-KA
571417,571417,Malavalli,Karnataka,IN-KA
571418,571418,Belluru,Karnataka,IN-KA
571419,571419,Maddur,Karnataka,IN-KA
571421,571421,Malavalli,Karnataka,IN-KA
571422,571422,Maddur,Karnataka,IN-KA
571423,571423,Krishnarajpet,Karnataka,IN-KA
571424,571424,Malavalli,Karnataka,IN-KA
571425,571425,Maddur,Karnataka,IN-KA
571426,571426,Krishnarajpet,Karnataka,IN-KA
571427,571427,Pandavapura,Karnataka,IN-KA
571428,571429,Maddur,Karnataka,IN-KA
571430,571430,Malavalli,Karnataka,IN-KA
571431,571431,Pandavapura,Karnataka,IN-KA
571432,571432,Nagamangala,Karnataka,IN-KA
571433,571433,Maddur,Karnataka,IN-KA
571434,571435,Pandavapura,Karnataka,IN-KA
571436,571436,Krishnarajpet,Karnataka,IN-KA
571438,571438,Shrirangapattana,Karnataka,IN-KA
571439,571439,Hanur,Karnataka,IN-KA
571440,571440,Kollegal,Karnataka,IN-KA
571441,571442,Yelandur,Karnataka,IN-KA
571443,571443,Kollegal,Karnataka,IN-KA
571444,571444,Hanur,Karnataka,IN-KA
571445,571445,Nagamangala,Karnataka,IN-KA
571446,571446,Mandya,Karnataka,IN-KA
571448,571448,Nagamangala,Karnataka,IN-KA
571450,571450,Mandya,Karnataka,IN-KA
571455,571455,Pandavapura,Karnataka,IN-KA
571457,571457,Hanur,Karnataka,IN-KA
571463,571475,Malavalli,Karnataka,IN-KA
571476,571476,Maddur,Karnataka,IN-KA
571477,571477,Shrirangapattana,Karnataka,IN-KA
571478,571478,Mandya,Karnataka,IN-KA
571490,571490,Kollegal,Karnataka,IN-KA
571601,571602,Krishnarajanagara,Karnataka,IN-KA
571603,571604,Saligrama,Karnataka,IN-KA
571605,571605,Krishnarajpet,Karnataka,IN-KA
571606,571607,Shrirangapattana,Karnataka,IN-KA
571610,571610,Hunsur,Karnataka,IN-KA
571617,571617,Krishnarajanagara,Karnataka,IN-KA
571802,571802,Nagamangala,Karnataka,IN-KA
571807,571807,Shrirangapattana,Karnataka,IN-KA
571811,571811,Nagamangala,Karnataka,IN-KA
571812,571812,Krishnarajpet,Karnataka,IN-KA
572101,572107,Tumakuru,Karnataka,IN-KA
572111,572111,Kunigal,Karnataka,IN-KA
572112,572112,Madhugiri,Karnataka,IN-KA
572113,572113,Sira,Karnataka,IN-KA
572114,572114,Tiptur,Karnataka,IN-KA
572115,572115,Sira,Karnataka,IN-KA
572116,572116,Pavagada,Karnataka,IN-KA
572117,572117,Gubbi,Karnataka,IN-KA
572118,572118,Tumakuru,Karnataka,IN-KA
572119,572119,Chikkanayakanahalli,Karnataka,IN-KA
572120,572120,Tumakuru,Karnataka,IN-KA
572121,572121,Koratagere,Karnataka,IN-KA
572122,572122,Tumakuru,Karnataka,IN-KA
572123,572123,Kunigal,Karnataka,IN-KA
572124,572124,Madhugiri,Karnataka,IN-KA
572125,572125,Sira,Karnataka,IN-KA
572126,572126,Kunigal,Karnataka,IN-KA
572127,572127,Kodigenahalli,Karnataka,IN-KA
572128,572128,Tumakuru,Karnataka,IN-KA
572129,572129,Koratagere,Karnataka,IN-KA
572130,572130,Kunigal,Karnataka,IN-KA
572132,572133,Madhugiri,Karnataka,IN-KA
572134,572134,Kunigal,Karnataka,IN-KA
572135,572135,Sira,Karnataka,IN-KA
572136,572136,Pavagada,Karnataka,IN-KA
572137,572137,Sira,Karnataka,IN-KA
572138,572138,Koratagere,Karnataka,IN-KA
572139,572139,Sira,Karnataka,IN-KA
572140,572140,Tumakuru,Karnataka,IN-KA
572141,572141,Hosakote,Karnataka,IN-KA
572142,572142,Kunigal,Karnataka,IN-KA
572168,572168,Tumakuru,Karnataka,IN-KA
572175,572175,Madhugiri,Karnataka,IN-KA
572201,572201,Tiptur,Karnataka,IN-KA
572211,572211,Gubbi,Karnataka,IN-KA
572212,572212,Turuvekere,Karnataka,IN-KA
572213,572213,Gubbi,Karnataka,IN-KA
572214,572214,Chikkanayakanahalli,Karnataka,IN-KA
572215,572215,Turuvekere,Karnataka,IN-KA
572216,572216,Gubbi,Karnataka,IN-KA
572217,572217,Tiptur,Karnataka,IN-KA
572218,572218,Huliyar,Karnataka,IN-KA
572219,572220,Gubbi,Karnataka,IN-KA
572221,572221,Turuvekere,Karnataka,IN-KA
572222,572223,Gubbi,Karnataka,IN-KA
572224,572224,Tiptur,Karnataka,IN-KA
572225,572225,Turuvekere,Karnataka,IN-KA
572226,572226,Chikkanayakanahalli,Karnataka,IN-KA
572227,572227,Turuvekere,Karnataka,IN-KA
572228,572228,Chikkanayakanahalli,Karnataka,IN-KA
573101,573101,Belur,Karnataka,IN-KA
573102,573102,Arkalgud,Karnataka,IN-KA
573103,573103,Arsikere,Karnataka,IN-KA
573111,573111,Channarayapatna,Karnataka,IN-KA
573112,573112,Banavar,Karnataka,IN-KA
573113,573113,Arkalgud,Karnataka,IN-KA
573115,573115,Belur,Karnataka,IN-KA
573116,573116,Channarayapatna,Karnataka,IN-KA
573117,573117,Arsikere,Karnataka,IN-KA
573118,573118,Hassan,Karnataka,IN-KA
573119,573119,Arsikere,Karnataka,IN-KA
573120,573120,Gorur,Karnataka,IN-KA
573121,573121,Belur,Karnataka,IN-KA
573122,573122,Arsikere,Karnataka,IN-KA
573123,573123,Sakleshpur,Karnataka,IN-KA
573124,573124,Channarayapatna,Karnataka,IN-KA
573125,573126,Arsikere,Karnataka,IN-KA
573127,573127,Sakleshpur,Karnataka,IN-KA
573128,573128,Hassan,Karnataka,IN-KA
573129,573129,Alur,Karnataka,IN-KA
573130,573130,Konanur,Karnataka,IN-KA
573131,573131,Channarayapatna,Karnataka,IN-KA
573133,573133,Arkalgud,Karnataka,IN-KA
573134,573134,Sakleshpur,Karnataka,IN-KA
573135,573135,Sravana Belgola,Karnataka,IN-KA
573136,573136,Arkalgud,Karnataka,IN-KA
573137,573137,Sakleshpur,Karnataka,IN-KA
573141,573141,Channarayapatna,Karnataka,IN-KA
573142,573142,Arkalgud,Karnataka,IN-KA
573144,573164,Arsikere,Karnataka,IN-KA
573165,573165,Sakleshpur,Karnataka,IN-KA
573201,573202,Hassan,Karnataka,IN-KA
573210,573211,Hole Narsipur,Karnataka,IN-KA
573212,573212,Hassan,Karnataka,IN-KA
573213,573213,Alur,Karnataka,IN-KA
573214,573214,Sakleshpur,Karnataka,IN-KA
573215,573216,Belur,Karnataka,IN-KA
573217,573217,Hassan,Karnataka,IN-KA
573218,573218,Alur,Karnataka,IN-KA
573219,573220,Hassan,Karnataka,IN-KA
573225,573225,Channarayapatna,Karnataka,IN-KA
573226,573226,Hassan,Karnataka,IN-KA
574101,574102,Karkala,Karnataka,IN-KA
574103,574103,Kapu,Karnataka,IN-KA
574104,574104,Karkala,Karnataka,IN-KA
574105,574105,Kapu,Karnataka,IN-KA
574106,574106,Kaup,Karnataka,IN-KA
574107,574107,Karkala,Karnataka,IN-KA
574108,574108,Hebri,Karnataka,IN-KA
574109,574109,Beltangadi,Karnataka,IN-KA
574110,574110,Karkala,Karnataka,IN-KA
574111,574113,Kapu,Karnataka,IN-KA
574114,574114,Karkala,Karnataka,IN-KA
574115,574116,Kapu,Karnataka,IN-KA
574117,574117,Kaup,Karnataka,IN-KA
574118,574118,Udupi,Karnataka,IN-KA
574119,574119,Kapu,Karnataka,IN-KA
574122,574129,Karkala,Karnataka,IN-KA
574141,574141,Mulki,Karnataka,IN-KA
574142,574142,Mangaluru,Karnataka,IN-KA
574143,574143,Bantwal,Karnataka,IN-KA
574144,574145,Mangaluru,Karnataka,IN-KA
574146,574146,Mulki,Karnataka,IN-KA
574148,574151,Mangaluru,Karnataka,IN-KA
574153,574153,Ullala,Karnataka,IN-KA
574154,574154,Mulki,Karnataka,IN-KA
574197,574197,Mudbidri,Karnataka,IN-KA
574198,574198,Beltangadi,Karnataka,IN-KA
574199,574199,Ullala,Karnataka,IN-KA
574201,574210,Puttur,Karnataka,IN-KA
574211,574211,Bantwal,Karnataka,IN-KA
574212,574212,Sulya,Karnataka,IN-KA
574213,574213,Moodubidire,Karnataka,IN-KA
574214,574217,Beltangadi,Karnataka,IN-KA
574218,574218,Sulya,Karnataka,IN-KA
574219,574219,Bantwal,Karnataka,IN-KA
574220,574220,Puttur,Karnataka,IN-KA
574221,574221,Kadaba,Karnataka,IN-KA
574222,574222,Bantwal,Karnataka,IN-KA
574223,574223,Puttur,Karnataka,IN-KA
574224,574224,Beltangadi,Karnataka,IN-KA
574225,574226,Moodubidire,Karnataka,IN-KA
574227,574227,Mudbidri,Karnataka,IN-KA
574228,574228,Beltangadi,Karnataka,IN-KA
574229,574230,Kadaba,Karnataka,IN-KA
574231,574231,Bantwal,Karnataka,IN-KA
574232,574232,Sulya,Karnataka,IN-KA
574233,574233,Beltangadi,Karnataka,IN-KA
574234,574234,Sulya,Karnataka,IN-KA
574235,574235,Bantwal,Karnataka,IN-KA
574236,574236,Moodubidire,Karnataka,IN-KA
574237,574237,Bantwal,Karnataka,IN-KA
574238,574238,Kadaba,Karnataka,IN-KA
574239,574239,Sulya,Karnataka,IN-KA
574240,574240,Beltangadi,Karnataka,IN-KA
574241,574241,Puttur,Karnataka,IN-KA
574242,574242,Beltangadi,Karnataka,IN-KA
574243,574243,Vitla,Karnataka,IN-KA
574244,574244,Karkala,Karnataka,IN-KA
574248,574248,Sulya,Karnataka,IN-KA
574253,574253,Bantwal,Karnataka,IN-KA
574259,574259,Puttur,Karnataka,IN-KA
574260,574265,Bantwal,Karnataka,IN-KA
574267,574267,Mangaluru,Karnataka,IN-KA
574274,574274,Moodubidire,Karnataka,IN-KA
574279,574279,Bantwal,Karnataka,IN-KA
574285,574285,Kadaba,Karnataka,IN-KA
574313,574313,Puttur,Karnataka,IN-KA
574314,574314,Sulya,Karnataka,IN-KA
574323,574324,Bantwal,Karnataka,IN-KA
574325,574325,Puttur,Karnataka,IN-KA
574326,574326,Beltangadi,Karnataka,IN-KA
574327,574327,Sulya,Karnataka,IN-KA
574328,574328,Kadaba,Karnataka,IN-KA
574509,574509,Mangaluru,Karnataka,IN-KA
575001,575016,Mangaluru,Karnataka,IN-KA
575017,575017,Ullal,Karnataka,IN-KA
575018,575019,Mangaluru,Karnataka,IN-KA
575020,575020,Ullal,Karnataka,IN-KA
575022,575022,Kotekaar,Karnataka,IN-KA
575023,575023,Someshwara,Karnataka,IN-KA
575025,575030,Mangaluru,Karnataka,IN-KA
576101,576107,Udupi,Karnataka,IN-KA
576108,576108,Malpe,Karnataka,IN-KA
576111,576111,Karkala,Karnataka,IN-KA
576112,576112,Hebri,Karnataka,IN-KA
576113,576115,Udupi,Karnataka,IN-KA
576117,576117,Karkala,Karnataka,IN-KA
576120,576120,Kapu,Karnataka,IN-KA
576121,576121,Karkala,Karnataka,IN-KA
576122,576122,Kapu,Karnataka,IN-KA
576124,576124,Udupi,Karnataka,IN-KA
576201,576201,Kundapura,Karnataka,IN-KA
576210,576210,Brahmavara,Karnataka,IN-KA
576211,576211,Kundapura,Karnataka,IN-KA
576212,576212,Hebri,Karnataka,IN-KA
576213,576213,Brahmavara,Karnataka,IN-KA
576214,576214,Byndoor,Karnataka,IN-KA
576215,576215,Brahmavara,Karnataka,IN-KA
576216,576216,Gangolli,Karnataka,IN-KA
576217,576217,Kundapura,Karnataka,IN-KA
576218,576218,Brahmavara,Karnataka,IN-KA
576219,576220,Bainduru,Karnataka,IN-KA
576221,576221,Brahmavara,Karnataka,IN-KA
576222,576222,Kundapura,Karnataka,IN-KA
576223,576223,Brahmavara,Karnataka,IN-KA
576224,576224,Bainduru,Karnataka,IN-KA
576225,576226,Saligram,Karnataka,IN-KA
576227,576227,Kundapura,Karnataka,IN-KA
576228,576228,Bainduru,Karnataka,IN-KA
576229,576231,Kundapura,Karnataka,IN-KA
576232,576232,Bainduru,Karnataka,IN-KA
576233,576233,Kundapura,Karnataka,IN-KA
576234,576234,Brahmavara,Karnataka,IN-KA
576235,576283,Kundapura,Karnataka,IN-KA
577001,577007,Davanagere,Karnataka,IN-KA
577101,577111,Chikkamagaluru,Karnataka,IN-KA
577112,577112,Narasimharajapura,Karnataka,IN-KA
577113,577113,Mudigere,Karnataka,IN-KA
577114,577114,Koppa,Karnataka,IN-KA
577115,577115,Bhadravati,Karnataka,IN-KA
577116,577116,Birur,Karnataka,IN-KA
577117,577120,Koppa,Karnataka,IN-KA
577121,577121,Kalasa,Karnataka,IN-KA
577122,577122,Mudigere,Karnataka,IN-KA
577123,577123,Koppa,Karnataka,IN-KA
577124,577124,Kalasa,Karnataka,IN-KA
577125,577127,Koppa,Karnataka,IN-KA
577128,577129,Tarikere,Karnataka,IN-KA
577130,577131,Chikkamagaluru,Karnataka,IN-KA
577132,577132,Mudigere,Karnataka,IN-KA
577133,577133,Chikkamagaluru,Karnataka,IN-KA
577134,577134,Narasimharajapura,Karnataka,IN-KA
577135,577135,Kadur,Karnataka,IN-KA
577136,577136,Chikkamagaluru,Karnataka,IN-KA
577137,577137,Tarikere,Karnataka,IN-KA
577138,577138,Kadur,Karnataka,IN-KA
577139,577139,Shringeri,Karnataka,IN-KA
577140,577140,Kadur,Karnataka,IN-KA
577144,577144,Tarikere,Karnataka,IN-KA
577145,577145,Ajjampura,Karnataka,IN-KA
577146,577146,Chikkamagaluru,Karnataka,IN-KA
577160,577160,Narasimharajapura,Karnataka,IN-KA
577168,577168,Chikkamagaluru,Karnataka,IN-KA
577175,577175,Kadur,Karnataka,IN-KA
577179,577179,Kalasa,Karnataka,IN-KA
577180,577180,Ajjampura,Karnataka,IN-KA
577181,577181,Kalasa,Karnataka,IN-KA
577182,577182,Kadur,Karnataka,IN-KA
577201,577211,Shivamogga,Karnataka,IN-KA
577213,577213,Channagiri,Karnataka,IN-KA
577214,577214,Shikaripura,Karnataka,IN-KA
577215,577215,Channagiri,Karnataka,IN-KA
577216,577216,Shivamogga,Karnataka,IN-KA
577217,577217,Honnali,Karnataka,IN-KA
577218,577218,Channagiri,Karnataka,IN-KA
577219,577219,Honnali,Karnataka,IN-KA
577220,577220,Tirthahalli,Karnataka,IN-KA
577221,577221,Channagiri,Karnataka,IN-KA
577222,577222,Shivamogga,Karnataka,IN-KA
577223,577223,Nyamti,Karnataka,IN-KA
577224,577224,Honnali,Karnataka,IN-KA
577225,577225,Nyamti,Karnataka,IN-KA
577226,577226,Tirthahalli,Karnataka,IN-KA
577227,577227,Bhadravati,Karnataka,IN-KA
577228,577228,Tarikere,Karnataka,IN-KA
577229,577229,Bhadravati,Karnataka,IN-KA
577230,577230,Nyamti,Karnataka,IN-KA
577231,577231,Channagiri,Karnataka,IN-KA
577232,577232,Tirthahalli,Karnataka,IN-KA
577233,577302,Bhadravati,Karnataka,IN-KA
577401,577401,Sagar,Karnataka,IN-KA
577411,577411,Tirthahalli,Karnataka,IN-KA
577412,577412,Sagar,Karnataka,IN-KA
577413,577413,Sorab,Karnataka,IN-KA
577414,577415,Tirthahalli,Karnataka,IN-KA
577416,577416,Shivamogga,Karnataka,IN-KA
577417,577417,Sagar,Karnataka,IN-KA
577418,577418,Hosanagara,Karnataka,IN-KA
577419,577419,Sorab,Karnataka,IN-KA
577421,577421,Jog Kargal,Karnataka,IN-KA
577422,577422,Tirthahalli,Karnataka,IN-KA
577423,577423,Kumsi,Karnataka,IN-KA
577424,577424,Tirthahalli,Karnataka,IN-KA
577425,577426,Hosanagara,Karnataka,IN-KA
577427,577427,Shikaripura,Karnataka,IN-KA
577428,577428,Siralkoppa,Karnataka,IN-KA
577429,577429,Sorab,Karnataka,IN-KA
577430,577431,Sagar,Karnataka,IN-KA
577432,577432,Tirthahalli,Karnataka,IN-KA
577433,577434,Sorab,Karnataka,IN-KA
577435,577435,Jog Kargal,Karnataka,IN-KA
577436,577436,Hosanagara,Karnataka,IN-KA
577451,577451,Bhadravati,Karnataka,IN-KA
577452,577452,Hosanagara,Karnataka,IN-KA
577453,577453,Sagar,Karnataka,IN-KA
577501,577502,Chitradurga,Karnataka,IN-KA
577511,577511,Hiriyur,Karnataka,IN-KA
577512,577512,Davanagere,Karnataka,IN-KA
577513,577513,Jagalur,Karnataka,IN-KA
577514,577514,Davanagere,Karnataka,IN-KA
577515,577515,Hosadurga,Karnataka,IN-KA
577516,577516,Harihar,Karnataka,IN-KA
577517,577517,Chitradurga,Karnataka,IN-KA
577518,577518,Holalkere,Karnataka,IN-KA
577519,577520,Chitradurga,Karnataka,IN-KA
577521,577521,Jagalur,Karnataka,IN-KA
577522,577522,Challakere,Karnataka,IN-KA
577523,577523,Holalkere,Karnataka,IN-KA
577524,577524,Chitradurga,Karnataka,IN-KA
577525,577525,Davanagere,Karnataka,IN-KA
577526,577526,Holalkere,Karnataka,IN-KA
577527,577527,Hosadurga,Karnataka,IN-KA
577528,577528,Jagalur,Karnataka,IN-KA
577529,577529,Challakere,Karnataka,IN-KA
577530,577530,Malebennuru,Karnataka,IN-KA
577531,577531,Holalkere,Karnataka,IN-KA
577532,577532,Hiriyur,Karnataka,IN-KA
577533,577533,Hosadurga,Karnataka,IN-KA
577534,577534,Mayakonda,Karnataka,IN-KA
577535,577535,Molakalmuru,Karnataka,IN-KA
577536,577536,Nayakanahatti,Karnataka,IN-KA
577537,577538,Challakere,Karnataka,IN-KA
577539,577539,Holalkere,Karnataka,IN-KA
577540,577540,Molakalmuru,Karnataka,IN-KA
577541,577541,Chitradurga,Karnataka,IN-KA
577542,577542,Hosadurga,Karnataka,IN-KA
577543,577543,Challakere,Karnataka,IN-KA
577544,577544,Channagiri,Karnataka,IN-KA
577545,577546,Hiriyur,Karnataka,IN-KA
577547,577547,Ajjampura,Karnataka,IN-KA
577548,577548,Kadur,Karnataka,IN-KA
577549,577550,Ajjampura,Karnataka,IN-KA
577551,577552,Channagiri,Karnataka,IN-KA
577553,577553,Jagalur,Karnataka,IN-KA
577554,577554,Hosadurga,Karnataka,IN-KA
577555,577555,Chitradurga,Karnataka,IN-KA
577556,577556,Davanagere,Karnataka,IN-KA
577557,577557,Holalkere,Karnataka,IN-KA
577558,577558,Hiriyur,Karnataka,IN-KA
577566,577589,Davanagere,Karnataka,IN-KA
577596,577596,Hiriyur,Karnataka,IN-KA
577597,577597,Hosadurga,Karnataka,IN-KA
577598,577599,Hiriyur,Karnataka,IN-KA
577601,577601,Harihar,Karnataka,IN-KA
580001,580011,Dharwad,Karnataka,IN-KA
580020,580032,Hubballi,Karnataka,IN-KA
580112,580112,Navalgund,Karnataka,IN-KA
580114,580118,Kalghatgi,Karnataka,IN-KA
581101,581102,Hanagal,Karnataka,IN-KA
581103,581103,Alnavar,Karnataka,IN-KA
581104,581104,Hanagal,Karnataka,IN-KA
581105,581105,Dharwad,Karnataka,IN-KA
581106,581106,Byadgi,Karnataka,IN-KA
581107,581107,Kundagol,Karnataka,IN-KA
581108,581108,Guttala,Karnataka,IN-KA
581109,581109,Hirekerur,Karnataka,IN-KA
581110,581110,Haveri,Karnataka,IN-KA
581111,581111,Hirekerur,Karnataka,IN-KA
581112,581112,Haveri,Karnataka,IN-KA
581113,581113,Kundagol,Karnataka,IN-KA
581115,581115,Ranibennur,Karnataka,IN-KA
581116,581116,Rattihalli,Karnataka,IN-KA
581117,581117,Kundagol,Karnataka,IN-KA
581118,581118,Savanur,Karnataka,IN-KA
581119,581119,Ranibennur,Karnataka,IN-KA
581120,581120,Hanagal,Karnataka,IN-KA
581121,581121,Supa,Karnataka,IN-KA
581123,581123,Harihar,Karnataka,IN-KA
581126,581126,Shiggaon,Karnataka,IN-KA
581128,581128,Haveri,Karnataka,IN-KA
581129,581129,Supa,Karnataka,IN-KA
581145,581145,Ranibennur,Karnataka,IN-KA
581148,581148,Haveri,Karnataka,IN-KA
581186,581187,Supa,Karnataka,IN-KA
581193,581193,Shiggaon,Karnataka,IN-KA
581195,581195,Hubballi,Karnataka,IN-KA
581196,581196,Kalghatgi,Karnataka,IN-KA
581198,581198,Byadgi,Karnataka,IN-KA
581199,581199,Hanagal,Karnataka,IN-KA
581201,581201,Dharwad,Karnataka,IN-KA
581202,581202,Bankapura,Karnataka,IN-KA
581203,581203,Hanagal,Karnataka,IN-KA
581204,581204,Kalghatgi,Karnataka,IN-KA
581205,581205,Shiggaon,Karnataka,IN-KA
581206,581206,Dharwad,Karnataka,IN-KA
581207,581207,Hubballi,Karnataka,IN-KA
581208,581208,Ranibennur,Karnataka,IN-KA
581209,581209,Hubballi,Karnataka,IN-KA
581210,581210,Rattihalli,Karnataka,IN-KA
581211,581211,Ranibennur,Karnataka,IN-KA
581212,581212,Shiggaon,Karnataka,IN-KA
581213,581213,Haveri,Karnataka,IN-KA
581237,581237,Savanur,Karnataka,IN-KA
581301,581308,Karwar,Karnataka,IN-KA
581314,581314,Ankola,Karnataka,IN-KA
581315,581315,Sirsi,Karnataka,IN-KA
581316,581316,Ankola,Karnataka,IN-KA
581317,581317,Karwar,Karnataka,IN-KA
581318,581318,Sirsi,Karnataka,IN-KA
581319,581319,Kumta,Karnataka,IN-KA
581320,581320,Bhatkal,Karnataka,IN-KA
581321,581321,Ankola,Karnataka,IN-KA
581322,581322,Siddapur,Karnataka,IN-KA
581323,581323,Honavar,Karnataka,IN-KA
581324,581324,Karwar,Karnataka,IN-KA
581325,581325,Dandeli,Karnataka,IN-KA
581326,581326,Gokarna,Karnataka,IN-KA
581327,581327,Honavar,Karnataka,IN-KA
581328,581328,Karwar,Karnataka,IN-KA
581329,581329,Haliyal,Karnataka,IN-KA
581330,581330,Kumta,Karnataka,IN-KA
581331,581331,Siddapur,Karnataka,IN-KA
581332,581333,Kumta,Karnataka,IN-KA
581334,581335,Honavar,Karnataka,IN-KA
581336,581336,Sirsi,Karnataka,IN-KA
581337,581337,Yellapur,Karnataka,IN-KA
581338,581338,Honavar,Karnataka,IN-KA
581339,581339,Karwar,Karnataka,IN-KA
581340,581340,Siddapur,Karnataka,IN-KA
581341,581342,Honavar,Karnataka,IN-KA
581343,581343,Kumta,Karnataka,IN-KA
581344,581344,Ankola,Karnataka,IN-KA
581345,581345,Karwar,Karnataka,IN-KA
581346,581346,Mundgod,Karnataka,IN-KA
581347,581347,Yellapur,Karnataka,IN-KA
581348,581348,Honavar,Karnataka,IN-KA
581349,581349,Mundgod,Karnataka,IN-KA
581350,581350,Murudeshwara,Karnataka,IN-KA
581351,581351,Kumta,Karnataka,IN-KA
581352,581352,Karwar,Karnataka,IN-KA
581353,581353,Ankola,Karnataka,IN-KA
581354,581354,Bhatkal,Karnataka,IN-KA
581355,581355,Siddapur,Karnataka,IN-KA
581356,581356,Haliyal,Karnataka,IN-KA
581357,581357,Ankola,Karnataka,IN-KA
581358,581358,Sirsi,Karnataka,IN-KA
581359,581359,Yellapur,Karnataka,IN-KA
581360,581360,Karwar,Karnataka,IN-KA
581361,581361,Honavar,Karnataka,IN-KA
581362,581362,Kumta,Karnataka,IN-KA
581363,581363,Haliyal,Karnataka,IN-KA
581365,581365,Supa,Karnataka,IN-KA
581384,581384,Honavar,Karnataka,IN-KA
581396,581400,Karwar,Karnataka,IN-KA
581401,581403,Sirsi,Karnataka,IN-KA
581411,581411,Mundgod,Karnataka,IN-KA
581412,581412,Yellapur,Karnataka,IN-KA
581421,581421,Bhatkal,Karnataka,IN-KA
581423,581423,Honavar,Karnataka,IN-KA
581440,581440,Kumta,Karnataka,IN-KA
581450,581450,Sirsi,Karnataka,IN-KA
581453,581453,Supa,Karnataka,IN-KA
582101,582101,Gadag,Karnataka,IN-KA
582102,582102,Gadag Betageri,Karnataka,IN-KA
582103,582103,Gadag,Karnataka,IN-KA
582111,582111,Ron,Karnataka,IN-KA
582112,582112,Shirhatti,Karnataka,IN-KA
582113,582113,Mundargi,Karnataka,IN-KA
582114,582114,Gajendragarh,Karnataka,IN-KA
582115,582115,Gadag,Karnataka,IN-KA
582116,582116,Lakshmeshwar,Karnataka,IN-KA
582117,582117,Mulgund,Karnataka,IN-KA
582118,582118,Mundargi,Karnataka,IN-KA
582119,582119,Naregal Tp,Karnataka,IN-KA
582120,582120,Shirhatti,Karnataka,IN-KA
582201,582201,Annigeri,Karnataka,IN-KA
582202,582203,Ron,Karnataka,IN-KA
582204,582205,Gadag,Karnataka,IN-KA
582206,582207,Naragund,Karnataka,IN-KA
582208,582208,Navalgund,Karnataka,IN-KA
582209,582209,Ron,Karnataka,IN-KA
582210,582210,Laxmeshwar,Karnataka,IN-KA
582211,582211,Gajendragarh,Karnataka,IN-KA
583101,583111,Ballari,Karnataka,IN-KA
583112,583112,Sandur,Karnataka,IN-KA
583113,583113,Kampli,Karnataka,IN-KA
583114,583114,Siruguppa,Karnataka,IN-KA
583115,583115,Kudathini,Karnataka,IN-KA
583116,583116,Kurugodu,Karnataka,IN-KA
583117,583117,Ballari,Karnataka,IN-KA
583118,583119,Sandur,Karnataka,IN-KA
583120,583121,Siruguppa,Karnataka,IN-KA
583122,583122,Tekkalakote,Karnataka,IN-KA
583123,583124,Sandur,Karnataka,IN-KA
583125,583125,Harapanahalli,Karnataka,IN-KA
583126,583126,Kudligi,Karnataka,IN-KA
583127,583127,Harapanahalli,Karnataka,IN-KA
583128,583128,Sandur,Karnataka,IN-KA
583129,583129,Kampli,Karnataka,IN-KA
583130,583130,Kudligi,Karnataka,IN-KA
583131,583131,Harapanahalli,Karnataka,IN-KA
583132,583132,Kampli,Karnataka,IN-KA
583134,583134,Kotturu,Karnataka,IN-KA
583135,583135,Kudligi,Karnataka,IN-KA
583136,583136,Kotturu,Karnataka,IN-KA
583137,583137,Harapanahalli,Karnataka,IN-KA
583152,583152,Kudathini,Karnataka,IN-KA
583153,583153,Kurekuppa,Karnataka,IN-KA
583154,583154,Siruguppa,Karnataka,IN-KA
583155,583155,Kurugodu,Karnataka,IN-KA
583201,583211,Hosapete,Karnataka,IN-KA
583212,583212,Hagaribommanahalli,Karnataka,IN-KA
583213,583213,Harapanahalli,Karnataka,IN-KA
583214,583214,Hagaribommanahalli,Karnataka,IN-KA
583215,583215,Kamalapura,Karnataka,IN-KA
583216,583217,Hadagalli,Karnataka,IN-KA
583218,583218,Kudligi,Karnataka,IN-KA
583219,583219,Hoovinahadagali,Karnataka,IN-KA
583220,583220,Hadagalli,Karnataka,IN-KA
583221,583221,Kamalapura,Karnataka,IN-KA
583222,583222,Mariyammanahalli,Karnataka,IN-KA
583223,583223,Hosapete,Karnataka,IN-KA
583224,583224,Hagaribommanahalli,Karnataka,IN-KA
583225,583225,Hosapete,Karnataka,IN-KA
583226,583226,Koppal,Karnataka,IN-KA
583227,583227,Gangawati,Karnataka,IN-KA
583228,583228,Koppal,Karnataka,IN-KA
583229,583229,Kaaratagi,Karnataka,IN-KA
583230,583231,Koppal,Karnataka,IN-KA
583232,583232,Kukanoor,Karnataka,IN-KA
583233,583234,Munirabad,Karnataka,IN-KA
583235,583235,Gangawati,Karnataka,IN-KA
583236,583237,Yelburga,Karnataka,IN-KA
583238,583238,Bhagyanagar,Karnataka,IN-KA
583239,583239,Hampi,Karnataka,IN-KA
583268,583268,Gangawati,Karnataka,IN-KA
583275,583275,Sandur,Karnataka,IN-KA
583276,583276,Kamalapura,Karnataka,IN-KA
583277,583278,Kushtagi,Karnataka,IN-KA
583279,583279,Tavaragera,Karnataka,IN-KA
583280,583281,Kushtagi,Karnataka,IN-KA
583282,583282,Gangawati,Karnataka,IN-KA
583283,583283,Kanakagiri,Karnataka,IN-KA
583284,583284,Yelburga,Karnataka,IN-KA
583285,583287,Koppal,Karnataka,IN-KA
584101,584104,Raichur,Karnataka,IN-KA
584111,584113,Devadurga,Karnataka,IN-KA
584115,584115,Lingasugur,Karnataka,IN-KA
584116,584116,Devadurga,Karnataka,IN-KA
584118,584118,Sirwar,Karnataka,IN-KA
584120,584120,Kowtal,Karnataka,IN-KA
584122,584122,Lingsugur,Karnataka,IN-KA
584123,584123,Manvi,Karnataka,IN-KA
584124,584124,Maski,Karnataka,IN-KA
584125,584125,Mudgal,Karnataka,IN-KA
584126,584126,Devadurga,Karnataka,IN-KA
584127,584127,Lingasugur,Karnataka,IN-KA
584128,584128,Sindhnur,Karnataka,IN-KA
584129,584129,Siravara,Karnataka,IN-KA
584132,584132,Sindhnur,Karnataka,IN-KA
584133,584135,Raichur,Karnataka,IN-KA
584136,584136,Devadurga,Karnataka,IN-KA
584138,584138,Balaganur,Karnataka,IN-KA
584139,584139,Lingasugur,Karnataka,IN-KA
584140,584140,Raichur,Karnataka,IN-KA
584143,584167,Sindhnur,Karnataka,IN-KA
584170,584202,Raichur,Karnataka,IN-KA
584203,584203,Manvi,Karnataka,IN-KA
585101,585107,Kalaburagi,Karnataka,IN-KA
585201,585202,Yadgir,Karnataka,IN-KA
585210,585210,Sedam,Karnataka,IN-KA
585211,585211,Chittapur,Karnataka,IN-KA
585212,585212,Jewargi,Karnataka,IN-KA
585213,585213,Afzalpur,Karnataka,IN-KA
585214,585214,Gurmatkal,Karnataka,IN-KA
585215,585215,Hunasagi,Karnataka,IN-KA
585216,585216,Kembhavi,Karnataka,IN-KA
585217,585217,Afzalpur,Karnataka,IN-KA
585218,585218,Chittapur,Karnataka,IN-KA
585219,585219,Hunasagi,Karnataka,IN-KA
585220,585220,Shorapur,Karnataka,IN-KA
585221,585221,Yadgir,Karnataka,IN-KA
585222,585222,Sedam,Karnataka,IN-KA
585223,585223,Shahpur,Karnataka,IN-KA
585224,585224,Shorapur,Karnataka,IN-KA
585225,585225,Wadi,Karnataka,IN-KA
585226,585226,Bidar,Karnataka,IN-KA
585227,585227,Chittaguppa,Karnataka,IN-KA
585228,585229,Shahabad,Karnataka,IN-KA
585236,585236,Aland,Karnataka,IN-KA
585237,585237,Hunasagi,Karnataka,IN-KA
585265,585265,Afzalpur,Karnataka,IN-KA
585287,585287,Shahpur,Karnataka,IN-KA
585290,585290,Shorapur,Karnataka,IN-KA
585291,585291,Hunasagi,Karnataka,IN-KA
585292,585292,Sedam,Karnataka,IN-KA
585301,585301,Afzalpur,Karnataka,IN-KA
585302,585302,Sagar,Karnataka,IN-KA
585303,585303,Jewargi,Karnataka,IN-KA
585304,585304,Shorapur,Karnataka,IN-KA
585305,585307,Chincholi,Karnataka,IN-KA
585308,585308,Kalaburagi,Karnataka,IN-KA
585309,585309,Shahpur,Karnataka,IN-KA
585310,585310,Jewargi,Karnataka,IN-KA
585311,585311,Aland,Karnataka,IN-KA
585312,585312,Kalagi,Karnataka,IN-KA
585313,585313,Kamalapur,Karnataka,IN-KA
585314,585314,Aland,Karnataka,IN-KA
585315,585315,Gurumitkal,Karnataka,IN-KA
585316,585316,Kamalapur,Karnataka,IN-KA
585317,585317,Chittapur,Karnataka,IN-KA
585318,585318,Sedam,Karnataka,IN-KA
585319,585319,Wadagera,Karnataka,IN-KA
585320,585320,Chincholi,Karnataka,IN-KA
585321,585321,Yadgir,Karnataka,IN-KA
585322,585322,Kalagi,Karnataka,IN-KA
585323,585323,Shahpur,Karnataka,IN-KA
585324,585324,Kalagi,Karnataka,IN-KA
585325,585325,Yadrami,Karnataka,IN-KA
585326,585326,Aurad,Karnataka,IN-KA
585327,585327,Basavakalyan,Karnataka,IN-KA
585328,585328,Bhalki,Karnataka,IN-KA
585329,585330,Homnabad,Karnataka,IN-KA
585331,585331,Basavakalyan,Karnataka,IN-KA
585353,585353,Homnabad,Karnataka,IN-KA
585355,585355,Wadagera,Karnataka,IN-KA
585367,585367,Aland,Karnataka,IN-KA
585401,585404,Bidar,Karnataka,IN-KA
585411,585411,Bhalki,Karnataka,IN-KA
585412,585412,Chittaguppa,Karnataka,IN-KA
585413,585413,Bhalki,Karnataka,IN-KA
585414,585415,Halli Kheda,Karnataka,IN-KA
585416,585416,Bhalki,Karnataka,IN-KA
585417,585417,Kamalnagar,Karnataka,IN-KA
585418,585418,Homnabad,Karnataka,IN-KA
585419,585419,Basavakalyan,Karnataka,IN-KA
585421,585421,Aurad,Karnataka,IN-KA
585436,585436,Kamalnagar,Karnataka,IN-KA
585437,585437,Basavakalyan,Karnataka,IN-KA
585443,585443,Kamalnagar,Karnataka,IN-KA
585444,585444,Bhalki,Karnataka,IN-KA
585445,585445,Basavakalyan,Karnataka,IN-KA
585447,585447,Bidar,Karnataka,IN-KA
586101,586104,Bijapur,Karnataka,IN-KA
586108,586108,Tikota,Karnataka,IN-KA
586109,586109,Bijapur,Karnataka,IN-KA
586111,586112,Indi,Karnataka,IN-KA
586113,586113,Babaleshwar,Karnataka,IN-KA
586114,586114,Tikota,Karnataka,IN-KA
586115,586115,Devarahipparagi,Karnataka,IN-KA
586116,586116,Muddebihal,Karnataka,IN-KA
586117,586117,Indi,Karnataka,IN-KA
586118,586118,Talikota,Karnataka,IN-KA
586119,586119,Vijayapura,Karnataka,IN-KA
586120,586120,Devarahipparagi,Karnataka,IN-KA
586121,586121,Kolhar,Karnataka,IN-KA
586122,586122,Managuli,Karnataka,IN-KA
586123,586123,Almela,Karnataka,IN-KA
586124,586124,Nalatwad,Karnataka,IN-KA
586125,586125,Babaleshwar,Karnataka,IN-KA
586127,586127,Vijayapura,Karnataka,IN-KA
586128,586128,Sindgi,Karnataka,IN-KA
586129,586129,Muddebihal,Karnataka,IN-KA
586130,586130,Tikota,Karnataka,IN-KA
586201,586201,Nidagundi,Karnataka,IN-KA
586202,586202,Almela,Karnataka,IN-KA
586203,586203,Basavana Bagevadi,Karnataka,IN-KA
586204,586205,Chadchan,Karnataka,IN-KA
586206,586206,Almela,Karnataka,IN-KA
586207,586207,Chadchan,Karnataka,IN-KA
586208,586208,Basavana Bagevadi,Karnataka,IN-KA
586209,586209,Indi,Karnataka,IN-KA
586210,586210,Kolhar,Karnataka,IN-KA
586211,586211,Indi,Karnataka,IN-KA
586212,586212,Muddebihal,Karnataka,IN-KA
586213,586213,Nidagundi,Karnataka,IN-KA
586214,586214,Talikota,Karnataka,IN-KA
586215,586215,Indi,Karnataka,IN-KA
586216,586216,Kolhar,Karnataka,IN-KA
586217,586217,Indi,Karnataka,IN-KA
587101,587111,Bagalkote,Karnataka,IN-KA
587112,587112,Aminagad,Karnataka,IN-KA
587113,587113,Belagali,Karnataka,IN-KA
587114,587114,Badami,Karnataka,IN-KA
587115,587115,Bagalkote,Karnataka,IN-KA
587116,587117,Bilgi,Karnataka,IN-KA
587118,587118,Hungund,Karnataka,IN-KA
587119,587119,Jamkhandi,Karnataka,IN-KA
587120,587120,Kamatagi,Karnataka,IN-KA
587121,587122,Mudhol,Karnataka,IN-KA
587124,587154,Ilkal,Karnataka,IN-KA
587155,587155,Badami,Karnataka,IN-KA
587156,587156,Bagalkote,Karnataka,IN-KA
587201,587201,Badami,Karnataka,IN-KA
587202,587202,Ilkal,Karnataka,IN-KA
587203,587203,Guledgudda,Karnataka,IN-KA
587204,587204,Bagalkote,Karnataka,IN-KA
587205,587205,Guledgudda,Karnataka,IN-KA
587206,587206,Kerur,Karnataka,IN-KA
587207,587207,Bagalkote,Karnataka,IN-KA
587301,587301,Jamkhandi,Karnataka,IN-KA
587311,587311,Rabkavi Banhatti,Karnataka,IN-KA
587312,587312,Mahalingpur,Karnataka,IN-KA
587313,587313,Mudhol,Karnataka,IN-KA
587314,587314,Rabkavi,Karnataka,IN-KA
587315,587315,Terdal,Karnataka,IN-KA
587316,587316,Rabkavi Banhatti,Karnataka,IN-KA
587330,587330,Jamkhandi,Karnataka,IN-KA
587331,587331,Rabkavi Banhatti,Karnataka,IN-KA
590001,590020,Belagavi,Karnataka,IN-KA
591101,591101,Gokak,Karnataka,IN-KA
591102,591102,Bailhongal,Karnataka,IN-KA
591103,591103,Belagavi,Karnataka,IN-KA
591104,591104,Bailhongal,Karnataka,IN-KA
591106,591106,Khanapur,Karnataka,IN-KA
591107,591107,Hukkeri,Karnataka,IN-KA
591108,591109,Belagavi,Karnataka,IN-KA
591110,591111,Savadatti,Karnataka,IN-KA
591112,591112,Khanapur,Karnataka,IN-KA
591113,591113,Belagavi,Karnataka,IN-KA
591114,591114,Ramdurg,Karnataka,IN-KA
591115,591115,Channamma Kitturu,Karnataka,IN-KA
591117,591117,Savadatti,Karnataka,IN-KA
591118,591118,K Hubballi,Karnataka,IN-KA
591119,591119,Savadatti,Karnataka,IN-KA
591120,591120,Khanapur,Karnataka,IN-KA
591121,591121,Bailhongal,Karnataka,IN-KA
591122,591122,Hukkeri,Karnataka,IN-KA
591123,591123,Ramdurg,Karnataka,IN-KA
591124,591124,Belagavi,Karnataka,IN-KA
591125,591125,Bailhongal,Karnataka,IN-KA
591126,591126,Saundatti,Karnataka,IN-KA
591127,591127,Ramdurg,Karnataka,IN-KA
591128,591128,Belagavi,Karnataka,IN-KA
591129,591129,Savadatti,Karnataka,IN-KA
591130,591130,Ramdurg,Karnataka,IN-KA
591131,591131,Khanapur,Karnataka,IN-KA
591136,591136,Mudalagi,Karnataka,IN-KA
591143,591143,Belagavi,Karnataka,IN-KA
591147,591147,Bailhongal,Karnataka,IN-KA
591153,591153,K Hubballi,Karnataka,IN-KA
591156,591156,Belagavi,Karnataka,IN-KA
591173,591173,Savadatti,Karnataka,IN-KA
591201,591201,Chikodi,Karnataka,IN-KA
591211,591211,Nipani,Karnataka,IN-KA
591212,591212,Athni,Karnataka,IN-KA
591213,591213,Chikodi,Karnataka,IN-KA
591214,591215,Nipani,Karnataka,IN-KA
591216,591216,Boragaon,Karnataka,IN-KA
591217,591217,Chinchali,Karnataka,IN-KA
591218,591218,Gokak,Karnataka,IN-KA
591219,591219,Nipani,Karnataka,IN-KA
591220,591220,Harogeri,Karnataka,IN-KA
591221,591221,Hukkeri,Karnataka,IN-KA
591222,591222,Kabbur,Karnataka,IN-KA
591223,591223,Kagwad,Karnataka,IN-KA
591224,591224,Kalloli,Karnataka,IN-KA
591225,591225,Hukkeri,Karnataka,IN-KA
591226,591226,Chikodi,Karnataka,IN-KA
591227,591227,Gokak,Karnataka,IN-KA
591228,591228,Chikodi,Karnataka,IN-KA
591229,591229,Nipani,Karnataka,IN-KA
591230,591230,Athni,Karnataka,IN-KA
591231,591231,Konnur,Karnataka,IN-KA
591232,591232,Athni,Karnataka,IN-KA
591233,591233,Gokak,Karnataka,IN-KA
591234,591234,Kagwad,Karnataka,IN-KA
591235,591235,Mugalakoda,Karnataka,IN-KA
591236,591236,Hukkeri,Karnataka,IN-KA
591237,591237,Nipani,Karnataka,IN-KA
591238,591238,Chikodi,Karnataka,IN-KA
591239,591239,Sadalgi,Karnataka,IN-KA
591240,591240,Athni,Karnataka,IN-KA
591241,591241,Nipani,Karnataka,IN-KA
591242,591242,Shiraguppi,Karnataka,IN-KA
591243,591243,Hukkeri,Karnataka,IN-KA
591244,591244,Examba,Karnataka,IN-KA
591246,591246,Hukkeri,Karnataka,IN-KA
591247,591247,Chikodi,Karnataka,IN-KA
591248,591248,Athni,Karnataka,IN-KA
591254,591254,Hukkeri,Karnataka,IN-KA
591263,591263,Nipani,Karnataka,IN-KA
591265,591265,Athni,Karnataka,IN-KA
591287,591287,Chikodi,Karnataka,IN-KA
591301,591301,Londa,Karnataka,IN-KA
591302,591302,Khanapur,Karnataka,IN-KA
591303,591303,Ainapur,Karnataka,IN-KA
591304,591304,Athni,Karnataka,IN-KA
591305,591305,Hukkeri,Karnataka,IN-KA
591306,591306,Mallapur,Karnataka,IN-KA
591307,591307,Gokak,Karnataka,IN-KA
591308,591308,Konnur,Karnataka,IN-KA
591309,591309,Hukkeri,Karnataka,IN-KA
591310,591310,Mudalagi,Karnataka,IN-KA
591311,591311,Kudchi,Karnataka,IN-KA
591312,591312,Mudalagi,Karnataka,IN-KA
591313,591314,Sankeshwar,Karnataka,IN-KA
591315,591315,Kagwad,Karnataka,IN-KA
591316,591316,Ugar Khurd,Karnataka,IN-KA
591317,591317,Raibag,Karnataka,IN-KA
591340,591340,Hukkeri,Karnataka,IN-KA
591344,591344,Gokak,Karnataka,IN-KA
591345,591345,Khanapur,Karnataka,IN-KA
591346,591346,Belagavi,Karnataka,IN-KA
600001,600042,Chennai,Tamil Nadu,IN-TN
600043,600044,Pallavaram,Tamil Nadu,IN-TN
600045,600047,Tambaram,Tamil Nadu,IN-TN
600048,600048,Vandalur,Tamil Nadu,IN-TN
600049,600051,Chennai,Tamil Nadu,IN-TN
600052,600052,Naravarikuppam,Tamil Nadu,IN-TN
600053,600053,Chennai,Tamil Nadu,IN-TN
600054,600055,Avadi,Tamil Nadu,IN-TN
600056,600056,Poonamalle,Tamil Nadu,IN-TN
600057,600058,Chennai,Tamil Nadu,IN-TN
600059,600059,Tambaram,Tamil Nadu,IN-TN
600060,600061,Chennai,Tamil Nadu,IN-TN
600062,600062,Avadi,Tamil Nadu,IN-TN
600063,600064,Tambaram,Tamil Nadu,IN-TN
600066,600066,Chennai,Tamil Nadu,IN-TN
600067,600067,Ponneri,Tamil Nadu,IN-TN
600068,600068,Chennai,Tamil Nadu,IN-TN
600069,600070,Pallavaram,Tamil Nadu,IN-TN
600071,600072,Avadi,Tamil Nadu,IN-TN
600073,600073,Tambaram,Tamil Nadu,IN-TN
600074,600075,Pallavaram,Tamil Nadu,IN-TN
600076,600076,Chennai,Tamil Nadu,IN-TN
600077,600077,Poonamalle,Tamil Nadu,IN-TN
600078,600116,Chennai,Tamil Nadu,IN-TN
600117,600117,Pallavaram,Tamil Nadu,IN-TN
600118,600119,Chennai,Tamil Nadu,IN-TN
600120,600120,Ponneri,Tamil Nadu,IN-TN
600122,600123,Poonamalle,Tamil Nadu,IN-TN
600124,600124,Thirumazhisai,Tamil Nadu,IN-TN
600125,600125,Chennai,Tamil Nadu,IN-TN
600126,600126,Tambaram,Tamil Nadu,IN-TN
600127,600127,Tiruporur,Tamil Nadu,IN-TN
600128,600128,Pallavaram,Tamil Nadu,IN-TN
600129,600129,Tambaram,Tamil Nadu,IN-TN
600130,600130,Chennai,Tamil Nadu,IN-TN
600131,600131,Tambaram,Tamil Nadu,IN-TN
600132,600132,Sriperumbudur,Tamil Nadu,IN-TN
601101,601101,Gummidipundi,Tamil Nadu,IN-TN
601102,601103,Uthukkottai,Tamil Nadu,IN-TN
601201,601202,Gummidipundi,Tamil Nadu,IN-TN
601203,601203,Minjur,Tamil Nadu,IN-TN
601204,601206,Ponneri,Tamil Nadu,IN-TN
601301,601301,Sriperumbudur,Tamil Nadu,IN-TN
602001,602023,Tiruvallur,Tamil Nadu,IN-TN
602024,602024,Tinnanur,Tamil Nadu,IN-TN
602025,602025,Tiruvallur,Tamil Nadu,IN-TN
602026,602026,Uthukkottai,Tamil Nadu,IN-TN
602105,602117,Sriperumbudur,Tamil Nadu,IN-TN
603001,603101,Chengalpattu,Tamil Nadu,IN-TN
603102,603102,Tirukalukundram,Tamil Nadu,IN-TN
603103,603103,Tiruporur,Tamil Nadu,IN-TN
603104,603104,Tirukalukundram,Tamil Nadu,IN-TN
603105,603105,Tiruporur,Tamil Nadu,IN-TN
603106,603107,Uttiramerur,Tamil Nadu,IN-TN
603108,603108,Tiruporur,Tamil Nadu,IN-TN
603109,603109,Tirukalukundram,Tamil Nadu,IN-TN
603110,603110,Tiruporur,Tamil Nadu,IN-TN
603111,603111,Madurantakam,Tamil Nadu,IN-TN
603112,603112,Tiruporur,Tamil Nadu,IN-TN
603127,603127,Tirukalukundram,Tamil Nadu,IN-TN
603201,603201,Madurantakam,Tamil Nadu,IN-TN
603202,603202,Guduvancheri,Tamil Nadu,IN-TN
603203,603203,Chengalpattu,Tamil Nadu,IN-TN
603204,603204,Singapperumalkovil,Tamil Nadu,IN-TN
603209,603211,Chengalpattu,Tamil Nadu,IN-TN
603301,603302,Cheyyur,Tamil Nadu,IN-TN
603303,603303,Madurantakam,Tamil Nadu,IN-TN
603304,603305,Cheyyur,Tamil Nadu,IN-TN
603306,603308,Madurantakam,Tamil Nadu,IN-TN
603309,603310,Cheyyur,Tamil Nadu,IN-TN
603311,603311,Madurantakam,Tamil Nadu,IN-TN
603312,603312,Cheyyur,Tamil Nadu,IN-TN
603313,603319,Madurantakam,Tamil Nadu,IN-TN
603401,603401,Cheyyur,Tamil Nadu,IN-TN
603402,603403,Uttiramerur,Tamil Nadu,IN-TN
603405,603405,Tirukalukundram,Tamil Nadu,IN-TN
603406,603406,Uttiramerur,Tamil Nadu,IN-TN
604001,604001,Tindivanam,Tamil Nadu,IN-TN
604101,604101,Marakkanam,Tamil Nadu,IN-TN
604102,604102,Vanur,Tamil Nadu,IN-TN
604151,604153,Gingee,Tamil Nadu,IN-TN
604154,604154,Vanur,Tamil Nadu,IN-TN
604201,604201,Melmalaiyanur,Tamil Nadu,IN-TN
604202,604203,Gingee,Tamil Nadu,IN-TN
604204,604204,Melmalaiyanur,Tamil Nadu,IN-TN
604205,604206,Gingee,Tamil Nadu,IN-TN
604207,604207,Tindivanam,Tamil Nadu,IN-TN
604208,604208,Melmalaiyanur,Tamil Nadu,IN-TN
604210,604210,Gingee,Tamil Nadu,IN-TN
604301,604301,Marakkanam,Tamil Nadu,IN-TN
604302,604302,Tindivanam,Tamil Nadu,IN-TN
604303,604303,Marakkanam,Tamil Nadu,IN-TN
604304,604307,Tindivanam,Tamil Nadu,IN-TN
604401,604401,Cheyyar,Tamil Nadu,IN-TN
604402,604402,Vembakkam,Tamil Nadu,IN-TN
604403,604403,Vandavasi,Tamil Nadu,IN-TN
604404,604404,Cheyyar,Tamil Nadu,IN-TN
604405,604406,Vandavasi,Tamil Nadu,IN-TN
604407,604407,Cheyyar,Tamil Nadu,IN-TN
604408,604408,Vandavasi,Tamil Nadu,IN-TN
604409,604409,Cheyyar,Tamil Nadu,IN-TN
604410,604410,Vembakkam,Tamil Nadu,IN-TN
604501,604501,Desur,Tamil Nadu,IN-TN
604502,604502,Vandavasi,Tamil Nadu,IN-TN
604503,604503,Peranamallur,Tamil Nadu,IN-TN
604504,604504,Cheyyar,Tamil Nadu,IN-TN
604505,604505,Vandavasi,Tamil Nadu,IN-TN
604601,604601,Pennathur,Tamil Nadu,IN-TN
605001,605013,Puducherry,Puducherry,IN-PY
605014,605014,Oulgaret -Ozhukarai,Puducherry,IN-PY
605101,605101,Vanur,Tamil Nadu,IN-TN
605102,605103,Viluppuram,Tamil Nadu,IN-TN
605104,605104,Puducherry,Tamil Nadu,IN-TN
605105,605105,Viluppuram,Tamil Nadu,IN-TN
605106,605106,Villianur,Puducherry,IN-PY
605107,605108,Valavanur,Tamil Nadu,IN-TN
605109,605109,Vanur,Tamil Nadu,IN-TN
605110,605110,Puducherry,Puducherry,IN-PY
605111,605111,Vanur,Tamil Nadu,IN-TN
605201,605203,Vikravandi,Tamil Nadu,IN-TN
605301,605403,Viluppuram,Tamil Nadu,IN-TN
605501,605501,Puducherry,Puducherry,IN-PY
605502,605502,Villupuram,Tamil Nadu,IN-TN
605601,605601,Vikravandi,Tamil Nadu,IN-TN
605602,605602,Viluppuram,Tamil Nadu,IN-TN
605651,605651,Tindivanam,Tamil Nadu,IN-TN
605652,605652,Vikravandi,Tamil Nadu,IN-TN
605701,605701,Kandachipuram,Tamil Nadu,IN-TN
605702,605702,Sankarapuram,Tamil Nadu,IN-TN
605751,605751,Thirukoilur,Tamil Nadu,IN-TN
605752,605752,Tirukkoyilur,Tamil Nadu,IN-TN
605754,605754,Manalurpettai,Tamil Nadu,IN-TN
605755,605755,Kandachipuram,Tamil Nadu,IN-TN
605756,605756,Tirukkoyilur,Tamil Nadu,IN-TN
605757,605757,Thirukoilur,Tamil Nadu,IN-TN
605758,605758,Kandachipuram,Tamil Nadu,IN-TN
605759,605759,Tirukkoyilur,Tamil Nadu,IN-TN
605766,605766,Thirukoilur,Tamil Nadu,IN-TN
605801,605802,Sankarapuram,Tamil Nadu,IN-TN
605803,605803,Thirukoilur,Tamil Nadu,IN-TN
606001,606001,Vriddhachalam,Tamil Nadu,IN-TN
606003,606003,Virudhachalam,Tamil Nadu,IN-TN
606102,606102,Ulundurpet,Tamil Nadu,IN-TN
606103,606104,Virudhachalam,Tamil Nadu,IN-TN
606105,606105,Pennadam,Tamil Nadu,IN-TN
606106,606106,Tittakudi,Tamil Nadu,IN-TN
606107,606107,Ulundurpet,Tamil Nadu,IN-TN
606108,606109,Veppur,Tamil Nadu,IN-TN
606110,606110,Virudhachalam,Tamil Nadu,IN-TN
606111,606111,Pennadam,Tamil Nadu,IN-TN
606115,606115,Ulundurpet,Tamil Nadu,IN-TN
606201,606201,Chinnasalem,Tamil Nadu,IN-TN
606202,606204,Kallakurichi,Tamil Nadu,IN-TN
606205,606205,Sankarapuram,Tamil Nadu,IN-TN
606206,606206,Thiagadurgam,Tamil Nadu,IN-TN
606207,606207,Vadakkanandal,Tamil Nadu,IN-TN
606208,606208,Sankarapuram,Tamil Nadu,IN-TN
606209,606209,Chinnasalem,Tamil Nadu,IN-TN
606213,606213,Kallakurichi,Tamil Nadu,IN-TN
606301,606301,Chinnasalem,Tamil Nadu,IN-TN
606302,606302,Veppur,Tamil Nadu,IN-TN
606303,606303,Tittakudi,Tamil Nadu,IN-TN
606304,606304,Veppur,Tamil Nadu,IN-TN
606305,606305,Ulundurpet,Tamil Nadu,IN-TN
606401,606402,Sankarapuram,Tamil Nadu,IN-TN
606601,606604,Tiruvannamalai,Tamil Nadu,IN-TN
606611,606611,Pennathur,Tamil Nadu,IN-TN
606701,606705,Chengam,Tamil Nadu,IN-TN
606706,606708,Thandrampet,Tamil Nadu,IN-TN
606709,606710,Chengam,Tamil Nadu,IN-TN
606751,606751,Kalasapakkam,Tamil Nadu,IN-TN
606752,606752,Tiruvannamalai,Tamil Nadu,IN-TN
606753,606753,Thandrampet,Tamil Nadu,IN-TN
606754,606754,Vettavalam,Tamil Nadu,IN-TN
606755,606755,Pennathur,Tamil Nadu,IN-TN
606801,606801,Chetpet,Tamil Nadu,IN-TN
606802,606802,Tiruvannamalai,Tamil Nadu,IN-TN
606803,606803,Polur,Tamil Nadu,IN-TN
606804,606804,Pennathur,Tamil Nadu,IN-TN
606805,606806,Tiruvannamalai,Tamil Nadu,IN-TN
606807,606807,Chetpet,Tamil Nadu,IN-TN
606808,606811,Tiruvannamalai,Tamil Nadu,IN-TN
606901,606901,Kalasapakkam,Tamil Nadu,IN-TN
606902,606902,Chetpet,Tamil Nadu,IN-TN
606903,606903,Aarani,Tamil Nadu,IN-TN
606904,606905,Polur,Tamil Nadu,IN-TN
606906,606906,Kalasapakkam,Tamil Nadu,IN-TN
606907,606907,Polur,Tamil Nadu,IN-TN
606908,606908,Kalasapakkam,Tamil Nadu,IN-TN
607001,607006,Cuddalore,Tamil Nadu,IN-TN
607101,607101,Ulundurpet,Tamil Nadu,IN-TN
607102,607102,Cuddalore,Tamil Nadu,IN-TN
607103,607104,Panruti,Tamil Nadu,IN-TN
607105,607105,Nellikuppam,Tamil Nadu,IN-TN
607106,607106,Panruti,Tamil Nadu,IN-TN
607107,607107,Ulundurpet,Tamil Nadu,IN-TN
607108,607108,Panruti,Tamil Nadu,IN-TN
607109,607109,Nellikuppam,Tamil Nadu,IN-TN
607112,607112,Panruti,Tamil Nadu,IN-TN
607201,607204,Ulundurpet,Tamil Nadu,IN-TN
607205,607205,Panruti,Tamil Nadu,IN-TN
607209,607209,Ulundurpet,Tamil Nadu,IN-TN
607301,607302,Kurinjippadi,Tamil Nadu,IN-TN
607303,607303,Vadalur,Tamil Nadu,IN-TN
607308,607308,Kurinjippadi,Tamil Nadu,IN-TN
607401,607401,Cuddalore,Tamil Nadu,IN-TN
607402,607403,Bahour,Puducherry,IN-PY
607801,607801,Kurinjippadi,Tamil Nadu,IN-TN
607802,607802,Virudhachalam,Tamil Nadu,IN-TN
607803,607803,Kurinjippadi,Tamil Nadu,IN-TN
607804,607804,Virudhachalam,Tamil Nadu,IN-TN
607805,607805,Panruti,Tamil Nadu,IN-TN
607807,607807,Kurinjippadi,Tamil Nadu,IN-TN
608001,608001,Chidambaram,Tamil Nadu,IN-TN
608002,608002,Annamalainagar,Tamil Nadu,IN-TN
608102,608201,Chidambaram,Tamil Nadu,IN-TN
608301,608306,Kattumannarkoil,Tamil Nadu,IN-TN
608401,608401,Chidambaram,Tamil Nadu,IN-TN
608501,608601,Kil Bhuvanagiri,Tamil Nadu,IN-TN
608602,608602,Chidambaram,Tamil Nadu,IN-TN
608701,608701,Srimushnam,Tamil Nadu,IN-TN
608702,608702,Kil Bhuvanagiri,Tamil Nadu,IN-TN
608703,608703,Srimushnam,Tamil Nadu,IN-TN
608704,608704,Kil Bhuvanagiri,Tamil Nadu,IN-TN
608801,608801,Alappakkam,Tamil Nadu,IN-TN
608901,608901,Andimadam,Tamil Nadu,IN-TN
609001,609003,Mayiladuthurai,Tamil Nadu,IN-TN
609101,609102,Sirkali,Tamil Nadu,IN-TN
609103,609103,Mayiladuthurai,Tamil Nadu,IN-TN
609104,609106,Sirkali,Tamil Nadu,IN-TN
609107,609107,Tharangambadi,Tamil Nadu,IN-TN
609108,609108,Sirkali,Tamil Nadu,IN-TN
609109,609110,Sirkazhi,Tamil Nadu,IN-TN
609111,609111,Sirkali,Tamil Nadu,IN-TN
609112,609112,Mayiladuthurai,Tamil Nadu,IN-TN
609113,609113,Tirumullaivasal,Tamil Nadu,IN-TN
609114,609116,Sirkali,Tamil Nadu,IN-TN
609117,609117,Vaitheesarankoil,Tamil Nadu,IN-TN
609118,609201,Mayiladuthurai,Tamil Nadu,IN-TN
609202,609202,Manalmedu,Tamil Nadu,IN-TN
609203,609205,Mayiladuthurai,Tamil Nadu,IN-TN
609301,609304,Tharangambadi,Tamil Nadu,IN-TN
609305,609305,Mayiladuthurai,Tamil Nadu,IN-TN
609306,609313,Tharangambadi,Tamil Nadu,IN-TN
609314,609314,Mayiladuthurai,Tamil Nadu,IN-TN
609401,609401,Kuthalam,Tamil Nadu,IN-TN
609402,609402,Tharangambadi,Tamil Nadu,IN-TN
609403,609403,Nannilam,Tamil Nadu,IN-TN
609404,609404,Kuthalam,Tamil Nadu,IN-TN
609405,609405,Nannilam,Tamil Nadu,IN-TN
609501,609501,Kudavasal,Tamil Nadu,IN-TN
609502,609504,Nannilam,Tamil Nadu,IN-TN
609601,609601,Thirunallar,Puducherry,IN-PY
609602,609602,Karaikal,Puducherry,IN-PY
609603,609603,Thirunallar,Puducherry,IN-PY
609604,609606,Karaikal,Puducherry,IN-PY
609607,609607,Thirunallar,Puducherry,IN-PY
609608,609608,Nannilam,Tamil Nadu,IN-TN
609609,609609,Karaikal,Puducherry,IN-PY
609701,609704,Nagapattinam,Tamil Nadu,IN-TN
609801,609801,Kuthalam,Tamil Nadu,IN-TN
609802,609802,Thiruvidaimaruthur,Tamil Nadu,IN-TN
609803,609803,Kuthalam,Tamil Nadu,IN-TN
609804,609804,Thiruvidaimaruthur,Tamil Nadu,IN-TN
609805,609805,Kuthalam,Tamil Nadu,IN-TN
609806,609806,Mayiladuthurai,Tamil Nadu,IN-TN
609807,609807,Thiruvidaimaruthur,Tamil Nadu,IN-TN
609808,609810,Kuthalam,Tamil Nadu,IN-TN
609811,609811,Mayiladuthurai,Tamil Nadu,IN-TN
610001,610004,Thiruvarur,Tamil Nadu,IN-TN
610005,610005,Nannilam,Tamil Nadu,IN-TN
610101,610101,Nagapattinam,Tamil Nadu,IN-TN
610102,610102,Koothanallur,Tamil Nadu,IN-TN
610103,610104,Thiruvarur,Tamil Nadu,IN-TN
610105,610105,Nannilam,Tamil Nadu,IN-TN
610106,610106,Thiruvarur,Tamil Nadu,IN-TN
610107,610107,Kudavasal,Tamil Nadu,IN-TN
610109,610109,Thiruvarur,Tamil Nadu,IN-TN
610201,610201,Thirukkuvalai,Tamil Nadu,IN-TN
610202,610202,Thiruvarur,Tamil Nadu,IN-TN
610203,610203,Thiruthuraipoondi,Tamil Nadu,IN-TN
610204,610204,Thirukkuvalai,Tamil Nadu,IN-TN
610205,610205,Thiruvarur,Tamil Nadu,IN-TN
610206,610206,Koothanallur,Tamil Nadu,IN-TN
610207,610207,Thirukkuvalai,Tamil Nadu,IN-TN
611001,611003,Nagapattinam,Tamil Nadu,IN-TN
611101,611101,Thiruvarur,Tamil Nadu,IN-TN
611102,611102,Nagapattinam,Tamil Nadu,IN-TN
611103,611105,Kilvelur,Tamil Nadu,IN-TN
611106,611108,Nagapattinam,Tamil Nadu,IN-TN
611109,611110,Kilvelur,Tamil Nadu,IN-TN
611111,611111,Velankanni,Tamil Nadu,IN-TN
611112,611112,Kilvelur,Tamil Nadu,IN-TN
612001,612002,Kumbakonam,Tamil Nadu,IN-TN
612101,612101,Aduthurai,Tamil Nadu,IN-TN
612102,612102,Thiruvidaimaruthur,Tamil Nadu,IN-TN
612103,612103,Thirubuvanam,Tamil Nadu,IN-TN
612104,612106,Thiruvidaimaruthur,Tamil Nadu,IN-TN
612201,612201,Kuthalam,Tamil Nadu,IN-TN
612202,612202,Kumbakonam,Tamil Nadu,IN-TN
612203,612203,Kuthalam,Tamil Nadu,IN-TN
612204,612204,Thirubuvanam,Tamil Nadu,IN-TN
612301,612301,Papanasam,Tamil Nadu,IN-TN
612302,612302,Swamimalai,Tamil Nadu,IN-TN
612303,612501,Kumbakonam,Tamil Nadu,IN-TN
612502,612502,Thiruvidaimaruthur,Tamil Nadu,IN-TN
612503,612503,Kumbakonam,Tamil Nadu,IN-TN
612504,612504,Thiruvidaimaruthur,Tamil Nadu,IN-TN
612601,612601,Kudavasal,Tamil Nadu,IN-TN
612602,612602,Kumbakonam,Tamil Nadu,IN-TN
612603,612603,Thiruvarur,Tamil Nadu,IN-TN
612604,612604,Kudavasal,Tamil Nadu,IN-TN
612605,612605,Kumbakonam,Tamil Nadu,IN-TN
612610,612610,Kudavasal,Tamil Nadu,IN-TN
612701,612701,Valangaiman,Tamil Nadu,IN-TN
612702,612703,Kumbakonam,Tamil Nadu,IN-TN
612801,612802,Valangaiman,Tamil Nadu,IN-TN
612803,612803,Needamangalam,Tamil Nadu,IN-TN
612804,612804,Valangaiman,Tamil Nadu,IN-TN
612901,612905,Udayarpalayam,Tamil Nadu,IN-TN
613001,613010,Thanjavur,Tamil Nadu,IN-TN
613101,613101,Thiruvaiyaru,Tamil Nadu,IN-TN
613102,613102,Thanjavur,Tamil Nadu,IN-TN
613103,613103,Thiruvaiyaru,Tamil Nadu,IN-TN
613104,613104,Thirukattupalli,Tamil Nadu,IN-TN
613105,613205,Thiruvaiyaru,Tamil Nadu,IN-TN
613301,613301,Gandarvakkottai,Tamil Nadu,IN-TN
613303,613402,Thanjavur,Tamil Nadu,IN-TN
613403,613403,Vallam,Tamil Nadu,IN-TN
613501,613501,Thanjavur,Tamil Nadu,IN-TN
613502,613504,Papanasam,Tamil Nadu,IN-TN
613601,613602,Thanjavur,Tamil Nadu,IN-TN
613701,613701,Thiruvarur,Tamil Nadu,IN-TN
613702,613702,Koothanallur,Tamil Nadu,IN-TN
613703,613703,Koradachcheri,Tamil Nadu,IN-TN
613704,613704,Thiruvarur,Tamil Nadu,IN-TN
613705,613705,Valangaiman,Tamil Nadu,IN-TN
614001,614001,Mannargudi,Tamil Nadu,IN-TN
614013,614013,Needamangalam,Tamil Nadu,IN-TN
614014,614018,Mannargudi,Tamil Nadu,IN-TN
614019,614019,Needamangalam,Tamil Nadu,IN-TN
614020,614020,Mannargudi,Tamil Nadu,IN-TN
614101,614103,Koothanallur,Tamil Nadu,IN-TN
614201,614202,Ayyampettai,Tamil Nadu,IN-TN
614203,614205,Papanasam,Tamil Nadu,IN-TN
614206,614206,Thanjavur,Tamil Nadu,IN-TN
614207,614207,Papanasam,Tamil Nadu,IN-TN
614208,614208,Kumbakonam,Tamil Nadu,IN-TN
614210,614211,Papanasam,Tamil Nadu,IN-TN
614301,614301,Melattur,Tamil Nadu,IN-TN
614302,614303,Papanasam,Tamil Nadu,IN-TN
614401,614401,Ammapettai,Tamil Nadu,IN-TN
614402,614402,Papanasam,Tamil Nadu,IN-TN
614403,614404,Needamangalam,Tamil Nadu,IN-TN
614601,614602,Pattukkottai,Tamil Nadu,IN-TN
614612,614612,Peravurani,Tamil Nadu,IN-TN
614613,614613,Pattukkottai,Tamil Nadu,IN-TN
614614,614614,Orathanadu,Tamil Nadu,IN-TN
614615,614615,Pattukkottai,Tamil Nadu,IN-TN
614616,614616,Aranthangi,Tamil Nadu,IN-TN
614617,614617,Manamelkudi,Tamil Nadu,IN-TN
614618,614618,Avudayarkoil,Tamil Nadu,IN-TN
614619,614620,Manamelkudi,Tamil Nadu,IN-TN
614621,614621,Avudayarkoil,Tamil Nadu,IN-TN
614622,614622,Aranthangi,Tamil Nadu,IN-TN
614623,614623,Peravurani,Tamil Nadu,IN-TN
614624,614624,Alangudi,Tamil Nadu,IN-TN
614625,614626,Orathanadu,Tamil Nadu,IN-TN
614628,614628,Pattukkottai,Tamil Nadu,IN-TN
614629,614629,Avudayarkoil,Tamil Nadu,IN-TN
614630,614630,Aranthangi,Tamil Nadu,IN-TN
614701,614701,Adirampattinam,Tamil Nadu,IN-TN
614702,614703,Thiruthuraipoondi,Tamil Nadu,IN-TN
614704,614704,Muttupet,Tamil Nadu,IN-TN
614705,614705,Mannargudi,Tamil Nadu,IN-TN
614706,614706,Thiruthuraipoondi,Tamil Nadu,IN-TN
614707,614707,Vedharanyam,Tamil Nadu,IN-TN
614708,614710,Mannargudi,Tamil Nadu,IN-TN
614711,614711,Thiruthuraipoondi,Tamil Nadu,IN-TN
614712,614712,Thalanayar,Tamil Nadu,IN-TN
614713,614713,Thiruthuraipoondi,Tamil Nadu,IN-TN
614714,614714,Vedharanyam,Tamil Nadu,IN-TN
614715,614716,Thiruthuraipoondi,Tamil Nadu,IN-TN
614717,614717,Mannargudi,Tamil Nadu,IN-TN
614723,614723,Pattukkottai,Tamil Nadu,IN-TN
614738,614738,Muttupet,Tamil Nadu,IN-TN
614801,614801,Aranthangi,Tamil Nadu,IN-TN
614802,614802,Peravurani,Tamil Nadu,IN-TN
614803,614803,Pattukkottai,Tamil Nadu,IN-TN
614804,614804,Peravurani,Tamil Nadu,IN-TN
614805,614805,Aranthangi,Tamil Nadu,IN-TN
614806,614810,Vedharanyam,Tamil Nadu,IN-TN
614901,614901,Pattukkottai,Tamil Nadu,IN-TN
614902,614902,Orathanadu,Tamil Nadu,IN-TN
614903,614903,Madukkur,Tamil Nadu,IN-TN
614904,614905,Orathanadu,Tamil Nadu,IN-TN
614906,614906,Pattukkottai,Tamil Nadu,IN-TN
620001,620008,Tiruchirappalli,Tamil Nadu,IN-TN
620009,620009,Srirangam,Tamil Nadu,IN-TN
620010,620010,Thiruverumbur,Tamil Nadu,IN-TN
620011,620012,Tiruchirappalli,Tamil Nadu,IN-TN
620013,620013,Thiruverumbur,Tamil Nadu,IN-TN
620014,620014,Thuvakudi,Tamil Nadu,IN-TN
620015,620016,Thiruverumbur,Tamil Nadu,IN-TN
620017,620021,Tiruchirappalli,Tamil Nadu,IN-TN
620022,620022,Thuvakudi,Tamil Nadu,IN-TN
620023,620023,Tiruchirappalli,Tamil Nadu,IN-TN
620024,620026,Thiruverumbur,Tamil Nadu,IN-TN
620027,620101,Srirangam,Tamil Nadu,IN-TN
620102,620102,Tiruchirappalli,Tamil Nadu,IN-TN
621001,621004,Thuraiyur,Tamil Nadu,IN-TN
621005,621005,Manachanallur,Tamil Nadu,IN-TN
621006,621006,Musiri,Tamil Nadu,IN-TN
621007,621008,Thuraiyur,Tamil Nadu,IN-TN
621009,621009,Manachanallur,Tamil Nadu,IN-TN
621010,621010,Thuraiyur,Tamil Nadu,IN-TN
621011,621011,Uppiliyapuram,Tamil Nadu,IN-TN
621012,621014,Thuraiyur,Tamil Nadu,IN-TN
621101,621101,Perambalur,Tamil Nadu,IN-TN
621102,621102,Veppanthattai,Tamil Nadu,IN-TN
621103,621103,Arumbavur,Tamil Nadu,IN-TN
621104,621104,Alathur,Tamil Nadu,IN-TN
621105,621105,Manachanallur,Tamil Nadu,IN-TN
621106,621106,Alathur,Tamil Nadu,IN-TN
621107,621107,Perambalur,Tamil Nadu,IN-TN
621108,621108,Kunnam,Tamil Nadu,IN-TN
621109,621109,Alathur,Tamil Nadu,IN-TN
621110,621110,Veppanthattai,Tamil Nadu,IN-TN
621111,621111,Lalgudi,Tamil Nadu,IN-TN
621112,621112,Manachanallur,Tamil Nadu,IN-TN
621113,621113,Perambalur,Tamil Nadu,IN-TN
621114,621114,Alathur,Tamil Nadu,IN-TN
621115,621117,Veppanthattai,Tamil Nadu,IN-TN
621118,621118,Alathur,Tamil Nadu,IN-TN
621133,621133,Kunnam,Tamil Nadu,IN-TN
621202,621202,Musiri,Tamil Nadu,IN-TN
621203,621203,Thottiyam,Tamil Nadu,IN-TN
621204,621205,Musiri,Tamil Nadu,IN-TN
621206,621206,Thuraiyur,Tamil Nadu,IN-TN
621207,621207,Kattupputtur,Tamil Nadu,IN-TN
621208,621208,Musiri,Tamil Nadu,IN-TN
621209,621209,Thottiyam,Tamil Nadu,IN-TN
621210,621210,Mettuppalaiyam,Tamil Nadu,IN-TN
621211,621211,Musiri,Tamil Nadu,IN-TN
621212,621212,Perambalur,Tamil Nadu,IN-TN
621213,621213,Manachanallur,Tamil Nadu,IN-TN
621214,621214,Tattayyangarpettai,Tamil Nadu,IN-TN
621215,621215,Thottiyam,Tamil Nadu,IN-TN
621216,621216,Manachanallur,Tamil Nadu,IN-TN
621217,621217,Musiri,Tamil Nadu,IN-TN
621218,621218,Lalgudi,Tamil Nadu,IN-TN
621219,621220,Perambalur,Tamil Nadu,IN-TN
621301,621301,Kadavur,Tamil Nadu,IN-TN
621302,621302,Manapparai,Tamil Nadu,IN-TN
621305,621305,Marungapuri,Tamil Nadu,IN-TN
621306,621307,Manapparai,Tamil Nadu,IN-TN
621308,621310,Marungapuri,Tamil Nadu,IN-TN
621311,621311,Kadavur,Tamil Nadu,IN-TN
621312,621312,Manapparai,Tamil Nadu,IN-TN
621313,621313,Kulittalai,Tamil Nadu,IN-TN
621314,621314,Marungapuri,Tamil Nadu,IN-TN
621315,621315,Manapparai,Tamil Nadu,IN-TN
621316,621316,Viralimalai,Tamil Nadu,IN-TN
621601,621601,Lalgudi,Tamil Nadu,IN-TN
621651,621651,Ariyalur,Tamil Nadu,IN-TN
621652,621653,Lalgudi,Tamil Nadu,IN-TN
621701,621701,Udayarpalayam,Tamil Nadu,IN-TN
621702,621703,Lalgudi,Tamil Nadu,IN-TN
621704,621705,Ariyalur,Tamil Nadu,IN-TN
621706,621706,Lalgudi,Tamil Nadu,IN-TN
621707,621707,Ariyalur,Tamil Nadu,IN-TN
621708,621708,Kunnam,Tamil Nadu,IN-TN
621709,621710,Sendurai,Tamil Nadu,IN-TN
621711,621711,Pullambadi,Tamil Nadu,IN-TN
621712,621712,Lalgudi,Tamil Nadu,IN-TN
621713,621713,Alathur,Tamil Nadu,IN-TN
621714,621714,Sendurai,Tamil Nadu,IN-TN
621715,621715,Ariyalur,Tamil Nadu,IN-TN
621716,621717,Kunnam,Tamil Nadu,IN-TN
621718,621718,Ariyalur,Tamil Nadu,IN-TN
621719,621719,Sendurai,Tamil Nadu,IN-TN
621722,621722,Lalgudi,Tamil Nadu,IN-TN
621729,621729,Ariyalur,Tamil Nadu,IN-TN
621730,621730,Sendurai,Tamil Nadu,IN-TN
621731,621731,Ariyalur,Tamil Nadu,IN-TN
621801,621801,Andimadam,Tamil Nadu,IN-TN
621802,621802,Jayamkondacholapuram,Tamil Nadu,IN-TN
621803,621803,Andimadam,Tamil Nadu,IN-TN
621804,621804,Sendurai,Tamil Nadu,IN-TN
621805,621806,Andimadam,Tamil Nadu,IN-TN
621851,621851,Ariyalur,Tamil Nadu,IN-TN
622001,622005,Pudukkotai,Tamil Nadu,IN-TN
622101,622101,Annavasal,Tamil Nadu,IN-TN
622102,622104,Iluppur,Tamil Nadu,IN-TN
622201,622201,Arimalam,Tamil Nadu,IN-TN
622202,622202,Thirumayam,Tamil Nadu,IN-TN
622203,622203,Pudukkotai,Tamil Nadu,IN-TN
622204,622204,Avudayarkoil,Tamil Nadu,IN-TN
622209,622209,Thirumayam,Tamil Nadu,IN-TN
622301,622301,Alangudi,Tamil Nadu,IN-TN
622302,622302,Karambakkudi,Tamil Nadu,IN-TN
622303,622304,Alangudi,Tamil Nadu,IN-TN
622401,622401,Ponnamaravati,Tamil Nadu,IN-TN
622402,622402,Thirumayam,Tamil Nadu,IN-TN
622403,622403,Ponnamaravati,Tamil Nadu,IN-TN
622404,622404,Thirumayam,Tamil Nadu,IN-TN
622407,622407,Ponnamaravati,Tamil Nadu,IN-TN
622409,622409,Thirumayam,Tamil Nadu,IN-TN
622411,622411,Ponnamaravati,Tamil Nadu,IN-TN
622412,622412,Thirumayam,Tamil Nadu,IN-TN
622422,622422,Pudukkotai,Tamil Nadu,IN-TN
622501,622501,Kulathur,Tamil Nadu,IN-TN
622502,622502,Kiranur,Tamil Nadu,IN-TN
622503,622503,Thirumayam,Tamil Nadu,IN-TN
622504,622504,Kulathur,Tamil Nadu,IN-TN
622505,622507,Thirumayam,Tamil Nadu,IN-TN
622515,622515,Kulathur,Tamil Nadu,IN-TN
623115,623115,Kamuthi,Tamil Nadu,IN-TN
623120,623120,Sayalkudi,Tamil Nadu,IN-TN
623135,623135,Kadaladi,Tamil Nadu,IN-TN
623308,623401,Tiruvadanai,Tamil Nadu,IN-TN
623402,623402,Devakottai,Tamil Nadu,IN-TN
623403,623403,Nambutalai,Tamil Nadu,IN-TN
623404,623407,Tiruvadanai,Tamil Nadu,IN-TN
623409,623409,Tondi,Tamil Nadu,IN-TN
623501,623514,Ramanathapuram,Tamil Nadu,IN-TN
623515,623515,Kilakarai,Tamil Nadu,IN-TN
623516,623516,Ramanathapuram,Tamil Nadu,IN-TN
623517,623517,Keelakarai,Tamil Nadu,IN-TN
623518,623520,Mandapam,Tamil Nadu,IN-TN
623521,623521,Rameswaram,Tamil Nadu,IN-TN
623522,623522,Ramanathapuram,Tamil Nadu,IN-TN
623523,623523,Periyapattinam,Tamil Nadu,IN-TN
623524,623524,Ramanathapuram,Tamil Nadu,IN-TN
623525,623525,Tiruvadanai,Tamil Nadu,IN-TN
623526,623526,Rameswaram,Tamil Nadu,IN-TN
623527,623527,Paramakudi,Tamil Nadu,IN-TN
623528,623528,Kadaladi,Tamil Nadu,IN-TN
623529,623529,Rameswaram,Tamil Nadu,IN-TN
623530,623530,Paramakudi,Tamil Nadu,IN-TN
623531,623531,Tiruppalaikudi,Tamil Nadu,IN-TN
623532,623533,Kilakarai,Tamil Nadu,IN-TN
623534,623537,Ramanathapuram,Tamil Nadu,IN-TN
623538,623538,Tiruvadanai,Tamil Nadu,IN-TN
623566,623566,Kilakarai,Tamil Nadu,IN-TN
623601,623601,Abiramam,Tamil Nadu,IN-TN
623603,623605,Kamuthi,Tamil Nadu,IN-TN
623608,623608,Paramakudi,Tamil Nadu,IN-TN
623701,623701,Ilayangudi,Tamil Nadu,IN-TN
623703,623703,Kadaladi,Tamil Nadu,IN-TN
623704,623704,Mudukulattur,Tamil Nadu,IN-TN
623705,623707,Paramakudi,Tamil Nadu,IN-TN
623708,623708,Kamuthi,Tamil Nadu,IN-TN
623711,623712,Mudukulattur,Tamil Nadu,IN-TN
623806,623806,Kilakarai,Tamil Nadu,IN-TN
624001,624001,Dindigul,Tamil Nadu,IN-TN
624002,624002,DindigulWest,Tamil Nadu,IN-TN
624003,624003,Dindigul,Tamil Nadu,IN-TN
624004,624004,DindigulWest,Tamil Nadu,IN-TN
624005,624005,Vedasandur,Tamil Nadu,IN-TN
624101,624103,Kodaikanal,Tamil Nadu,IN-TN
624201,624201,Nilakottai,Tamil Nadu,IN-TN
624202,624202,Vattalkundu,Tamil Nadu,IN-TN
624204,624204,Athoor,Tamil Nadu,IN-TN
624206,624208,Nilakottai,Tamil Nadu,IN-TN
624210,624210,Kodaikanal,Tamil Nadu,IN-TN
624211,624211,Nilakottai,Tamil Nadu,IN-TN
624212,624212,Kodaikanal,Tamil Nadu,IN-TN
624215,624215,Nilakottai,Tamil Nadu,IN-TN
624216,624216,Kodaikanal,Tamil Nadu,IN-TN
624219,624220,Nilakottai,Tamil Nadu,IN-TN
624301,624303,Athoor,Tamil Nadu,IN-TN
624304,624308,Dindigul,Tamil Nadu,IN-TN
624401,624403,Natham,Tamil Nadu,IN-TN
624601,624610,Palani,Tamil Nadu,IN-TN
624612,624612,Oddanchatram,Tamil Nadu,IN-TN
624613,624613,Ayakudi,Tamil Nadu,IN-TN
624614,624614,Oddanchatram,Tamil Nadu,IN-TN
624615,624615,Palani,Tamil Nadu,IN-TN
624616,624616,Oddanchatram,Tamil Nadu,IN-TN
624617,624618,Palani,Tamil Nadu,IN-TN
624619,624619,Ottanchatram,Tamil Nadu,IN-TN
624620,624620,Vedasandur,Tamil Nadu,IN-TN
624621,624621,Palani,Tamil Nadu,IN-TN
624622,624622,DindigulWest,Tamil Nadu,IN-TN
624701,624701,Athoor,Tamil Nadu,IN-TN
624702,624703,Vedasandur,Tamil Nadu,IN-TN
624704,624704,Oddanchatram,Tamil Nadu,IN-TN
624705,624705,DindigulWest,Tamil Nadu,IN-TN
624706,624706,Vedasandur,Tamil Nadu,IN-TN
624707,624708,Athoor,Tamil Nadu,IN-TN
624709,624709,DindigulWest,Tamil Nadu,IN-TN
624710,624711,Vedasandur,Tamil Nadu,IN-TN
624712,624712,Oddanchatram,Tamil Nadu,IN-TN
624801,624801,Vedasandur,Tamil Nadu,IN-TN
624802,624802,Vadamadurai,Tamil Nadu,IN-TN
625001,625003,Madurai,Tamil Nadu,IN-TN
625004,625006,Tirupparangunram,Tamil Nadu,IN-TN
625007,625007,Madurai,Tamil Nadu,IN-TN
625008,625008,Thirumangalam,Tamil Nadu,IN-TN
625009,625014,Madurai,Tamil Nadu,IN-TN
625015,625015,Tirupparangunram,Tamil Nadu,IN-TN
625016,625020,Madurai,Tamil Nadu,IN-TN
625021,625021,Tirupparangunram,Tamil Nadu,IN-TN
625022,625023,Madurai,Tamil Nadu,IN-TN
625101,625103,Melur,Tamil Nadu,IN-TN
625104,625104,Madurai,Tamil Nadu,IN-TN
625105,625106,Melur,Tamil Nadu,IN-TN
625107,625107,Madurai,Tamil Nadu,IN-TN
625108,625122,Melur,Tamil Nadu,IN-TN
625201,625201,Madurai,Tamil Nadu,IN-TN
625203,625203,Periyakulam,Tamil Nadu,IN-TN
625205,625234,Vadippatti,Tamil Nadu,IN-TN
625301,625301,Melur,Tamil Nadu,IN-TN
625402,625402,Madurai,Tamil Nadu,IN-TN
625501,625501,Alanganallur,Tamil Nadu,IN-TN
625503,625503,Palamedu,Tamil Nadu,IN-TN
625512,625512,Andippatti,Tamil Nadu,IN-TN
625513,625513,Bodinayakanur,Tamil Nadu,IN-TN
625514,625514,Thirumangalam,Tamil Nadu,IN-TN
625515,625515,Chinnamanur,Tamil Nadu,IN-TN
625516,625516,Cumbum,Tamil Nadu,IN-TN
625517,625517,Andippatti,Tamil Nadu,IN-TN
625518,625518,Gudalur,Tamil Nadu,IN-TN
625519,625521,Uttamapalaiyam,Tamil Nadu,IN-TN
625522,625522,Kombai,Tamil Nadu,IN-TN
625523,625523,Periyakulam,Tamil Nadu,IN-TN
625524,625526,Uttamapalaiyam,Tamil Nadu,IN-TN
625527,625527,Peraiyur,Tamil Nadu,IN-TN
625528,625528,Bodinayakanur,Tamil Nadu,IN-TN
625529,625529,Usilampatti,Tamil Nadu,IN-TN
625530,625530,Uttamapalaiyam,Tamil Nadu,IN-TN
625531,625531,Teni,Tamil Nadu,IN-TN
625532,625532,Usilampatti,Tamil Nadu,IN-TN
625533,625533,Uttamapalaiyam,Tamil Nadu,IN-TN
625534,625534,Teni,Tamil Nadu,IN-TN
625535,625535,Elumalai,Tamil Nadu,IN-TN
625536,625536,Andippatti,Tamil Nadu,IN-TN
625537,625537,Usilampatti,Tamil Nadu,IN-TN
625540,625556,Uttamapalaiyam,Tamil Nadu,IN-TN
625562,625562,Periyakulam,Tamil Nadu,IN-TN
625579,625579,Andippatti,Tamil Nadu,IN-TN
625582,625582,Bodinayakanur,Tamil Nadu,IN-TN
625601,625601,Periyakulam,Tamil Nadu,IN-TN
625602,625602,Devadanappatti,Tamil Nadu,IN-TN
625603,625605,Periyakulam,Tamil Nadu,IN-TN
625701,625701,Kalligudi,Tamil Nadu,IN-TN
625702,625702,Kallupatti,Tamil Nadu,IN-TN
625703,625703,Peraiyur,Tamil Nadu,IN-TN
625704,625704,Thirumangalam,Tamil Nadu,IN-TN
625705,625705,Peraiyur,Tamil Nadu,IN-TN
625706,625706,Thirumangalam,Tamil Nadu,IN-TN
625707,625707,Kalligudi,Tamil Nadu,IN-TN
625708,625708,Peraiyur,Tamil Nadu,IN-TN
626001,626003,Virudunagar,Tamil Nadu,IN-TN
626004,626004,Aruppukottai,Tamil Nadu,IN-TN
626005,626005,Virudunagar,Tamil Nadu,IN-TN
626101,626101,Aruppukottai,Tamil Nadu,IN-TN
626102,626102,Rajapalayam,Tamil Nadu,IN-TN
626103,626103,Sivakasi,Tamil Nadu,IN-TN
626104,626104,Kariapatti,Tamil Nadu,IN-TN
626105,626105,Aruppukottai,Tamil Nadu,IN-TN
626106,626106,Kariapatti,Tamil Nadu,IN-TN
626107,626107,Tiruchuli,Tamil Nadu,IN-TN
626108,626108,Rajapalaiyam,Tamil Nadu,IN-TN
626109,626109,Kariapatti,Tamil Nadu,IN-TN
626110,626110,Srivilliputhur,Tamil Nadu,IN-TN
626111,626111,Rajapalayam,Tamil Nadu,IN-TN
626112,626114,Aruppukottai,Tamil Nadu,IN-TN
626115,626115,Kariapatti,Tamil Nadu,IN-TN
626116,626116,Srivilliputhur,Tamil Nadu,IN-TN
626117,626117,Rajapalayam,Tamil Nadu,IN-TN
626118,626118,Aruppukottai,Tamil Nadu,IN-TN
626119,626119,Virudunagar,Tamil Nadu,IN-TN
626121,626122,Rajapalayam,Tamil Nadu,IN-TN
626123,626124,Sivakasi,Tamil Nadu,IN-TN
626125,626126,Srivilliputhur,Tamil Nadu,IN-TN
626127,626127,Vembakottai,Tamil Nadu,IN-TN
626128,626128,Sivakasi,Tamil Nadu,IN-TN
626129,626129,Tiruchuli,Tamil Nadu,IN-TN
626130,626130,Tiruttangal,Tamil Nadu,IN-TN
626131,626131,Vembakottai,Tamil Nadu,IN-TN
626132,626133,Srivilliputhur,Tamil Nadu,IN-TN
626134,626134,Aruppukottai,Tamil Nadu,IN-TN
626135,626135,Srivilliputhur,Tamil Nadu,IN-TN
626136,626136,Vembakottai,Tamil Nadu,IN-TN
626137,626138,Srivilliputhur,Tamil Nadu,IN-TN
626139,626139,Rajapalayam,Tamil Nadu,IN-TN
626140,626140,Vembakottai,Tamil Nadu,IN-TN
626141,626141,Srivilliputhur,Tamil Nadu,IN-TN
626142,626142,Rajapalayam,Tamil Nadu,IN-TN
626149,626149,Srivilliputhur,Tamil Nadu,IN-TN
626161,626161,Aruppukottai,Tamil Nadu,IN-TN
626188,626188,Rajapalayam,Tamil Nadu,IN-TN
626189,626189,Sivakasi,Tamil Nadu,IN-TN
626201,626201,Elayirampannai,Tamil Nadu,IN-TN
626202,626203,Sattur,Tamil Nadu,IN-TN
626204,626204,Virudunagar,Tamil Nadu,IN-TN
626205,626205,Ettaiyapuram,Tamil Nadu,IN-TN
626607,626612,Tiruchuli,Tamil Nadu,IN-TN
627001,627001,Tirunelveli,Tamil Nadu,IN-TN
627002,627002,Palayamkottai,Tamil Nadu,IN-TN
627003,627004,Tirunelveli,Tamil Nadu,IN-TN
627005,627005,Palayamkottai,Tamil Nadu,IN-TN
627006,627010,Tirunelveli,Tamil Nadu,IN-TN
627011,627011,Palayamkottai,Tamil Nadu,IN-TN
627012,627012,Tirunelveli,Tamil Nadu,IN-TN
627101,627103,Nanguneri,Tamil Nadu,IN-TN
627104,627106,Radhapuram,Tamil Nadu,IN-TN
627107,627108,Nanguneri,Tamil Nadu,IN-TN
627109,627109,Radhapuram,Tamil Nadu,IN-TN
627110,627110,Nanguneri,Tamil Nadu,IN-TN
627111,627114,Radhapuram,Tamil Nadu,IN-TN
627115,627115,Nanguneri,Tamil Nadu,IN-TN
627116,627116,Radhapuram,Tamil Nadu,IN-TN
627117,627117,Vadakku Valliyur,Tamil Nadu,IN-TN
627118,627118,Nanguneri,Tamil Nadu,IN-TN
627119,627133,Radhapuram,Tamil Nadu,IN-TN
627151,627152,Nanguneri,Tamil Nadu,IN-TN
627201,627202,Manur,Tamil Nadu,IN-TN
627351,627351,Palayamkottai,Tamil Nadu,IN-TN
627352,627352,Gangaikondan,Tamil Nadu,IN-TN
627353,627353,Palayamkottai,Tamil Nadu,IN-TN
627354,627355,Nanguneri,Tamil Nadu,IN-TN
627356,627359,Tirunelveli,Tamil Nadu,IN-TN
627401,627413,Ambasamudram,Tamil Nadu,IN-TN
627414,627414,Cheranmahadevi,Tamil Nadu,IN-TN
627415,627415,Ambasamudram,Tamil Nadu,IN-TN
627416,627416,Kallidaikurichi,Tamil Nadu,IN-TN
627417,627417,Cheranmahadevi,Tamil Nadu,IN-TN
627418,627425,Ambasamudram,Tamil Nadu,IN-TN
627426,627426,Vadakku Viravanallur,Tamil Nadu,IN-TN
627427,627428,Ambasamudram,Tamil Nadu,IN-TN
627451,627453,Cheranmahadevi,Tamil Nadu,IN-TN
627501,627501,Kalakkadu,Tamil Nadu,IN-TN
627502,627502,Nanguneri,Tamil Nadu,IN-TN
627601,627603,Cheranmahadevi,Tamil Nadu,IN-TN
627604,627604,Tirunelveli,Tamil Nadu,IN-TN
627651,627651,Radhapuram,Tamil Nadu,IN-TN
627652,627652,Nanguneri,Tamil Nadu,IN-TN
627654,627654,Radhapuram,Tamil Nadu,IN-TN
627657,627657,Tisaiyanvilai,Tamil Nadu,IN-TN
627713,627713,Kovilpatti,Tamil Nadu,IN-TN
627719,627719,Thiruvengadam,Tamil Nadu,IN-TN
627751,627751,Kadayanallur,Tamil Nadu,IN-TN
627753,627753,Sankarankovil,Tamil Nadu,IN-TN
627754,627754,Thiruvengadam,Tamil Nadu,IN-TN
627755,627755,Kadayanallur,Tamil Nadu,IN-TN
627756,627756,Sankarankovil,Tamil Nadu,IN-TN
627757,627757,Sivagiri,Tamil Nadu,IN-TN
627758,627758,Vasudevanallur,Tamil Nadu,IN-TN
627759,627759,Kadayanallur,Tamil Nadu,IN-TN
627760,627761,Sivagiri,Tamil Nadu,IN-TN
627764,627764,Rayagiri,Tamil Nadu,IN-TN
627802,627802,Courtallam,Tamil Nadu,IN-TN
627803,627803,Shenkottai,Tamil Nadu,IN-TN
627804,627804,Kadayanallur,Tamil Nadu,IN-TN
627805,627805,Ilanji,Tamil Nadu,IN-TN
627806,627806,Tenkasi,Tamil Nadu,IN-TN
627807,627807,Panpoli,Tamil Nadu,IN-TN
627808,627808,Tenkasi,Tamil Nadu,IN-TN
627809,627809,Shenkottai,Tamil Nadu,IN-TN
627811,627811,Tenkasi,Tamil Nadu,IN-TN
627812,627812,Vadakarai Keelpidagai,Tamil Nadu,IN-TN
627813,627813,Shenkottai,Tamil Nadu,IN-TN
627814,627818,Melagaram,Tamil Nadu,IN-TN
627851,627851,Alangulam,Tamil Nadu,IN-TN
627852,627852,Ayikudi,Tamil Nadu,IN-TN
627853,627854,Alangulam,Tamil Nadu,IN-TN
627855,627855,Puliyangudi,Tamil Nadu,IN-TN
627856,627856,Sambavar Vadagarai,Tamil Nadu,IN-TN
627857,627857,Kadayanallur,Tamil Nadu,IN-TN
627858,627858,Sundarapandiapuram,Tamil Nadu,IN-TN
627859,627859,Surandai,Tamil Nadu,IN-TN
627860,627860,Veerakeralamputhur,Tamil Nadu,IN-TN
627861,627861,Kilapavoor,Tamil Nadu,IN-TN
627862,627862,Sankarankovil,Tamil Nadu,IN-TN
627951,627951,Veerakeralamputhur,Tamil Nadu,IN-TN
627953,627953,Sankarankovil,Tamil Nadu,IN-TN
628001,628103,Thoothukkudi,Tamil Nadu,IN-TN
628104,628104,Srivaikuntam,Tamil Nadu,IN-TN
628105,628105,Ottapidaram,Tamil Nadu,IN-TN
628151,628151,Tiruchchendur,Tamil Nadu,IN-TN
628152,628152,Srivaikuntam,Tamil Nadu,IN-TN
628201,628201,Tiruchchendur,Tamil Nadu,IN-TN
628202,628202,Arumuganeri,Tamil Nadu,IN-TN
628203,628203,Udangudi,Tamil Nadu,IN-TN
628204,628204,Kayalpattinam,Tamil Nadu,IN-TN
628205,628229,Tiruchchendur,Tamil Nadu,IN-TN
628251,628252,Srivaikuntam,Tamil Nadu,IN-TN
628301,628303,Ottapidaram,Tamil Nadu,IN-TN
628304,628304,Thoothukkudi,Tamil Nadu,IN-TN
628401,628402,Ottapidaram,Tamil Nadu,IN-TN
628501,628503,Kovilpatti,Tamil Nadu,IN-TN
628552,628552,Kalugumalai,Tamil Nadu,IN-TN
628601,628601,Srivaikuntam,Tamil Nadu,IN-TN
628612,628612,Alwa Tirunagari,Tamil Nadu,IN-TN
628613,628613,Sathankulam,Tamil Nadu,IN-TN
628614,628614,Tiruchchendur,Tamil Nadu,IN-TN
628615,628615,Srivaikuntam,Tamil Nadu,IN-TN
628616,628618,Tiruchchendur,Tamil Nadu,IN-TN
628619,628622,Srivaikuntam,Tamil Nadu,IN-TN
628623,628623,Tiruchchendur,Tamil Nadu,IN-TN
628653,628704,Sathankulam,Tamil Nadu,IN-TN
628712,628712,Ettaiyapuram,Tamil Nadu,IN-TN
628714,628714,Kayattar,Tamil Nadu,IN-TN
628716,628716,Kovilpatti,Tamil Nadu,IN-TN
628718,628721,Kayattar,Tamil Nadu,IN-TN
628722,628722,Ottapidaram,Tamil Nadu,IN-TN
628751,628753,Srivaikuntam,Tamil Nadu,IN-TN
628801,628802,Eral,Tamil Nadu,IN-TN
628809,628851,Srivaikuntam,Tamil Nadu,IN-TN
628901,628901,Vilattikulam,Tamil Nadu,IN-TN
628902,628902,Ettaiyapuram,Tamil Nadu,IN-TN
628903,628903,Kulattur,Tamil Nadu,IN-TN
628904,628904,Ettaiyapuram,Tamil Nadu,IN-TN
628905,628905,Pudur,Tamil Nadu,IN-TN
628906,628907,Vilattikulam,Tamil Nadu,IN-TN
628908,628908,Ettaiyapuram,Tamil Nadu,IN-TN
628952,628952,Kayattar,Tamil Nadu,IN-TN
629001,629004,Nagercoil,Tamil Nadu,IN-TN
629101,629101,Vilavancode,Tamil Nadu,IN-TN
629102,629102,Kalkulam,Tamil Nadu,IN-TN
629151,629155,Vilavancode,Tamil Nadu,IN-TN
629156,629156,Kalkulam,Tamil Nadu,IN-TN
629157,629157,Vilavancode,Tamil Nadu,IN-TN
629158,629158,Kalkulam,Tamil Nadu,IN-TN
629159,629160,Vilavancode,Tamil Nadu,IN-TN
629161,629161,Kalkulam,Tamil Nadu,IN-TN
629162,629163,Kuzhithurai,Tamil Nadu,IN-TN
629164,629164,Kalkulam,Tamil Nadu,IN-TN
629165,629165,Kuzhithurai,Tamil Nadu,IN-TN
629166,629167,Kalkulam,Tamil Nadu,IN-TN
629168,629173,Vilavancode,Tamil Nadu,IN-TN
629174,629174,Kalkulam,Tamil Nadu,IN-TN
629175,629175,Padmanabhapuram,Tamil Nadu,IN-TN
629176,629176,Vilavancode,Tamil Nadu,IN-TN
629177,629177,Kalkulam,Tamil Nadu,IN-TN
629178,629179,Vilavancode,Tamil Nadu,IN-TN
629180,629180,Padmanabhapuram,Tamil Nadu,IN-TN
629193,629193,Vilavancode,Tamil Nadu,IN-TN
629201,629201,Nagercoil,Tamil Nadu,IN-TN
629202,629204,Kalkulam,Tamil Nadu,IN-TN
629251,629251,Colachel,Tamil Nadu,IN-TN
629252,629252,Manavalakurichi,Tamil Nadu,IN-TN
629301,629302,Thovala,Tamil Nadu,IN-TN
629401,629502,Agastheeswaram,Tamil Nadu,IN-TN
629601,629601,Nagercoil,Tamil Nadu,IN-TN
629602,629602,Agastheeswaram,Tamil Nadu,IN-TN
629701,629702,Kanniyakumari,Tamil Nadu,IN-TN
629703,629703,Agastheeswaram,Tamil Nadu,IN-TN
629704,629704,Suchindram,Tamil Nadu,IN-TN
629801,629801,Nagercoil,Tamil Nadu,IN-TN
629802,629802,Eraniel,Tamil Nadu,IN-TN
629803,629809,Kalkulam,Tamil Nadu,IN-TN
629810,629810,Eraniel,Tamil Nadu,IN-TN
629851,629901,Thovala,Tamil Nadu,IN-TN
630001,630105,Karaikudi,Tamil Nadu,IN-TN
630106,630106,Kottaiyur,Tamil Nadu,IN-TN
630107,630107,Pallattur,Tamil Nadu,IN-TN
630108,630108,Karaikudi,Tamil Nadu,IN-TN
630201,630201,Thiruppathur,Tamil Nadu,IN-TN
630202,630202,Karaikudi,Tamil Nadu,IN-TN
630203,630207,Thiruppathur,Tamil Nadu,IN-TN
630208,630208,Karaikudi,Tamil Nadu,IN-TN
630210,630211,Thiruppathur,Tamil Nadu,IN-TN
630212,630212,Thirumayam,Tamil Nadu,IN-TN
630301,630301,Karaikudi,Tamil Nadu,IN-TN
630302,630303,Devakottai,Tamil Nadu,IN-TN
630305,630307,Karaikudi,Tamil Nadu,IN-TN
630309,630309,Singampunari,Tamil Nadu,IN-TN
630311,630312,Devakottai,Tamil Nadu,IN-TN
630313,630313,Karaikudi,Tamil Nadu,IN-TN
630314,630321,Devakottai,Tamil Nadu,IN-TN
630405,630405,Thiruppathur,Tamil Nadu,IN-TN
630408,630408,Devakottai,Tamil Nadu,IN-TN
630410,630410,Singampunari,Tamil Nadu,IN-TN
630411,630411,Devakottai,Tamil Nadu,IN-TN
630501,630502,Singampunari,Tamil Nadu,IN-TN
630551,630551,Kalaiyarkoil,Tamil Nadu,IN-TN
630552,630553,Sivagangai,Tamil Nadu,IN-TN
630554,630554,Mangalam,Tamil Nadu,IN-TN
630555,630555,Karaikudi,Tamil Nadu,IN-TN
630556,630556,Nattarasankottai,Tamil Nadu,IN-TN
630557,630562,Sivagangai,Tamil Nadu,IN-TN
630566,630566,Singampunari,Tamil Nadu,IN-TN
630602,630609,Manamadurai,Tamil Nadu,IN-TN
630610,630612,Tiruppuvanam,Tamil Nadu,IN-TN
630702,630713,Ilayangudi,Tamil Nadu,IN-TN
631001,631006,Arakkonam,Tamil Nadu,IN-TN
631051,631051,Nemili,Tamil Nadu,IN-TN
631052,631052,Panapakkam,Tamil Nadu,IN-TN
631101,631101,Arakkonam,Tamil Nadu,IN-TN
631102,631102,Sholinghur,Tamil Nadu,IN-TN
631151,631151,Thakkolam,Tamil Nadu,IN-TN
631152,631152,Arakkonam,Tamil Nadu,IN-TN
631201,631201,Tiruttani,Tamil Nadu,IN-TN
631202,631202,Pallipattu,Tamil Nadu,IN-TN
631203,631203,Tiruvallur,Tamil Nadu,IN-TN
631204,631206,Tiruttani,Tamil Nadu,IN-TN
631207,631208,Pallipattu,Tamil Nadu,IN-TN
631209,631213,Tiruttani,Tamil Nadu,IN-TN
631301,631304,Pallipattu,Tamil Nadu,IN-TN
631402,631402,Tiruvallur,Tamil Nadu,IN-TN
631501,631501,Kancheepuram,Tamil Nadu,IN-TN
631502,631502,Kanchipuram,Tamil Nadu,IN-TN
631551,631552,Kancheepuram,Tamil Nadu,IN-TN
631553,631553,Sriperumbudur,Tamil Nadu,IN-TN
631561,631561,Kancheepuram,Tamil Nadu,IN-TN
631601,631601,Wallajahbad,Tamil Nadu,IN-TN
631603,631603,Uttiramerur,Tamil Nadu,IN-TN
631604,631606,Wallajahbad,Tamil Nadu,IN-TN
631701,631701,Cheyyar,Tamil Nadu,IN-TN
631702,631702,Vembakkam,Tamil Nadu,IN-TN
632001,632006,Vellore,Tamil Nadu,IN-TN
632007,632007,Katpadi,Tamil Nadu,IN-TN
632008,632014,Vellore,Tamil Nadu,IN-TN
632055,632055,Anaicut,Tamil Nadu,IN-TN
632057,632058,Vellore,Tamil Nadu,IN-TN
632059,632059,Pudur,Tamil Nadu,IN-TN
632101,632101,Anaicut,Tamil Nadu,IN-TN
632102,632102,Jamunamarathoor,Tamil Nadu,IN-TN
632103,632103,Odugattur,Tamil Nadu,IN-TN
632104,632105,Anaicut,Tamil Nadu,IN-TN
632106,632106,Katpadi,Tamil Nadu,IN-TN
632107,632107,Ambur,Tamil Nadu,IN-TN
632113,632113,Vellore,Tamil Nadu,IN-TN
632114,632114,Anaicut,Tamil Nadu,IN-TN
632115,632204,Katpadi,Tamil Nadu,IN-TN
632209,632209,Gudiyatham,Tamil Nadu,IN-TN
632301,632301,Arni,Tamil Nadu,IN-TN
632311,632311,Polur,Tamil Nadu,IN-TN
632312,632312,Vellore,Tamil Nadu,IN-TN
632313,632313,Chetpet,Tamil Nadu,IN-TN
632314,632317,Arni,Tamil Nadu,IN-TN
632318,632318,Arcot,Tamil Nadu,IN-TN
632319,632319,Vellore,Tamil Nadu,IN-TN
632326,632326,Arni,Tamil Nadu,IN-TN
632401,632401,Ranipet,Tamil Nadu,IN-TN
632403,632406,Wallajah,Tamil Nadu,IN-TN
632501,632501,Ammoor,Tamil Nadu,IN-TN
632502,632502,Nemili,Tamil Nadu,IN-TN
632503,632504,Arcot,Tamil Nadu,IN-TN
632505,632505,Nemili,Tamil Nadu,IN-TN
632506,632506,Kalavai,Tamil Nadu,IN-TN
632507,632507,Arcot,Tamil Nadu,IN-TN
632508,632508,Kaveripakkam,Tamil Nadu,IN-TN
632509,632509,Melvisharam,Tamil Nadu,IN-TN
632510,632510,Arakkonam,Tamil Nadu,IN-TN
632511,632511,Arcot,Tamil Nadu,IN-TN
632512,632512,Thimiri,Tamil Nadu,IN-TN
632513,632513,Walajapet,Tamil Nadu,IN-TN
632514,632516,Katpadi,Tamil Nadu,IN-TN
632517,632517,Wallajah,Tamil Nadu,IN-TN
632518,632518,Arcot,Tamil Nadu,IN-TN
632519,632520,Katpadi,Tamil Nadu,IN-TN
632521,632521,Vilapakkam,Tamil Nadu,IN-TN
632531,632531,Nemili,Tamil Nadu,IN-TN
632601,632604,Gudiyatham,Tamil Nadu,IN-TN
635001,635101,Krishnagiri,Tamil Nadu,IN-TN
635102,635102,Denkanikota,Tamil Nadu,IN-TN
635103,635103,Hosur,Tamil Nadu,IN-TN
635104,635104,Bargur,Tamil Nadu,IN-TN
635105,635105,Shoolagiri,Tamil Nadu,IN-TN
635106,635106,Karimangalam,Tamil Nadu,IN-TN
635107,635107,Denkanikota,Tamil Nadu,IN-TN
635108,635108,Bargur,Tamil Nadu,IN-TN
635109,635110,Hosur,Tamil Nadu,IN-TN
635111,635111,Karimangalam,Tamil Nadu,IN-TN
635112,635112,Kaveripatnam,Tamil Nadu,IN-TN
635113,635113,Kelamangalam,Tamil Nadu,IN-TN
635114,635114,Denkanikota,Tamil Nadu,IN-TN
635115,635115,Krishnagiri,Tamil Nadu,IN-TN
635116,635116,Denkanikota,Tamil Nadu,IN-TN
635117,635117,Shoolagiri,Tamil Nadu,IN-TN
635118,635118,Denkanikota,Tamil Nadu,IN-TN
635119,635119,Shoolagiri,Tamil Nadu,IN-TN
635120,635120,Bargur,Tamil Nadu,IN-TN
635121,635122,Krishnagiri,Tamil Nadu,IN-TN
635123,635123,Pochampalli,Tamil Nadu,IN-TN
635124,635130,Hosur,Tamil Nadu,IN-TN
635201,635201,Pochampalli,Tamil Nadu,IN-TN
635202,635202,Karimangalam,Tamil Nadu,IN-TN
635203,635203,Bargur,Tamil Nadu,IN-TN
635204,635204,Pochampalli,Tamil Nadu,IN-TN
635205,635205,Karimangalam,Tamil Nadu,IN-TN
635206,635206,Pochampalli,Tamil Nadu,IN-TN
635207,635207,Uthangarai,Tamil Nadu,IN-TN
635301,635301,Mallapuram,Tamil Nadu,IN-TN
635302,635303,Papireddippatti,Tamil Nadu,IN-TN
635304,635304,Uthangarai,Tamil Nadu,IN-TN
635305,635305,Harur,Tamil Nadu,IN-TN
635306,635307,Uthangarai,Tamil Nadu,IN-TN
635601,635602,Tirupathur,Tamil Nadu,IN-TN
635651,635651,Natrampalli,Tamil Nadu,IN-TN
635652,635655,Tirupathur,Tamil Nadu,IN-TN
635701,635701,Alangayam,Tamil Nadu,IN-TN
635702,635702,Vaniyambadi,Tamil Nadu,IN-TN
635703,635703,Jamunamarathoor,Tamil Nadu,IN-TN
635710,635801,Vaniyambadi,Tamil Nadu,IN-TN
635802,635802,Ambur,Tamil Nadu,IN-TN
635803,635803,Gudiyatham,Tamil Nadu,IN-TN
635804,635804,Ambur,Tamil Nadu,IN-TN
635805,635806,Pernambut,Tamil Nadu,IN-TN
635807,635808,Ambur,Tamil Nadu,IN-TN
635809,635809,Pallikondai,Tamil Nadu,IN-TN
635810,635810,Pernambut,Tamil Nadu,IN-TN
635811,635812,Ambur,Tamil Nadu,IN-TN
635813,635813,Pernambut,Tamil Nadu,IN-TN
635814,635814,Ambur,Tamil Nadu,IN-TN
635815,635815,Natrampalli,Tamil Nadu,IN-TN
635851,635851,Jolarpet,Tamil Nadu,IN-TN
635852,635852,Natrampalli,Tamil Nadu,IN-TN
635853,635853,Jalarpet,Tamil Nadu,IN-TN
635854,635854,Natrampalli,Tamil Nadu,IN-TN
635901,635901,Tirupathur,Tamil Nadu,IN-TN
636001,636010,Salem,Tamil Nadu,IN-TN
636011,636012,Omalur,Tamil Nadu,IN-TN
636013,636030,Salem,Tamil Nadu,IN-TN
636101,636102,Attur,Tamil Nadu,IN-TN
636103,636103,Vazhapadi,Tamil Nadu,IN-TN
636104,636104,Belur,Tamil Nadu,IN-TN
636105,636105,Gangavalli,Tamil Nadu,IN-TN
636106,636106,Vazhapadi,Tamil Nadu,IN-TN
636107,636108,Attur,Tamil Nadu,IN-TN
636109,636109,Pethanaickanpalayam,Tamil Nadu,IN-TN
636110,636110,Gangavalli,Tamil Nadu,IN-TN
636111,636111,Vazhapadi,Tamil Nadu,IN-TN
636112,636112,Attur,Tamil Nadu,IN-TN
636113,636113,Gangavalli,Tamil Nadu,IN-TN
636114,636114,Pethanaickanpalayam,Tamil Nadu,IN-TN
636115,636115,Vazhapadi,Tamil Nadu,IN-TN
636116,636116,Viraganur,Tamil Nadu,IN-TN
636117,636117,Pethanaickanpalayam,Tamil Nadu,IN-TN
636118,636118,Rasipuram,Tamil Nadu,IN-TN
636119,636119,Pethanaickanpalayam,Tamil Nadu,IN-TN
636121,636121,Attur,Tamil Nadu,IN-TN
636122,636122,Salem,Tamil Nadu,IN-TN
636138,636138,Pethanaickanpalayam,Tamil Nadu,IN-TN
636139,636139,Vazhapadi,Tamil Nadu,IN-TN
636140,636140,Salem,Tamil Nadu,IN-TN
636141,636141,Attur,Tamil Nadu,IN-TN
636142,636142,Kolli Hills,Tamil Nadu,IN-TN
636201,636201,Salem,Tamil Nadu,IN-TN
636202,636202,Rasipuram,Tamil Nadu,IN-TN
636203,636203,Mallur,Tamil Nadu,IN-TN
636204,636204,Salem,Tamil Nadu,IN-TN
636301,636301,Rasipuram,Tamil Nadu,IN-TN
636302,636302,Salem,Tamil Nadu,IN-TN
636303,636303,Mettur,Tamil Nadu,IN-TN
636304,636304,Omalur,Tamil Nadu,IN-TN
636305,636305,Kadayampatti,Tamil Nadu,IN-TN
636306,636306,Omalur,Tamil Nadu,IN-TN
636307,636308,Salem,Tamil Nadu,IN-TN
636309,636309,Omalur,Tamil Nadu,IN-TN
636351,636351,Kadayampatti,Tamil Nadu,IN-TN
636352,636352,Nallampalli,Tamil Nadu,IN-TN
636354,636354,Kadayampatti,Tamil Nadu,IN-TN
636401,636453,Mettur,Tamil Nadu,IN-TN
636454,636454,Nangavalli,Tamil Nadu,IN-TN
636455,636455,Omalur,Tamil Nadu,IN-TN
636456,636458,Mettur,Tamil Nadu,IN-TN
636501,636501,Jalakandapuram,Tamil Nadu,IN-TN
636502,636502,Taramangalam,Tamil Nadu,IN-TN
636503,636503,Omalur,Tamil Nadu,IN-TN
636601,636602,Yercaud,Tamil Nadu,IN-TN
636701,636704,Dharmapuri,Tamil Nadu,IN-TN
636705,636803,Nallampalli,Tamil Nadu,IN-TN
636804,636804,Dharmapuri,Tamil Nadu,IN-TN
636805,636805,Karimangalam,Tamil Nadu,IN-TN
636806,636806,Marandahalli,Tamil Nadu,IN-TN
636807,636807,Nallampalli,Tamil Nadu,IN-TN
636808,636808,Palakkodu,Tamil Nadu,IN-TN
636809,636809,Papparappatti,Tamil Nadu,IN-TN
636810,636811,Pennagaram,Tamil Nadu,IN-TN
636812,636812,Palakkodu,Tamil Nadu,IN-TN
636813,636813,Nallampalli,Tamil Nadu,IN-TN
636902,636903,Harur,Tamil Nadu,IN-TN
636904,636905,Papireddippatti,Tamil Nadu,IN-TN
636906,636906,Harur,Tamil Nadu,IN-TN
637001,637003,Namakkal,Tamil Nadu,IN-TN
637013,637013,Erumaippatti,Tamil Nadu,IN-TN
637014,637014,Namakkal,Tamil Nadu,IN-TN
637015,637017,Mohanur,Tamil Nadu,IN-TN
637018,637019,Namakkal,Tamil Nadu,IN-TN
637020,637020,Mohanur,Tamil Nadu,IN-TN
637021,637021,Sendamangalam,Tamil Nadu,IN-TN
637101,637101,Idappadi,Tamil Nadu,IN-TN
637102,637102,Konganapuram,Tamil Nadu,IN-TN
637103,637104,Sankari,Tamil Nadu,IN-TN
637105,637107,Idappadi,Tamil Nadu,IN-TN
637201,637202,Tiruchengode,Tamil Nadu,IN-TN
637203,637204,Paramathi-Velur,Tamil Nadu,IN-TN
637205,637205,Tiruchengode,Tamil Nadu,IN-TN
637206,637208,Paramathi-Velur,Tamil Nadu,IN-TN
637209,637212,Tiruchengode,Tamil Nadu,IN-TN
637213,637213,Paramathi-Velur,Tamil Nadu,IN-TN
637214,637215,Tiruchengode,Tamil Nadu,IN-TN
637301,637303,Sankari,Tamil Nadu,IN-TN
637304,637304,Komarapalayam,Tamil Nadu,IN-TN
637401,637401,Rasipuram,Tamil Nadu,IN-TN
637402,637402,Sendamangalam,Tamil Nadu,IN-TN
637403,637403,Rasipuram,Tamil Nadu,IN-TN
637404,637405,Sendamangalam,Tamil Nadu,IN-TN
637406,637406,Namagiripettai,Tamil Nadu,IN-TN
637407,637408,Rasipuram,Tamil Nadu,IN-TN
637409,637409,Sendamangalam,Tamil Nadu,IN-TN
637410,637410,Tiruchengode,Tamil Nadu,IN-TN
637411,637411,Kolli Hills,Tamil Nadu,IN-TN
637412,637412,Rasipuram,Tamil Nadu,IN-TN
637415,637415,Kolli Hills,Tamil Nadu,IN-TN
637501,637501,Attayyampatti,Tamil Nadu,IN-TN
637502,637502,Ilampillai,Tamil Nadu,IN-TN
637503,637503,Mallasamudram,Tamil Nadu,IN-TN
637504,637504,Salem,Tamil Nadu,IN-TN
637505,637505,Rasipuram,Tamil Nadu,IN-TN
638001,638005,Erode,Tamil Nadu,IN-TN
638006,638006,Pallipalayam,Tamil Nadu,IN-TN
638007,638007,Erode,Tamil Nadu,IN-TN
638008,638008,Pallipalayam,Tamil Nadu,IN-TN
638009,638009,Erode,Tamil Nadu,IN-TN
638010,638010,Komarapalayam,Tamil Nadu,IN-TN
638011,638012,Erode,Tamil Nadu,IN-TN
638051,638051,Chennimalai,Tamil Nadu,IN-TN
638052,638053,Perundurai,Tamil Nadu,IN-TN
638054,638054,Gobichettipalayam,Tamil Nadu,IN-TN
638055,638060,Perundurai,Tamil Nadu,IN-TN
638101,638101,Modakkurichi,Tamil Nadu,IN-TN
638102,638102,Erode,Tamil Nadu,IN-TN
638103,638103,Uthukuli,Tamil Nadu,IN-TN
638104,638104,Modakkurichi,Tamil Nadu,IN-TN
638105,638105,Kangeyam,Tamil Nadu,IN-TN
638106,638106,Mulanur,Tamil Nadu,IN-TN
638107,638107,Erode,Tamil Nadu,IN-TN
638108,638108,Kangeyam,Tamil Nadu,IN-TN
638109,638109,Sivagiri,Tamil Nadu,IN-TN
638110,638110,Nambiyur,Tamil Nadu,IN-TN
638111,638111,Vellakovil,Tamil Nadu,IN-TN
638112,638112,Perundurai,Tamil Nadu,IN-TN
638115,638115,Modakkurichi,Tamil Nadu,IN-TN
638116,638116,Perundurai,Tamil Nadu,IN-TN
638151,638152,Kodumudi,Tamil Nadu,IN-TN
638153,638153,Modakkurichi,Tamil Nadu,IN-TN
638154,638154,Kodumudi,Tamil Nadu,IN-TN
638181,638182,Velur,Tamil Nadu,IN-TN
638183,638183,Komarapalayam,Tamil Nadu,IN-TN
638301,638301,Bhavani,Tamil Nadu,IN-TN
638311,638311,Ammapettai,Tamil Nadu,IN-TN
638312,638312,Bhavani,Tamil Nadu,IN-TN
638313,638313,Gobichettipalayam,Tamil Nadu,IN-TN
638314,638314,Bhavani,Tamil Nadu,IN-TN
638315,638315,Anthiyur,Tamil Nadu,IN-TN
638316,638316,Erode,Tamil Nadu,IN-TN
638401,638402,Sathyamangalam,Tamil Nadu,IN-TN
638451,638451,Bhavanisagar,Tamil Nadu,IN-TN
638452,638454,Gobichettipalayam,Tamil Nadu,IN-TN
638455,638455,Bhavani,Tamil Nadu,IN-TN
638456,638456,Gobichettipalayam,Tamil Nadu,IN-TN
638457,638458,Nambiyur,Tamil Nadu,IN-TN
638459,638459,Punjaipuliampattir,Tamil Nadu,IN-TN
638460,638460,Nambiyur,Tamil Nadu,IN-TN
638461,638461,Thalavadi,Tamil Nadu,IN-TN
638462,638462,Nambiyur,Tamil Nadu,IN-TN
638476,638476,Gobichettipalayam,Tamil Nadu,IN-TN
638501,638502,Anthiyur,Tamil Nadu,IN-TN
638503,638503,Gobichettipalayam,Tamil Nadu,IN-TN
638504,638504,Anthiyur,Tamil Nadu,IN-TN
638505,638506,Gobichettipalayam,Tamil Nadu,IN-TN
638656,638657,Dharapuram,Tamil Nadu,IN-TN
638660,638660,Tiruppar,Tamil Nadu,IN-TN
638661,638673,Dharapuram,Tamil Nadu,IN-TN
638701,638701,Kangeyam,Tamil Nadu,IN-TN
638702,638702,Dharapuram,Tamil Nadu,IN-TN
638703,638703,Kangeyam,Tamil Nadu,IN-TN
638706,638706,Dharapuram,Tamil Nadu,IN-TN
638751,638752,Uttukkuli,Tamil Nadu,IN-TN
638812,638812,Uthukuli,Tamil Nadu,IN-TN
639001,639007,Karur,Tamil Nadu,IN-TN
639008,639008,Manmangalam,Tamil Nadu,IN-TN
639101,639101,Srirangam,Tamil Nadu,IN-TN
639102,639102,Krishnarayapuram,Tamil Nadu,IN-TN
639103,639103,Srirangam,Tamil Nadu,IN-TN
639104,639104,Kulittalai,Tamil Nadu,IN-TN
639105,639105,Krishnarayapuram,Tamil Nadu,IN-TN
639107,639107,Kulittalai,Tamil Nadu,IN-TN
639108,639108,Krishnarayapuram,Tamil Nadu,IN-TN
639109,639109,Aravakurichi,Tamil Nadu,IN-TN
639110,639110,Kulittalai,Tamil Nadu,IN-TN
639111,639111,Aravakurichi,Tamil Nadu,IN-TN
639112,639112,Kulittalai,Tamil Nadu,IN-TN
639113,639113,Manmangalam,Tamil Nadu,IN-TN
639114,639114,Karur,Tamil Nadu,IN-TN
639115,639115,Srirangam,Tamil Nadu,IN-TN
639116,639117,Manmangalam,Tamil Nadu,IN-TN
639118,639118,Karur,Tamil Nadu,IN-TN
639119,639119,Krishnarayapuram,Tamil Nadu,IN-TN
639120,639120,Kulittalai,Tamil Nadu,IN-TN
639136,639203,Aravakurichi,Tamil Nadu,IN-TN
639205,639205,Pallappatti,Tamil Nadu,IN-TN
639206,639206,Aravakurichi,Tamil Nadu,IN-TN
639207,639207,Pallappatti,Tamil Nadu,IN-TN
641001,641004,Coimbatore,Tamil Nadu,IN-TN
641005,641005,Singanallur,Tamil Nadu,IN-TN
641006,641009,Coimbatore,Tamil Nadu,IN-TN
641010,641010,Perur,Tamil Nadu,IN-TN
641011,641019,Coimbatore,Tamil Nadu,IN-TN
641020,641020,Periyanayakkanpalaiyam,Tamil Nadu,IN-TN
641021,641031,Coimbatore,Tamil Nadu,IN-TN
641032,641032,Madukkarai,Tamil Nadu,IN-TN
641033,641046,Coimbatore,Tamil Nadu,IN-TN
641047,641047,Periyanayakkanpalaiyam,Tamil Nadu,IN-TN
641048,641049,Coimbatore,Tamil Nadu,IN-TN
641050,641050,Madukkarai,Tamil Nadu,IN-TN
641062,641101,Coimbatore,Tamil Nadu,IN-TN
641103,641103,Irugur,Tamil Nadu,IN-TN
641104,641104,Karamadai,Tamil Nadu,IN-TN
641105,641105,Madukkarai,Tamil Nadu,IN-TN
641107,641107,Annur,Tamil Nadu,IN-TN
641108,641109,Coimbatore,Tamil Nadu,IN-TN
641110,641110,Annur,Tamil Nadu,IN-TN
641111,641112,Madukkarai,Tamil Nadu,IN-TN
641113,641113,Mettupalayam,Tamil Nadu,IN-TN
641114,641114,Coimbatore,Tamil Nadu,IN-TN
641201,641201,Chettipalaiyam,Tamil Nadu,IN-TN
641202,641202,Kinathukadavu,Tamil Nadu,IN-TN
641301,641301,Mettupalayam,Tamil Nadu,IN-TN
641302,641302,Sirumugai,Tamil Nadu,IN-TN
641305,641305,Mettupalayam,Tamil Nadu,IN-TN
641401,641407,Sulur,Tamil Nadu,IN-TN
641601,641602,Tiruppur,Tamil Nadu,IN-TN
641603,641603,TiruppurNorth,Tamil Nadu,IN-TN
641604,641604,Tiruppur,Tamil Nadu,IN-TN
641605,641606,Tiruppar,Tamil Nadu,IN-TN
641607,641607,Tiruppur,Tamil Nadu,IN-TN
641652,641652,TiruppurNorth,Tamil Nadu,IN-TN
641653,641653,Annur,Tamil Nadu,IN-TN
641654,641655,Avinashi,Tamil Nadu,IN-TN
641658,641658,Palladam,Tamil Nadu,IN-TN
641659,641659,Karumathampattii,Tamil Nadu,IN-TN
641662,641662,Palladam,Tamil Nadu,IN-TN
641663,641663,Tiruppar,Tamil Nadu,IN-TN
641664,641664,Palladam,Tamil Nadu,IN-TN
641665,641665,Tiruppar,Tamil Nadu,IN-TN
641666,641666,Avinashi,Tamil Nadu,IN-TN
641667,641667,Palladam,Tamil Nadu,IN-TN
641668,641668,Karumathampattii,Tamil Nadu,IN-TN
641669,641669,Sulur,Tamil Nadu,IN-TN
641670,641670,Avinashi,Tamil Nadu,IN-TN
641671,641671,Sulur,Tamil Nadu,IN-TN
641687,641687,Tiruppar,Tamil Nadu,IN-TN
641697,641697,Annur,Tamil Nadu,IN-TN
642001,642006,Pollachi,Tamil Nadu,IN-TN
642007,642007,Anamalais,Tamil Nadu,IN-TN
642101,642101,Valparai,Tamil Nadu,IN-TN
642102,642102,Udumalaippettai,Tamil Nadu,IN-TN
642103,642104,Anamalais,Tamil Nadu,IN-TN
642105,642106,Valparai,Tamil Nadu,IN-TN
642107,642107,Pollachi,Tamil Nadu,IN-TN
642108,642108,Valparai,Tamil Nadu,IN-TN
642109,642110,Kinathukadavu,Tamil Nadu,IN-TN
642111,642111,Madathukulam,Tamil Nadu,IN-TN
642112,642112,Udumalaippettai,Tamil Nadu,IN-TN
642113,642113,Madathukulam,Tamil Nadu,IN-TN
642114,642114,Anamalais,Tamil Nadu,IN-TN
642117,642117,Valparai,Tamil Nadu,IN-TN
642120,642120,Periyanegamam,Tamil Nadu,IN-TN
642122,642122,Udumalaippettai,Tamil Nadu,IN-TN
642123,642123,Anamalais,Tamil Nadu,IN-TN
642125,642125,Valparai,Tamil Nadu,IN-TN
642126,642126,Udumalpet,Tamil Nadu,IN-TN
642127,642127,Valparai,Tamil Nadu,IN-TN
642128,642128,Udumalpet,Tamil Nadu,IN-TN
642129,642129,Vettaikkaranpudur,Tamil Nadu,IN-TN
642130,642130,Valparai,Tamil Nadu,IN-TN
642132,642132,Udumalaippettai,Tamil Nadu,IN-TN
642133,642133,Valparai,Tamil Nadu,IN-TN
642134,642134,Anamalais,Tamil Nadu,IN-TN
642154,642202,Udumalaippettai,Tamil Nadu,IN-TN
642203,642203,Madathukulam,Tamil Nadu,IN-TN
642204,642204,Kumaralingam,Tamil Nadu,IN-TN
642205,642205,Udumalaippettai,Tamil Nadu,IN-TN
642206,642206,Dharapuram,Tamil Nadu,IN-TN
642207,642207,Udumalaippettai,Tamil Nadu,IN-TN
643001,643002,Ooty,Tamil Nadu,IN-TN
643003,643003,Coonoor,Tamil Nadu,IN-TN
643004,643007,Ooty,Tamil Nadu,IN-TN
643101,643105,Coonoor,Tamil Nadu,IN-TN
643201,643201,Kotagiri,Tamil Nadu,IN-TN
643202,643202,Aruvankad,Tamil Nadu,IN-TN
643203,643204,Kundah,Tamil Nadu,IN-TN
643205,643205,Panthalur,Tamil Nadu,IN-TN
643206,643206,Ooty,Tamil Nadu,IN-TN
643207,643207,Gudalur N,Tamil Nadu,IN-TN
643209,643209,Kundah,Tamil Nadu,IN-TN
643211,643212,Gudalur N,Tamil Nadu,IN-TN
643213,643213,Coonoor,Tamil Nadu,IN-TN
643214,643214,Ooty,Tamil Nadu,IN-TN
643215,643215,Coonoor,Tamil Nadu,IN-TN
643216,643217,Kotagiri,Tamil Nadu,IN-TN
643218,643218,Coonoor,Tamil Nadu,IN-TN
643219,643219,Kundah,Tamil Nadu,IN-TN
643220,643220,Panthalur,Tamil Nadu,IN-TN
643221,643221,Coonoor,Tamil Nadu,IN-TN
643223,643223,Masinigudi,Tamil Nadu,IN-TN
643224,643224,Naduvattam,Tamil Nadu,IN-TN
643225,643225,Panthalur,Tamil Nadu,IN-TN
643226,643226,Gudalur N,Tamil Nadu,IN-TN
643231,643231,Wellington,Tamil Nadu,IN-TN
643233,643233,Nelliyalam,Tamil Nadu,IN-TN
643236,643236,Kotagiri,Tamil Nadu,IN-TN
643237,643237,Ooty,Tamil Nadu,IN-TN
643238,643238,Coonoor,Tamil Nadu,IN-TN
643239,643239,Panthalur,Tamil Nadu,IN-TN
643240,643240,Gudalur N,Tamil Nadu,IN-TN
643241,643241,Nelliyalam,Tamil Nadu,IN-TN
643242,643242,Mettupalayam,Tamil Nadu,IN-TN
643243,643243,Coonoor,Tamil Nadu,IN-TN
643253,643253,Panthalur,Tamil Nadu,IN-TN
643270,643270,Nelliyalam,Tamil Nadu,IN-TN
670001,670051,Kannur,Kerala,IN-KL
670101,670105,Thalassery,Kerala,IN-KL
670106,670106,Dharmadam,Kerala,IN-KL
670107,670107,Thalassery,Kerala,IN-KL
670141,670143,Taliparamba,Kerala,IN-KL
670301,670302,Kannur,Kerala,IN-KL
670303,670310,Payyannur,Kerala,IN-KL
670325,670325,Kannur,Kerala,IN-KL
670327,670327,Payyannur,Kerala,IN-KL
670331,670331,Pappinissheri,Kerala,IN-KL
670334,670501,Payyannur,Kerala,IN-KL
670502,670502,Taliparamba,Kerala,IN-KL
670503,670521,Payyannur,Kerala,IN-KL
670561,670561,Pappinissheri,Kerala,IN-KL
670562,670562,Taliparamba,Kerala,IN-KL
670563,670567,Andoor,Kerala,IN-KL
670571,670582,Taliparamba,Kerala,IN-KL
670591,670591,Kannur,Kerala,IN-KL
670592,670592,Taliparamba,Kerala,IN-KL
670593,670593,Iritty,Kerala,IN-KL
670594,670594,Kannur,Kerala,IN-KL
670595,670595,Thalassery,Kerala,IN-KL
670601,670602,Taliparamba,Kerala,IN-KL
670604,670611,Kannur,Kerala,IN-KL
670612,670612,Thalassery,Kerala,IN-KL
670613,670622,Kannur,Kerala,IN-KL
670631,670631,Sreekandapuram,Kerala,IN-KL
670632,670633,Taliparamba,Kerala,IN-KL
670641,670642,Thalassery,Kerala,IN-KL
670643,670643,Koothuparamba,Kerala,IN-KL
670644,670646,Manathavady,Kerala,IN-KL
670649,670650,Thalassery,Kerala,IN-KL
670651,670651,Iritty,Kerala,IN-KL
670661,670661,Thalassery,Kerala,IN-KL
670662,670662,Muluppilagadu,Kerala,IN-KL
670663,670663,Kannur,Kerala,IN-KL
670671,670672,Thalassery,Kerala,IN-KL
670673,670674,Iritty,Kerala,IN-KL
670675,670701,Thalassery,Kerala,IN-KL
670702,670702,Mattannur,Kerala,IN-KL
670703,670706,Iritty,Kerala,IN-KL
670708,670708,Thalassery,Kerala,IN-KL
670721,670721,Panamaram,Kerala,IN-KL
670731,670731,Manathavady,Kerala,IN-KL
670741,670741,Thalassery,Kerala,IN-KL
671121,671124,Kasaragod,Kerala,IN-KL
671310,671313,Kanhangad,Kerala,IN-KL
671314,671314,Nileshwar,Kerala,IN-KL
671315,671316,Kanhangad,Kerala,IN-KL
671317,671317,Kasaragod,Kerala,IN-KL
671318,671320,Kanhangad,Kerala,IN-KL
671321,671322,Manjeswaram,Kerala,IN-KL
671323,671323,Manjeshvar,Kerala,IN-KL
671324,671324,Manjeswaram,Kerala,IN-KL
671326,671326,Vellarikkundu,Kerala,IN-KL
671348,671348,Manjeswaram,Kerala,IN-KL
671351,671531,Kanhangad,Kerala,IN-KL
671532,671534,Vellarikkundu,Kerala,IN-KL
671541,671551,Kasaragod,Kerala,IN-KL
671552,671552,Manjeswaram,Kerala,IN-KL
673001,673014,Kozhikode,Kerala,IN-KL
673015,673015,Beypore,Kerala,IN-KL
673016,673051,Kozhikode,Kerala,IN-KL
673101,673106,Vadakara,Kerala,IN-KL
673121,673124,Kalpetta,Kerala,IN-KL
673301,673303,Kozhikode,Kerala,IN-KL
673304,673307,Koyilandi,Kerala,IN-KL
673308,673308,Vadakara,Kerala,IN-KL
673309,673309,Azhiyur,Kerala,IN-KL
673310,673310,Mahe,Puducherry,IN-PY
673311,673313,Thalassery,Kerala,IN-KL
673314,673314,Tirurangadi,Kerala,IN-KL
673315,673315,Koyilandi,Kerala,IN-KL
673316,673316,Thalassery,Kerala,IN-KL
673317,673317,Kozhikode,Kerala,IN-KL
673323,673323,Koyilandi,Kerala,IN-KL
673328,673328,Kozhikode,Kerala,IN-KL
673501,673503,Vadakara,Kerala,IN-KL
673504,673504,Nadapuram,Kerala,IN-KL
673505,673517,Vadakara,Kerala,IN-KL
673521,673521,Iringal,Kerala,IN-KL
673522,673529,Koyilandi,Kerala,IN-KL
673541,673542,Vadakara,Kerala,IN-KL
673570,673570,Kozhikode,Kerala,IN-KL
673571,673571,Kunnamangalam,Kerala,IN-KL
673572,673572,Koduvally,Kerala,IN-KL
673573,673574,Thamarassery,Kerala,IN-KL
673575,673577,Kalpetta,Kerala,IN-KL
673579,673579,Sultan Bathery,Kerala,IN-KL
673580,673580,Koyilandi,Kerala,IN-KL
673581,673581,Kalpetta,Kerala,IN-KL
673582,673582,Mukkam,Kerala,IN-KL
673585,673586,Thamarassery,Kerala,IN-KL
673591,673596,Sultan Bathery,Kerala,IN-KL
673601,673602,Kozhikode,Kerala,IN-KL
673603,673604,Thamarassery,Kerala,IN-KL
673611,673611,Kozhikode,Kerala,IN-KL
673612,673612,Koyilandi,Kerala,IN-KL
673613,673613,Kozhikode,Kerala,IN-KL
673614,673614,Naduvannur,Kerala,IN-KL
673616,673616,Kozhikode,Kerala,IN-KL
673620,673620,Koyilandi,Kerala,IN-KL
673631,673631,Feroke,Kerala,IN-KL
673632,673638,Kondotty,Kerala,IN-KL
673639,673639,Manjeri,Kerala,IN-KL
673640,673647,Kondotty,Kerala,IN-KL
673655,673655,Kozhikode,Kerala,IN-KL
673661,673661,Mavoor,Kerala,IN-KL
676101,676109,Tirur,Kerala,IN-KL
676121,676123,Manjeri,Kerala,IN-KL
676301,676301,Tirur,Kerala,IN-KL
676302,676302,Tanur,Kerala,IN-KL
676303,676303,Parappananangadi,Kerala,IN-KL
676304,676306,Tirurangadi,Kerala,IN-KL
676307,676307,Tirur,Kerala,IN-KL
676309,676317,Tirurangadi,Kerala,IN-KL
676319,676319,Parappananangadi,Kerala,IN-KL
676320,676501,Tirurangadi,Kerala,IN-KL
676502,676502,Tirur,Kerala,IN-KL
676503,676503,Kottakkal,Kerala,IN-KL
676504,676505,Malappuram,Kerala,IN-KL
676506,676507,Perinthalmanna,Kerala,IN-KL
676508,676508,Tirurangadi,Kerala,IN-KL
676509,676509,Malappuram,Kerala,IN-KL
676510,676510,Tirur,Kerala,IN-KL
676517,676519,Malappuram,Kerala,IN-KL
676521,676522,Manjeri,Kerala,IN-KL
676523,676525,Nilambur,Kerala,IN-KL
676528,676528,Tirurangadi,Kerala,IN-KL
676541,676541,Manjeri,Kerala,IN-KL
676542,676542,Nilambur,Kerala,IN-KL
676551,676551,Tirur,Kerala,IN-KL
676552,676552,Valancherry,Kerala,IN-KL
676553,676562,Tirur,Kerala,IN-KL
678001,678051,Palakkad,Kerala,IN-KL
678101,678103,Chittur,Kerala,IN-KL
678104,678104,Chittur-Thathamangalam,Kerala,IN-KL
678501,678501,Chittur,Kerala,IN-KL
678502,678502,Alathur,Kerala,IN-KL
678503,678512,Chittur,Kerala,IN-KL
678531,678531,Palakkad,Kerala,IN-KL
678532,678534,Chittur,Kerala,IN-KL
678541,678546,Alathur,Kerala,IN-KL
678551,678552,Palakkad,Kerala,IN-KL
678553,678557,Chittur,Kerala,IN-KL
678571,678574,Alathur,Kerala,IN-KL
678581,678591,Mannarkkad,Kerala,IN-KL
678592,678592,Palakkad,Kerala,IN-KL
678593,678593,Mannarkkad,Kerala,IN-KL
678594,678594,Palakkad,Kerala,IN-KL
678595,678601,Mannarkkad,Kerala,IN-KL
678611,678631,Palakkad,Kerala,IN-KL
678632,678633,Ottappalam,Kerala,IN-KL
678641,678651,Palakkad,Kerala,IN-KL
678661,678661,Chittur,Kerala,IN-KL
678671,678687,Alathur,Kerala,IN-KL
678688,678688,Chittur,Kerala,IN-KL
678701,678701,Palakkad,Kerala,IN-KL
678702,678722,Alathur,Kerala,IN-KL
678731,678732,Palakkad,Kerala,IN-KL
678762,678762,Mannarkkad,Kerala,IN-KL
679101,679104,Ottappalam,Kerala,IN-KL
679105,679106,Talappilly,Kerala,IN-KL
679121,679121,Shoranur,Kerala,IN-KL
679122,679122,Ottappalam,Kerala,IN-KL
679123,679123,Shoranur,Kerala,IN-KL
679301,679302,Ottappalam,Kerala,IN-KL
679303,679313,Pattambi,Kerala,IN-KL
679321,679326,Perinthalmanna,Kerala,IN-KL
679327,679334,Nilambur,Kerala,IN-KL
679335,679335,Ottappalam,Kerala,IN-KL
679336,679337,Pattambi,Kerala,IN-KL
679338,679338,Perinthalmanna,Kerala,IN-KL
679339,679339,Nilambur,Kerala,IN-KL
679340,679357,Perinthalmanna,Kerala,IN-KL
679501,679502,Ottappalam,Kerala,IN-KL
679503,679503,Cherpulassery,Kerala,IN-KL
679504,679523,Ottappalam,Kerala,IN-KL
679531,679531,Shoranur,Kerala,IN-KL
679532,679532,Talappilly,Kerala,IN-KL
679533,679554,Pattambi,Kerala,IN-KL
679561,679564,Chavakkad,Kerala,IN-KL
679571,679572,Tirur,Kerala,IN-KL
679573,679591,Ponnani,Kerala,IN-KL
680001,680028,Thrissur,Kerala,IN-KL
680101,680101,Guruvayur,Kerala,IN-KL
680102,680102,Kunnamkulam,Kerala,IN-KL
680103,680104,Guruvayoor,Kerala,IN-KL
680121,680121,Irinjalakuda,Kerala,IN-KL
680122,680123,Kodungallur,Kerala,IN-KL
680125,680125,Irinjalakuda,Kerala,IN-KL
680301,680302,Kodungallur,Kerala,IN-KL
680303,680304,Irinjalakuda,Kerala,IN-KL
680305,680305,Kodungallur,Kerala,IN-KL
680306,680306,Thrissur,Kerala,IN-KL
680307,680307,Chalakudy,Kerala,IN-KL
680308,680309,Irinjalakuda,Kerala,IN-KL
680310,680310,Kodungallur,Kerala,IN-KL
680311,680311,Irinjalakuda,Kerala,IN-KL
680312,680317,Kodungallur,Kerala,IN-KL
680501,680504,Kunnamkulam,Kerala,IN-KL
680505,680505,Guruvayoor,Kerala,IN-KL
680506,680506,Guruvayur,Kerala,IN-KL
680507,680516,Chavakkad,Kerala,IN-KL
680517,680517,Kunnamkulam,Kerala,IN-KL
680518,680518,Chavakkad,Kerala,IN-KL
680519,680519,Kunnamkulam,Kerala,IN-KL
680520,680520,Guruvayoor,Kerala,IN-KL
680521,680521,Kunnamkulam,Kerala,IN-KL
680522,680522,Guruvayoor,Kerala,IN-KL
680523,680523,Kunnamkulam,Kerala,IN-KL
680524,680524,Chetwayi,Kerala,IN-KL
680541,680541,Thrissur,Kerala,IN-KL
680542,680544,Kunnamkulam,Kerala,IN-KL
680545,680551,Thrissur,Kerala,IN-KL
680552,680552,Chavakkad,Kerala,IN-KL
680553,680565,Thrissur,Kerala,IN-KL
680566,680569,Chavakkad,Kerala,IN-KL
680570,680581,Thrissur,Kerala,IN-KL
680582,680582,Wadakkancheri,Kerala,IN-KL
680583,680583,Talappilly,Kerala,IN-KL
680584,680584,Kunnamkulam,Kerala,IN-KL
680585,680585,Talappilly,Kerala,IN-KL
680586,680586,Chelakara,Kerala,IN-KL
680587,680589,Talappilly,Kerala,IN-KL
680590,680590,Wadakkancheri,Kerala,IN-KL
680591,680594,Talappilly,Kerala,IN-KL
680596,680596,Wadakkancheri,Kerala,IN-KL
680601,680604,Kunnamkulam,Kerala,IN-KL
680611,680613,Thrissur,Kerala,IN-KL
680614,680615,Chavakkad,Kerala,IN-KL
680616,680616,Chetwayi,Kerala,IN-KL
680617,680618,Thrissur,Kerala,IN-KL
680619,680619,Chavakkad,Kerala,IN-KL
680620,680620,Thrissur,Kerala,IN-KL
680623,680623,Wadakkancheri,Kerala,IN-KL
680631,680656,Thrissur,Kerala,IN-KL
680661,680661,Irinjalakuda,Kerala,IN-KL
680662,680666,Kodungallur,Kerala,IN-KL
680667,680667,Paravur,Kerala,IN-KL
680668,680682,Kodungallur,Kerala,IN-KL
680683,680684,Irinjalakuda,Kerala,IN-KL
680685,680688,Kodungallur,Kerala,IN-KL
680689,680689,Chalakudy,Kerala,IN-KL
680691,680691,Kodungallur,Kerala,IN-KL
680697,680699,Irinjalakuda,Kerala,IN-KL
680701,680703,Kodungallur,Kerala,IN-KL
680711,680721,Irinjalakuda,Kerala,IN-KL
680722,680722,Chalakudy,Kerala,IN-KL
680724,680732,Irinjalakuda,Kerala,IN-KL
680733,680733,Kodungallur,Kerala,IN-KL
680734,680741,Irinjalakuda,Kerala,IN-KL
680751,680751,Thrissur,Kerala,IN-KL
682001,682009,Kochi,Kerala,IN-KL
682010,682010,Kumbalam,Kerala,IN-KL
682011,682020,Kochi,Kerala,IN-KL
682021,682021,Thrikkakara,Kerala,IN-KL
682022,682022,Kalamassery,Kerala,IN-KL
682023,682029,Kochi,Kerala,IN-KL
682030,682030,Thrikkakara,Kerala,IN-KL
682031,682032,Kochi,Kerala,IN-KL
682033,682033,Kalamassery,Kerala,IN-KL
682034,682034,Elur,Kerala,IN-KL
682035,682036,Kochi,Kerala,IN-KL
682037,682037,Thrikkakara,Kerala,IN-KL
682038,682038,Kochi,Kerala,IN-KL
682039,682039,Thrikkakara,Kerala,IN-KL
682040,682040,Maradu,Kerala,IN-KL
682041,682041,Kochi,Kerala,IN-KL
682042,682042,Thrikkakara,Kerala,IN-KL
682050,682051,Kochi,Kerala,IN-KL
682052,682052,Thrikkakara,Kerala,IN-KL
682301,682301,Thrippunithura,Kerala,IN-KL
682302,682303,Perumbavoor,Kerala,IN-KL
682304,682304,Maradu,Kerala,IN-KL
682305,682306,Thrippunithura,Kerala,IN-KL
682307,682307,Kochi,Kerala,IN-KL
682308,682308,Perumbavoor,Kerala,IN-KL
682309,682309,Thrippunithura,Kerala,IN-KL
682310,682312,Perumbavoor,Kerala,IN-KL
682313,682315,Kochi,Kerala,IN-KL
682316,682316,Muvattupuzha,Kerala,IN-KL
682317,682505,Kochi,Kerala,IN-KL
682506,682506,Kumbalam,Kerala,IN-KL
682507,682511,Kochi,Kerala,IN-KL
682551,682551,Andrott,Lakshadweep,IN-LD
682552,682552,Amini,Lakshadweep,IN-LD
682553,682553,Agatti,Lakshadweep,IN-LD
682554,682554,Chetlat,Lakshadweep,IN-LD
682555,682555,Kavaratti,Lakshadweep,IN-LD
682556,682556,Kadmat,Lakshadweep,IN-LD
682557,682557,Kalpeni,Lakshadweep,IN-LD
682558,682558,Kiltan,Lakshadweep,IN-LD
682559,682559,Minicoy,Lakshadweep,IN-LD
683101,683102,Aluva,Kerala,IN-KL
683104,683104,Kalamassery,Kerala,IN-KL
683105,683108,Aluva,Kerala,IN-KL
683110,683110,Paravur,Kerala,IN-KL
683111,683112,Aluva,Kerala,IN-KL
683501,683501,Eloor,Kerala,IN-KL
683502,683502,Paravur,Kerala,IN-KL
683503,683503,Kalamassery,Kerala,IN-KL
683511,683513,Paravur,Kerala,IN-KL
683514,683515,Kochi,Kerala,IN-KL
683516,683516,Paravur,Kerala,IN-KL
683517,683517,Elur,Kerala,IN-KL
683518,683522,Paravur,Kerala,IN-KL
683541,683562,Perumbavoor,Kerala,IN-KL
683563,683563,Aluva,Kerala,IN-KL
683565,683565,Perumbavoor,Kerala,IN-KL
683571,683571,Aluva,Kerala,IN-KL
683572,683573,Angamaly,Kerala,IN-KL
683574,683589,Aluva,Kerala,IN-KL
683594,683594,Paravur,Kerala,IN-KL
685501,685505,Peerumade,Kerala,IN-KL
685507,685507,Painavu,Kerala,IN-KL
685508,685508,Kattappana,Kerala,IN-KL
685509,685509,Peerumade,Kerala,IN-KL
685511,685511,Painavu,Kerala,IN-KL
685512,685514,Nedumkandam,Kerala,IN-KL
685515,685515,Kattappana,Kerala,IN-KL
685531,685535,Peerumade,Kerala,IN-KL
685551,685554,Nedumkandam,Kerala,IN-KL
685561,685562,Devikulam,Kerala,IN-KL
685563,685563,Painavu,Kerala,IN-KL
685565,685565,Devikulam,Kerala,IN-KL
685566,685566,Nedumkandam,Kerala,IN-KL
685571,685571,Painavu,Kerala,IN-KL
685581,685595,Thodupuzha,Kerala,IN-KL
685601,685601,Painavu,Kerala,IN-KL
685602,685602,Idukki,Kerala,IN-KL
685603,685604,Painavu,Kerala,IN-KL
685605,685605,Thodupuzha,Kerala,IN-KL
685606,685606,Painavu,Kerala,IN-KL
685607,685608,Thodupuzha,Kerala,IN-KL
685609,685609,Painavu,Kerala,IN-KL
685612,685612,Munnar,Kerala,IN-KL
685613,685618,Devikulam,Kerala,IN-KL
685619,685619,Nedumkandam,Kerala,IN-KL
685620,685620,Marayur,Kerala,IN-KL
686001,686020,Kottayam,Kerala,IN-KL
686021,686021,Changanassery,Kerala,IN-KL
686022,686041,Kottayam,Kerala,IN-KL
686101,686101,Changanacheri,Kerala,IN-KL
686102,686106,Changanassery,Kerala,IN-KL
686121,686122,Erattupetta,Kerala,IN-KL
686123,686123,Pala,Kerala,IN-KL
686141,686146,Vaikom,Kerala,IN-KL
686501,686503,Kottayam,Kerala,IN-KL
686504,686505,Changanassery,Kerala,IN-KL
686506,686509,Kanjirappally,Kerala,IN-KL
686510,686511,Ranni,Kerala,IN-KL
686512,686514,Kanjirappally,Kerala,IN-KL
686515,686515,Changanassery,Kerala,IN-KL
686516,686516,Kottayam,Kerala,IN-KL
686517,686517,Changanassery,Kerala,IN-KL
686518,686520,Kanjirappally,Kerala,IN-KL
686521,686521,Kottayam,Kerala,IN-KL
686522,686522,Kanjirappally,Kerala,IN-KL
686531,686531,Kottayam,Kerala,IN-KL
686532,686543,Changanassery,Kerala,IN-KL
686544,686544,Kanjirappally,Kerala,IN-KL
686545,686546,Changanassery,Kerala,IN-KL
686547,686547,Mallappally,Kerala,IN-KL
686548,686555,Changanassery,Kerala,IN-KL
686560,686564,Kottayam,Kerala,IN-KL
686571,686574,Pala,Kerala,IN-KL
686575,686575,Palai,Kerala,IN-KL
686576,686584,Pala,Kerala,IN-KL
686585,686585,Kottayam,Kerala,IN-KL
686586,686587,Pala,Kerala,IN-KL
686601,686602,Kottayam,Kerala,IN-KL
686603,686616,Vaikom,Kerala,IN-KL
686630,686631,Ettumanoor,Kerala,IN-KL
686632,686636,Pala,Kerala,IN-KL
686637,686637,Ettumanoor,Kerala,IN-KL
686651,686653,Pala,Kerala,IN-KL
686661,686662,Muvattupuzha,Kerala,IN-KL
686663,686663,Ramamangalam,Kerala,IN-KL
686664,686664,Piravam,Kerala,IN-KL
686665,686665,Muvattupuzha,Kerala,IN-KL
686666,686666,Kothamangalam,Kerala,IN-KL
686667,686668,Muvattupuzha,Kerala,IN-KL
686669,686669,Perumbavoor,Kerala,IN-KL
686670,686670,Muvattupuzha,Kerala,IN-KL
686671,686671,Kothamangalam,Kerala,IN-KL
686672,686673,Muvattupuzha,Kerala,IN-KL
686681,686693,Kothamangalam,Kerala,IN-KL
688001,688014,Alappuzha,Kerala,IN-KL
688501,688506,Mankombu,Kerala,IN-KL
688521,688521,Alappuzha,Kerala,IN-KL
688522,688522,Kalavoor,Kerala,IN-KL
688523,688525,Cherthala,Kerala,IN-KL
688526,688526,Kutiatodu,Kerala,IN-KL
688527,688533,Cherthala,Kerala,IN-KL
688534,688535,Aroor,Kerala,IN-KL
688536,688536,Vayalar,Kerala,IN-KL
688537,688537,Cherthala,Kerala,IN-KL
688538,688538,Kalavoor,Kerala,IN-KL
688539,688555,Cherthala,Kerala,IN-KL
688561,688561,Alappuzha,Kerala,IN-KL
688562,688562,Kunnumma,Kerala,IN-KL
688570,688570,Arukutti,Kerala,IN-KL
688582,688582,Cherthala,Kerala,IN-KL
689101,689101,Thiruvalla,Kerala,IN-KL
689102,689102,Tiruvalla,Kerala,IN-KL
689103,689103,Thiruvalla,Kerala,IN-KL
689104,689104,Tiruvalla,Kerala,IN-KL
689105,689105,Thiruvalla,Kerala,IN-KL
689106,689108,Tiruvalla,Kerala,IN-KL
689109,689109,Chengannur,Kerala,IN-KL
689110,689110,Tiruvalla,Kerala,IN-KL
689111,689111,Thiruvalla,Kerala,IN-KL
689112,689112,Tiruvalla,Kerala,IN-KL
689113,689115,Thiruvalla,Kerala,IN-KL
689121,689126,Chengannur,Kerala,IN-KL
689501,689501,Thiruvalla,Kerala,IN-KL
689502,689502,Adoor,Kerala,IN-KL
689503,689503,Kozhenchery,Kerala,IN-KL
689504,689506,Chengannur,Kerala,IN-KL
689507,689507,Kozhenchery,Kerala,IN-KL
689508,689511,Chengannur,Kerala,IN-KL
689512,689512,Mavelikkara,Kerala,IN-KL
689513,689513,Konni,Kerala,IN-KL
689514,689514,Kozhenchery,Kerala,IN-KL
689515,689515,Thiruvalla,Kerala,IN-KL
689520,689521,Chengannur,Kerala,IN-KL
689531,689531,Tiruvalla,Kerala,IN-KL
689532,689533,Kozhenchery,Kerala,IN-KL
689541,689542,Tiruvalla,Kerala,IN-KL
689543,689545,Mallappally,Kerala,IN-KL
689546,689551,Tiruvalla,Kerala,IN-KL
689571,689574,Mankombu,Kerala,IN-KL
689581,689582,Tiruvalla,Kerala,IN-KL
689583,689589,Mallappally,Kerala,IN-KL
689590,689590,Mankombu,Kerala,IN-KL
689591,689591,Tiruvalla,Kerala,IN-KL
689592,689594,Mallappally,Kerala,IN-KL
689595,689595,Mankombu,Kerala,IN-KL
689597,689602,Mallappally,Kerala,IN-KL
689611,689614,Ranni,Kerala,IN-KL
689615,689615,Mallappally,Kerala,IN-KL
689621,689621,Tiruvalla,Kerala,IN-KL
689622,689624,Chengannur,Kerala,IN-KL
689625,689625,Kozhenchery,Kerala,IN-KL
689626,689626,Tiruvalla,Kerala,IN-KL
689627,689627,Haripad,Kerala,IN-KL
689641,689644,Kozhenchery,Kerala,IN-KL
689645,689645,Pathanamthitta,Kerala,IN-KL
689646,689646,Konni,Kerala,IN-KL
689647,689647,Kozhenchery,Kerala,IN-KL
689648,689648,Konni,Kerala,IN-KL
689649,689649,Kozhenchery,Kerala,IN-KL
689650,689650,Ranni,Kerala,IN-KL
689652,689652,Kozhenchery,Kerala,IN-KL
689653,689653,Pathanamthitta,Kerala,IN-KL
689654,689654,Kozhenchery,Kerala,IN-KL
689656,689656,Konni,Kerala,IN-KL
689661,689662,Ranni,Kerala,IN-KL
689663,689667,Konni,Kerala,IN-KL
689668,689668,Kozhenchery,Kerala,IN-KL
689671,689671,Pathanamthitta,Kerala,IN-KL
689672,689677,Ranni,Kerala,IN-KL
689678,689694,Konni,Kerala,IN-KL
689695,689695,Pathanapuram,Kerala,IN-KL
689696,689696,Punalur,Kerala,IN-KL
689698,689699,Konni,Kerala,IN-KL
689711,689713,Ranni,Kerala,IN-KL
690101,690501,Mavelikkara,Kerala,IN-KL
690502,690502,Kayankulam,Kerala,IN-KL
690503,690503,Kattanam,Kerala,IN-KL
690504,690505,Mavelikkara,Kerala,IN-KL
690506,690508,Haripad,Kerala,IN-KL
690509,690509,Chengannur,Kerala,IN-KL
690510,690510,Mavelikkara,Kerala,IN-KL
690511,690517,Haripad,Kerala,IN-KL
690518,690518,Karunagapally,Kerala,IN-KL
690519,690522,Sasthamcotta,Kerala,IN-KL
690523,690526,Karunagapally,Kerala,IN-KL
690527,690527,Haripad,Kerala,IN-KL
690528,690528,Karunagapally,Kerala,IN-KL
690529,690530,Mavelikkara,Kerala,IN-KL
690531,690533,Haripad,Kerala,IN-KL
690534,690534,Mavelikkara,Kerala,IN-KL
690535,690535,Haripad,Kerala,IN-KL
690536,690536,Karunagapally,Kerala,IN-KL
690537,690537,Mavelikkara,Kerala,IN-KL
690538,690538,Sasthamcotta,Kerala,IN-KL
690539,690539,Karunagapally,Kerala,IN-KL
690540,690540,Sasthamcotta,Kerala,IN-KL
690542,690546,Karunagapally,Kerala,IN-KL
690547,690548,Haripad,Kerala,IN-KL
690558,690558,Mavelikkara,Kerala,IN-KL
690559,690559,Kayamkulam,Kerala,IN-KL
690561,690561,Sasthamcotta,Kerala,IN-KL
690571,690571,Mavelikkara,Kerala,IN-KL
690572,690572,Haripad,Kerala,IN-KL
690573,690574,Karunagapally,Kerala,IN-KL
691001,691021,Kollam,Kerala,IN-KL
691301,691302,Paravur Tekkumbhagam,Kerala,IN-KL
691303,691304,Kollam,Kerala,IN-KL
691305,691312,Punalur,Kerala,IN-KL
691319,691319,Paravur Tekkumbhagam,Kerala,IN-KL
691322,691331,Punalur,Kerala,IN-KL
691332,691332,Pathanapuram,Kerala,IN-KL
691333,691333,Punalur,Kerala,IN-KL
691334,691334,Kollam,Kerala,IN-KL
691500,691500,Sasthamcotta,Kerala,IN-KL
691501,691504,Kollam,Kerala,IN-KL
691505,691507,Kottarakkara,Kerala,IN-KL
691508,691508,Pathanapuram,Kerala,IN-KL
691509,691510,Kottarakkara,Kerala,IN-KL
691511,691511,Kollam,Kerala,IN-KL
691512,691512,Kottarakkara,Kerala,IN-KL
691515,691515,Kollam,Kerala,IN-KL
691516,691521,Kottarakkara,Kerala,IN-KL
691522,691522,Pathanapuram,Kerala,IN-KL
691523,691526,Adoor,Kerala,IN-KL
691527,691527,Kottarakkara,Kerala,IN-KL
691530,691530,Adoor,Kerala,IN-KL
691531,691543,Kottarakkara,Kerala,IN-KL
691551,691552,Adoor,Kerala,IN-KL
691553,691553,Sasthamcotta,Kerala,IN-KL
691554,691556,Adoor,Kerala,IN-KL
691557,691566,Kottarakkara,Kerala,IN-KL
691571,691581,Kollam,Kerala,IN-KL
691582,691582,Karunagapally,Kerala,IN-KL
691583,691583,Ponmana,Kerala,IN-KL
691584,691585,Karunagapally,Kerala,IN-KL
691589,691589,Kollam,Kerala,IN-KL
691590,691590,Karunagapally,Kerala,IN-KL
691601,691602,Kollam,Kerala,IN-KL
695001,695027,Thiruvananthapuram,Kerala,IN-KL
695028,695028,Nedumangad,Kerala,IN-KL
695029,695099,Thiruvananthapuram,Kerala,IN-KL
695101,695101,Attingal,Kerala,IN-KL
695102,695102,Varkala,Kerala,IN-KL
695103,695104,Attingal,Kerala,IN-KL
695121,695124,Neyyattinkara,Kerala,IN-KL
695125,695125,Kattakkada,Kerala,IN-KL
695126,695134,Neyyattinkara,Kerala,IN-KL
695141,695146,Varkala,Kerala,IN-KL
695301,695303,Thiruvananthapuram,Kerala,IN-KL
695304,695304,Attingal,Kerala,IN-KL
695305,695305,Thiruvananthapuram,Kerala,IN-KL
695306,695306,Kadakkavoor,Kerala,IN-KL
695307,695309,Attingal,Kerala,IN-KL
695310,695311,Varkala,Kerala,IN-KL
695312,695312,Vettur,Kerala,IN-KL
695313,695317,Thiruvananthapuram,Kerala,IN-KL
695318,695318,Varkala,Kerala,IN-KL
695501,695501,Thiruvananthapuram,Kerala,IN-KL
695502,695504,Neyyattinkara,Kerala,IN-KL
695505,695505,Kattakkada,Kerala,IN-KL
695506,695506,Neyyattinkara,Kerala,IN-KL
695507,695507,Kattakkada,Kerala,IN-KL
695508,695508,Neyyattinkara,Kerala,IN-KL
695512,695512,Kattakkada,Kerala,IN-KL
695513,695513,Neyyattinkara,Kerala,IN-KL
695521,695523,Thiruvananthapuram,Kerala,IN-KL
695524,695526,Neyyattinkara,Kerala,IN-KL
695527,695527,Thiruvananthapuram,Kerala,IN-KL
695528,695528,Neyyattinkara,Kerala,IN-KL
695541,695568,Nedumangad,Kerala,IN-KL
695570,695575,Kattakkada,Kerala,IN-KL
695581,695588,Thiruvananthapuram,Kerala,IN-KL
695589,695589,Nedumangad,Kerala,IN-KL
695601,695601,Attingal,Kerala,IN-KL
695602,695604,Varkala,Kerala,IN-KL
695605,695606,Attingal,Kerala,IN-KL
695607,695610,Nedumangad,Kerala,IN-KL
695611,695611,Varkala,Kerala,IN-KL
695612,695614,Attingal,Kerala,IN-KL
695615,695615,Nedumangad,Kerala,IN-KL
700001,700163,Kolkata,West Bengal,IN-WB
711101,711113,Howrah,West Bengal,IN-WB
711114,711115,Bally Jagachha,West Bengal,IN-WB
711201,711204,Bally,West Bengal,IN-WB
711205,711205,Bali,West Bengal,IN-WB
711206,711206,Bally Jagachha,West Bengal,IN-WB
711225,711226,Udaynarayanpur,West Bengal,IN-WB
711227,711227,Bally Jagachha,West Bengal,IN-WB
711301,711301,Shyampur,West Bengal,IN-WB
711302,711302,Masila,West Bengal,IN-WB
711303,711303,Bagnan,West Bengal,IN-WB
711304,711304,Sankrail,West Bengal,IN-WB
711305,711308,Uluberia,West Bengal,IN-WB
711309,711309,Sankrail,West Bengal,IN-WB
711310,711310,Fort Gloster,West Bengal,IN-WB
711312,711312,Bagnan,West Bengal,IN-WB
711313,711313,Sankrail,West Bengal,IN-WB
711314,711314,Shyampur,West Bengal,IN-WB
711315,711316,Uluberia,West Bengal,IN-WB
711317,711317,Sankrail,West Bengal,IN-WB
711322,711322,Panchla,West Bengal,IN-WB
711331,711331,Sankrail,West Bengal,IN-WB
711401,711401,Amta,West Bengal,IN-WB
711403,711403,Bankra,West Bengal,IN-WB
711404,711404,Jagatballavpur,West Bengal,IN-WB
711405,711405,Domjur,West Bengal,IN-WB
711408,711408,Jagatballavpur,West Bengal,IN-WB
711409,711409,Dumjor,West Bengal,IN-WB
711410,711410,Jagatballavpur,West Bengal,IN-WB
711411,711411,Domjur,West Bengal,IN-WB
711412,711412,Udaynarayanpur,West Bengal,IN-WB
711413,711413,Amta,West Bengal,IN-WB
711414,711414,Gobindapur,West Bengal,IN-WB
712101,712101,Hooghly-Chinsurah,West Bengal,IN-WB
712102,712102,Chandannagar,West Bengal,IN-WB
712103,712105,Hooghly-Chinsurah,West Bengal,IN-WB
712121,712121,Chinsurah - Magra,West Bengal,IN-WB
712122,712122,Goghat,West Bengal,IN-WB
712123,712123,Hugli,West Bengal,IN-WB
712124,712125,Bhadreswar,West Bengal,IN-WB
712134,712135,Pandua,West Bengal,IN-WB
712136,712137,Chandananagar,West Bengal,IN-WB
712138,712138,Singur,West Bengal,IN-WB
712139,712139,Bhadreswar,West Bengal,IN-WB
712146,712146,Kalna,West Bengal,IN-WB
712147,712147,Pandua,West Bengal,IN-WB
712148,712148,Chinsurah - Magra,West Bengal,IN-WB
712149,712152,Pandua,West Bengal,IN-WB
712201,712202,Serampore,West Bengal,IN-WB
712203,712203,Serampur Uttarpara,West Bengal,IN-WB
712204,712204,Baidyabati,West Bengal,IN-WB
712221,712221,Chandananagar,West Bengal,IN-WB
712222,712223,Baidyabati,West Bengal,IN-WB
712232,712233,Uttarpara-Kotrung,West Bengal,IN-WB
712234,712235,Konnagar,West Bengal,IN-WB
712245,712246,Serampur Uttarpara,West Bengal,IN-WB
712248,712248,Rishra,West Bengal,IN-WB
712249,712249,Serampore,West Bengal,IN-WB
712250,712250,Serampur Uttarpara,West Bengal,IN-WB
712258,712258,Uttarpara-Kotrung,West Bengal,IN-WB
712301,712303,Dhaniakhali,West Bengal,IN-WB
712304,712304,Chanditala,West Bengal,IN-WB
712305,712305,Polba - Dadpur,West Bengal,IN-WB
712306,712306,Begampur,West Bengal,IN-WB
712308,712308,Dhaniakhali,West Bengal,IN-WB
712310,712311,Chanditala,West Bengal,IN-WB
712401,712401,Tarakeswar,West Bengal,IN-WB
712402,712402,Dhaniakhali,West Bengal,IN-WB
712403,712403,Haripal,West Bengal,IN-WB
712404,712404,Jangipara,West Bengal,IN-WB
712405,712405,Haripal,West Bengal,IN-WB
712406,712406,Khanakul,West Bengal,IN-WB
712407,712407,Haripal,West Bengal,IN-WB
712408,712408,Jangipara,West Bengal,IN-WB
712409,712409,Singur,West Bengal,IN-WB
712410,712410,Tarakeswar,West Bengal,IN-WB
712412,712412,Khanakul,West Bengal,IN-WB
712413,712413,Arambagh,West Bengal,IN-WB
712414,712414,Pursura,West Bengal,IN-WB
712415,712415,Arambagh,West Bengal,IN-WB
712416,712417,Khanakul,West Bengal,IN-WB
712501,712501,Balagarh,West Bengal,IN-WB
712502,712503,Bansberia,West Bengal,IN-WB
712504,712504,Chinsurah - Magra,West Bengal,IN-WB
712512,712515,Balagarh,West Bengal,IN-WB
712601,712601,Arambagh,West Bengal,IN-WB
712602,712612,Goghat,West Bengal,IN-WB
712613,712613,Arambagh,West Bengal,IN-WB
712614,712614,Goghat,West Bengal,IN-WB
712615,712615,Arambagh,West Bengal,IN-WB
712616,712616,Goghat,West Bengal,IN-WB
712617,712617,Khanakul,West Bengal,IN-WB
712701,712702,Chanditala,West Bengal,IN-WB
712706,712706,Jangipara,West Bengal,IN-WB
713101,713104,Bardhaman,West Bengal,IN-WB
713121,713121,Bhatar,West Bengal,IN-WB
713122,713122,Kalna,West Bengal,IN-WB
713123,713123,Bharatpur,West Bengal,IN-WB
713124,713124,Raina,West Bengal,IN-WB
713125,713125,Bhatar,West Bengal,IN-WB
713126,713126,Ausgram,West Bengal,IN-WB
713127,713127,Bhatar,West Bengal,IN-WB
713128,713128,Guskhara,West Bengal,IN-WB
713129,713129,Ketugram,West Bengal,IN-WB
713130,713130,Katoya,West Bengal,IN-WB
713131,713132,Mangolkote,West Bengal,IN-WB
713140,713140,Ketugram,West Bengal,IN-WB
713141,713141,Galsi,West Bengal,IN-WB
713142,713142,Khandaghosh,West Bengal,IN-WB
713143,713143,Mangolkote,West Bengal,IN-WB
713144,713144,Ausgram,West Bengal,IN-WB
713145,713145,Manteswar,West Bengal,IN-WB
713146,713146,Memari,West Bengal,IN-WB
713147,713147,Mangolkote,West Bengal,IN-WB
713148,713148,Kanksa,West Bengal,IN-WB
713149,713149,Bardhaman,West Bengal,IN-WB
713150,713150,Katwa,West Bengal,IN-WB
713151,713151,Memari,West Bengal,IN-WB
713152,713153,Ausgram,West Bengal,IN-WB
713154,713154,Memari,West Bengal,IN-WB
713166,713166,Jamalpur,West Bengal,IN-WB
713201,713217,Durgapur,West Bengal,IN-WB
713301,713305,Asansol,West Bengal,IN-WB
713315,713315,Barabani,West Bengal,IN-WB
713321,713321,Ondal,West Bengal,IN-WB
713322,713322,Bahula,West Bengal,IN-WB
713323,713323,Raniganj,West Bengal,IN-WB
713324,713326,Asansol,West Bengal,IN-WB
713330,713330,Barabani,West Bengal,IN-WB
713331,713331,Chittaranjan,West Bengal,IN-WB
713332,713333,Asansol,West Bengal,IN-WB
713334,713334,Jamuria,West Bengal,IN-WB
713335,713335,Salanpur,West Bengal,IN-WB
713336,713336,Jamuria,West Bengal,IN-WB
713337,713337,Raniganj,West Bengal,IN-WB
713338,713338,Ondal,West Bengal,IN-WB
713339,713340,Asansol,West Bengal,IN-WB
713341,713341,Barabani,West Bengal,IN-WB
713342,713342,Jamuria,West Bengal,IN-WB
713343,713343,Kulti,West Bengal,IN-WB
713344,713344,Asansol,West Bengal,IN-WB
713346,713346,Pandabeswar,West Bengal,IN-WB
713347,713347,Raniganj,West Bengal,IN-WB
713357,713357,Salanpur,West Bengal,IN-WB
713358,713361,Asansol,West Bengal,IN-WB
713362,713362,Jamuria,West Bengal,IN-WB
713363,713363,Pandabeswar,West Bengal,IN-WB
713365,713365,Chittaranjan,West Bengal,IN-WB
713369,713369,Asansol Kulti Township,West Bengal,IN-WB
713370,713373,Asansol,West Bengal,IN-WB
713376,713376,Ondal,West Bengal,IN-WB
713378,713378,Pandabeswar,West Bengal,IN-WB
713381,713381,Faridpur Durgapur,West Bengal,IN-WB
713384,713384,Bahula,West Bengal,IN-WB
713385,713385,Faridpur Durgapur,West Bengal,IN-WB
713386,713386,Salanpur,West Bengal,IN-WB
713401,713401,Jamalpur,West Bengal,IN-WB
713403,713403,Galsi,West Bengal,IN-WB
713404,713404,Jamalpur,West Bengal,IN-WB
713405,713405,Kalna,West Bengal,IN-WB
713406,713406,Galsi,West Bengal,IN-WB
713407,713407,Bardhaman,West Bengal,IN-WB
713408,713408,Jamalpur,West Bengal,IN-WB
713409,713409,Kalna,West Bengal,IN-WB
713420,713420,Ausgram,West Bengal,IN-WB
713421,713421,Raina,West Bengal,IN-WB
713422,713422,Memari,West Bengal,IN-WB
713423,713423,Khandaghosh,West Bengal,IN-WB
713424,713424,Raina,West Bengal,IN-WB
713426,713426,Memari,West Bengal,IN-WB
713427,713427,Raina,West Bengal,IN-WB
713428,713428,Galsi,West Bengal,IN-WB
713502,713502,Katwa,West Bengal,IN-WB
713512,713513,Purbasthali,West Bengal,IN-WB
713514,713514,Katwa,West Bengal,IN-WB
713515,713519,Purbasthali,West Bengal,IN-WB
713520,713520,Bhatar,West Bengal,IN-WB
721101,721102,Medinipur,West Bengal,IN-WB
721121,721121,Amlagora,West Bengal,IN-WB
721122,721122,Keshpur,West Bengal,IN-WB
721124,721124,Bali Chak,West Bengal,IN-WB
721125,721125,Nayagram,West Bengal,IN-WB
721126,721126,Debra,West Bengal,IN-WB
721127,721128,Garbeta,West Bengal,IN-WB
721129,721129,Salbani,West Bengal,IN-WB
721130,721130,Kolaghat,West Bengal,IN-WB
721131,721131,Panskura,West Bengal,IN-WB
721132,721132,Salbani,West Bengal,IN-WB
721133,721133,Keshiary,West Bengal,IN-WB
721134,721134,Kolaghat,West Bengal,IN-WB
721135,721135,Sankrail,West Bengal,IN-WB
721136,721136,Debra,West Bengal,IN-WB
721137,721137,Sahid Matangini,West Bengal,IN-WB
721139,721139,Panskura,West Bengal,IN-WB
721140,721140,Pingla,West Bengal,IN-WB
721143,721143,Sankrail,West Bengal,IN-WB
721144,721144,Sabang,West Bengal,IN-WB
721145,721145,Kharagpur,West Bengal,IN-WB
721146,721146,Daspur,West Bengal,IN-WB
721147,721147,Salbani,West Bengal,IN-WB
721148,721148,Daspur,West Bengal,IN-WB
721149,721149,Kharagpur,West Bengal,IN-WB
721150,721150,Keshpur,West Bengal,IN-WB
721151,721151,Kolaghat,West Bengal,IN-WB
721152,721152,Panskura,West Bengal,IN-WB
721153,721153,Daspur,West Bengal,IN-WB
721154,721154,Kolaghat,West Bengal,IN-WB
721155,721155,Pingla,West Bengal,IN-WB
721156,721156,Debra,West Bengal,IN-WB
721157,721157,Garbeta,West Bengal,IN-WB
721158,721158,Kolaghat,West Bengal,IN-WB
721159,721159,Nayagram,West Bengal,IN-WB
721160,721160,Debra,West Bengal,IN-WB
721161,721166,Sabang,West Bengal,IN-WB
721171,721171,Kolaghat,West Bengal,IN-WB
721172,721172,Sahid Matangini,West Bengal,IN-WB
721201,721201,Chandrakona,West Bengal,IN-WB
721211,721211,Daspur,West Bengal,IN-WB
721212,721212,Ghatal,West Bengal,IN-WB
721222,721222,Kharar,West Bengal,IN-WB
721232,721232,Chandrakona,West Bengal,IN-WB
721242,721242,Ramjibanpur,West Bengal,IN-WB
721253,721253,Garbeta,West Bengal,IN-WB
721260,721260,Keshpur,West Bengal,IN-WB
721301,721306,Kharagpur,West Bengal,IN-WB
721401,721404,Contai,West Bengal,IN-WB
721405,721405,Deshopran,West Bengal,IN-WB
721406,721406,Contai,West Bengal,IN-WB
721420,721422,Egra,West Bengal,IN-WB
721423,721423,Ramnagar,West Bengal,IN-WB
721424,721424,Narayangarh,West Bengal,IN-WB
721425,721425,Bhagawanpur,West Bengal,IN-WB
721426,721426,Dantan,West Bengal,IN-WB
721427,721427,Contai,West Bengal,IN-WB
721428,721428,Ramnagar,West Bengal,IN-WB
721429,721429,Egra,West Bengal,IN-WB
721430,721432,Khejuri,West Bengal,IN-WB
721433,721433,Contai,West Bengal,IN-WB
721434,721434,Potashpur,West Bengal,IN-WB
721435,721435,Dantan,West Bengal,IN-WB
721436,721436,Mohanpur,West Bengal,IN-WB
721437,721437,Narayangarh,West Bengal,IN-WB
721438,721440,Potashpur,West Bengal,IN-WB
721441,721441,Ramnagar,West Bengal,IN-WB
721442,721442,Deshopran,West Bengal,IN-WB
721443,721443,Dantan,West Bengal,IN-WB
721444,721444,Contai,West Bengal,IN-WB
721445,721445,Dantan,West Bengal,IN-WB
721446,721446,Ramnagar,West Bengal,IN-WB
721447,721448,Egra,West Bengal,IN-WB
721449,721449,Contai,West Bengal,IN-WB
721450,721450,Deshopran,West Bengal,IN-WB
721451,721451,Narayangarh,West Bengal,IN-WB
721452,721452,Contai,West Bengal,IN-WB
721453,721453,Ramnagar,West Bengal,IN-WB
721454,721454,Potashpur,West Bengal,IN-WB
721455,721455,Ramnagar,West Bengal,IN-WB
721456,721456,Potashpur,West Bengal,IN-WB
721457,721457,Mohanpur,West Bengal,IN-WB
721458,721458,Potashpur,West Bengal,IN-WB
721463,721463,Ramnagar,West Bengal,IN-WB
721467,721467,Narayangarh,West Bengal,IN-WB
721501,721501,Binpur,West Bengal,IN-WB
721503,721503,Jamboni,West Bengal,IN-WB
721504,721504,Binpur,West Bengal,IN-WB
721505,721505,Jamboni,West Bengal,IN-WB
721506,721506,Gopiballavpur,West Bengal,IN-WB
721507,721514,Jhargram,West Bengal,IN-WB
721515,721515,Binpur,West Bengal,IN-WB
721516,721516,Salbani,West Bengal,IN-WB
721517,721517,Gopiballavpur,West Bengal,IN-WB
721601,721601,Bhagawanpur,West Bengal,IN-WB
721602,721602,Haldia,West Bengal,IN-WB
721603,721603,Mahishadal,West Bengal,IN-WB
721604,721607,Haldia,West Bengal,IN-WB
721624,721624,Mahishadal,West Bengal,IN-WB
721625,721625,Chandipur,West Bengal,IN-WB
721626,721626,Bhagawanpur,West Bengal,IN-WB
721627,721627,Tamluk,West Bengal,IN-WB
721628,721628,Mahishadal,West Bengal,IN-WB
721629,721629,Moyna,West Bengal,IN-WB
721631,721631,Nandigram,West Bengal,IN-WB
721632,721632,Nanda Kumar,West Bengal,IN-WB
721633,721633,Chandipur,West Bengal,IN-WB
721634,721634,Panskura,West Bengal,IN-WB
721635,721635,Haldia,West Bengal,IN-WB
721636,721637,Tamluk,West Bengal,IN-WB
721641,721641,Daspur,West Bengal,IN-WB
721642,721642,Moyna,West Bengal,IN-WB
721643,721643,Nanda Kumar,West Bengal,IN-WB
721644,721644,Moyna,West Bengal,IN-WB
721645,721645,Haldia,West Bengal,IN-WB
721646,721646,Nandigram,West Bengal,IN-WB
721647,721647,Moyna,West Bengal,IN-WB
721648,721648,Nanda Kumar,West Bengal,IN-WB
721649,721649,Tamluk,West Bengal,IN-WB
721650,721650,Nandigram,West Bengal,IN-WB
721651,721651,Tamluk,West Bengal,IN-WB
721652,721652,Nanda Kumar,West Bengal,IN-WB
721653,721653,Tamluk,West Bengal,IN-WB
721654,721654,Haldia,West Bengal,IN-WB
721655,721655,Egra and Kanthi,West Bengal,IN-WB
721656,721656,Nandigram,West Bengal,IN-WB
721657,721657,Haldia,West Bengal,IN-WB
721658,721658,Sutahata,West Bengal,IN-WB
721659,721659,Chandipur,West Bengal,IN-WB
722101,722102,Bankura,West Bengal,IN-WB
722121,722121,Indpur,West Bengal,IN-WB
722122,722122,Bishnupur,West Bengal,IN-WB
722132,722132,Chhatna,West Bengal,IN-WB
722133,722133,Gangajalghati,West Bengal,IN-WB
722134,722134,Raipur,West Bengal,IN-WB
722135,722135,Khatra,West Bengal,IN-WB
722136,722136,Indpur,West Bengal,IN-WB
722137,722137,Chhatna,West Bengal,IN-WB
722138,722138,Jaypur,West Bengal,IN-WB
722139,722139,Bankura,West Bengal,IN-WB
722140,722140,Khatra,West Bengal,IN-WB
722141,722141,Kotulpur,West Bengal,IN-WB
722142,722142,Gangajalghati,West Bengal,IN-WB
722143,722143,Mejhia,West Bengal,IN-WB
722144,722144,Onda,West Bengal,IN-WB
722146,722146,Bankura,West Bengal,IN-WB
722147,722147,Onda,West Bengal,IN-WB
722148,722148,Ranibundh,West Bengal,IN-WB
722149,722149,Taldangra,West Bengal,IN-WB
722150,722150,Sarenga,West Bengal,IN-WB
722151,722151,Simlapal,West Bengal,IN-WB
722152,722152,Taldangra,West Bengal,IN-WB
722153,722153,Saltora,West Bengal,IN-WB
722154,722154,Jaypur,West Bengal,IN-WB
722155,722155,Bankura,West Bengal,IN-WB
722156,722156,Taldangra,West Bengal,IN-WB
722157,722157,Bishnupur,West Bengal,IN-WB
722158,722158,Saltora,West Bengal,IN-WB
722160,722160,Simlapal,West Bengal,IN-WB
722161,722161,Kotulpur,West Bengal,IN-WB
722162,722162,Raipur,West Bengal,IN-WB
722164,722164,Bishnupur,West Bengal,IN-WB
722173,722173,Indpur,West Bengal,IN-WB
722183,722183,Gangajalghati,West Bengal,IN-WB
722201,722201,Indus,West Bengal,IN-WB
722202,722202,Barjora,West Bengal,IN-WB
722203,722203,Beliator,West Bengal,IN-WB
722204,722204,Barjora,West Bengal,IN-WB
722205,722205,Indus,West Bengal,IN-WB
722206,722206,Patrasaer,West Bengal,IN-WB
722207,722207,Sonamukhi,West Bengal,IN-WB
722208,722208,Barjora,West Bengal,IN-WB
723101,723103,Purulia,West Bengal,IN-WB
723104,723104,Hura,West Bengal,IN-WB
723121,723121,Adra,West Bengal,IN-WB
723126,723126,Para,West Bengal,IN-WB
723127,723127,Barabazar,West Bengal,IN-WB
723128,723128,Manbazar,West Bengal,IN-WB
723129,723129,Bundwan,West Bengal,IN-WB
723130,723130,Hura,West Bengal,IN-WB
723131,723131,Manbazar,West Bengal,IN-WB
723132,723132,Kashipur,West Bengal,IN-WB
723133,723133,Raghunathpur,West Bengal,IN-WB
723142,723142,Neturia,West Bengal,IN-WB
723143,723143,Balarampur,West Bengal,IN-WB
723145,723145,Raghunathpur,West Bengal,IN-WB
723146,723146,Para,West Bengal,IN-WB
723147,723149,Purulia,West Bengal,IN-WB
723151,723151,Puncha,West Bengal,IN-WB
723152,723152,Bagmundi,West Bengal,IN-WB
723153,723153,Balarampur,West Bengal,IN-WB
723154,723154,Arsha,West Bengal,IN-WB
723155,723155,Para,West Bengal,IN-WB
723156,723156,Santuri,West Bengal,IN-WB
723201,723201,Arsha,West Bengal,IN-WB
723202,723212,Jhalida,West Bengal,IN-WB
723213,723213,Jhalda,West Bengal,IN-WB
723215,723215,Jaipur,West Bengal,IN-WB
731101,731101,Siuri,West Bengal,IN-WB
731102,731102,Suri,West Bengal,IN-WB
731103,731103,Siuri,West Bengal,IN-WB
731104,731104,Dubrajpur,West Bengal,IN-WB
731121,731121,Suri,West Bengal,IN-WB
731123,731124,Dubrajpur,West Bengal,IN-WB
731125,731125,Khoyrasol,West Bengal,IN-WB
731126,731126,Siuri,West Bengal,IN-WB
731127,731127,Mohammad Bazar,West Bengal,IN-WB
731129,731129,Suri,West Bengal,IN-WB
731130,731130,Rajnagar,West Bengal,IN-WB
731132,731132,Mohammad Bazar,West Bengal,IN-WB
731133,731133,Khoyrasol,West Bengal,IN-WB
731201,731201,Ahmadpur,West Bengal,IN-WB
731202,731202,Rampurhat,West Bengal,IN-WB
731204,731204,Bolpur,West Bengal,IN-WB
731214,731214,Illambazar,West Bengal,IN-WB
731215,731215,Nanoor,West Bengal,IN-WB
731216,731218,Mayureswar,West Bengal,IN-WB
731219,731219,Murarai,West Bengal,IN-WB
731220,731220,Nalhati,West Bengal,IN-WB
731221,731222,Murarai,West Bengal,IN-WB
731223,731224,Rampur Hat,West Bengal,IN-WB
731233,731233,Rampurhat,West Bengal,IN-WB
731234,731234,Sainthia,West Bengal,IN-WB
731235,731235,Bolpur,West Bengal,IN-WB
731236,731236,Bolpur Sriniketan,West Bengal,IN-WB
731237,731237,Nalhati,West Bengal,IN-WB
731238,731238,Murarai,West Bengal,IN-WB
731240,731240,Bolpur Sriniketan,West Bengal,IN-WB
731241,731241,Rampurhat,West Bengal,IN-WB
731242,731243,Nalhati,West Bengal,IN-WB
731244,731244,Khargram,West Bengal,IN-WB
731245,731245,Mayureswar,West Bengal,IN-WB
731301,731302,Nanoor,West Bengal,IN-WB
731303,731304,Labpur,West Bengal,IN-WB
732101,732103,English Bazar,West Bengal,IN-WB
732121,732122,Habibpur,West Bengal,IN-WB
732123,732123,Chanchal,West Bengal,IN-WB
732124,732124,Gazole,West Bengal,IN-WB
732125,732125,Harischandrapur,West Bengal,IN-WB
732126,732126,Chanchal,West Bengal,IN-WB
732127,732127,Kaliachak,West Bengal,IN-WB
732128,732128,Maldah,West Bengal,IN-WB
732138,732138,Bamangola,West Bengal,IN-WB
732139,732139,Chanchal,West Bengal,IN-WB
732140,732140,Harischandrapur,West Bengal,IN-WB
732141,732141,Maldah,West Bengal,IN-WB
732142,732142,Ingraj Bazar,West Bengal,IN-WB
732144,732144,English Bazar,West Bengal,IN-WB
732201,732201,Kaliachak,West Bengal,IN-WB
732202,732203,Manikchak,West Bengal,IN-WB
732204,732205,Ratua,West Bengal,IN-WB
732206,732207,Kaliachak,West Bengal,IN-WB
732208,732209,English Bazar,West Bengal,IN-WB
732210,732215,Kaliachak,West Bengal,IN-WB
732216,732216,English Bazar,West Bengal,IN-WB
733101,733103,Balurghat,West Bengal,IN-WB
733121,733121,Bansihari,West Bengal,IN-WB
733123,733123,Raiganj,West Bengal,IN-WB
733124,733124,Gangarampur,West Bengal,IN-WB
733125,733125,Harirampur,West Bengal,IN-WB
733126,733126,Hilli,West Bengal,IN-WB
733127,733127,Tapan,West Bengal,IN-WB
733128,733128,Itahar,West Bengal,IN-WB
733129,733129,Kaliyaganj,West Bengal,IN-WB
733130,733130,Raiganj,West Bengal,IN-WB
733132,733132,Kushmundi,West Bengal,IN-WB
733133,733133,Balurghat,West Bengal,IN-WB
733134,733134,Raiganj,West Bengal,IN-WB
733140,733140,Tapan,West Bengal,IN-WB
733141,733141,Kumarganj,West Bengal,IN-WB
733142,733142,Tapan,West Bengal,IN-WB
733143,733143,Itahar,West Bengal,IN-WB
733145,733145,Hilli,West Bengal,IN-WB
733156,733156,Raiganj,West Bengal,IN-WB
733158,733158,Balurghat,West Bengal,IN-WB
733201,733201,Dalkola,West Bengal,IN-WB
733202,733207,Islampur,West Bengal,IN-WB
733208,733210,Goalpokhar,West Bengal,IN-WB
733215,733215,Karandighi,West Bengal,IN-WB
734001,734001,Siliguri,West Bengal,IN-WB
734002,734002,Matigara,West Bengal,IN-WB
734003,734008,Siliguri,West Bengal,IN-WB
734009,734009,Kurseong,West Bengal,IN-WB
734010,734010,Siliguri,West Bengal,IN-WB
734011,734011,Matigara,West Bengal,IN-WB
734012,734012,Siliguri,West Bengal,IN-WB
734013,734013,Matigara,West Bengal,IN-WB
734014,734014,Bagdogra,West Bengal,IN-WB
734015,734015,Rajganj,West Bengal,IN-WB
734101,734102,Darjeeling,West Bengal,IN-WB
734103,734103,Darjiling,West Bengal,IN-WB
734104,734104,Darjeeling Pulbazar,West Bengal,IN-WB
734105,734105,Darjeeling,West Bengal,IN-WB
734201,734201,Darjeeling Pulbazar,West Bengal,IN-WB
734203,734203,Karsiyang,West Bengal,IN-WB
734204,734204,Kurseong,West Bengal,IN-WB
734209,734209,Jorebunglow Sukiapokhri,West Bengal,IN-WB
734213,734213,Rangli Rangliot,West Bengal,IN-WB
734214,734214,Mirik,West Bengal,IN-WB
734215,734216,Jorebunglow Sukiapokhri,West Bengal,IN-WB
734217,734217,Kurseong,West Bengal,IN-WB
734218,734218,Mirik,West Bengal,IN-WB
734220,734220,Kurseong,West Bengal,IN-WB
734221,734221,Darjeeling Pulbazar,West Bengal,IN-WB
734222,734222,Rangli Rangliot,West Bengal,IN-WB
734223,734224,Kurseong,West Bengal,IN-WB
734226,734226,Rangli Rangliot,West Bengal,IN-WB
734301,734311,Kalimpong,West Bengal,IN-WB
734312,734312,Rangli Rangliot,West Bengal,IN-WB
734313,734313,Jorebunglow Sukiapokhri,West Bengal,IN-WB
734314,734316,Kalimpong,West Bengal,IN-WB
734421,734424,Naxalbari,West Bengal,IN-WB
734425,734426,Phansidewa,West Bengal,IN-WB
734427,734427,Kharibari,West Bengal,IN-WB
734429,734429,Naksalbari,West Bengal,IN-WB
734434,734434,Phansidewa,West Bengal,IN-WB
734501,734501,Kalimpong,West Bengal,IN-WB
734503,734503,Gorubathan,West Bengal,IN-WB
735101,735121,Jalpaiguri,West Bengal,IN-WB
735122,735122,Haldibari,West Bengal,IN-WB
735132,735132,Jalpaiguri,West Bengal,IN-WB
735133,735135,Rajganj,West Bengal,IN-WB
735202,735203,Dhupgari,West Bengal,IN-WB
735204,735204,Birpara,West Bengal,IN-WB
735205,735205,Nagrakata,West Bengal,IN-WB
735206,735206,Matiali,West Bengal,IN-WB
735207,735207,Dhupgari,West Bengal,IN-WB
735208,735208,Kalchini,West Bengal,IN-WB
735209,735209,Mal,West Bengal,IN-WB
735210,735210,Dhupgari,West Bengal,IN-WB
735211,735211,Falakata,West Bengal,IN-WB
735212,735212,Goyerkata,West Bengal,IN-WB
735213,735213,Madarihat,West Bengal,IN-WB
735214,735214,Kalchini,West Bengal,IN-WB
735215,735215,Hasimara,West Bengal,IN-WB
735216,735216,Falakata,West Bengal,IN-WB
735217,735217,Kalchini,West Bengal,IN-WB
735218,735219,Mal,West Bengal,IN-WB
735220,735220,Madarihat,West Bengal,IN-WB
735221,735222,Mal,West Bengal,IN-WB
735223,735223,Matiali,West Bengal,IN-WB
735224,735224,Mainaguri,West Bengal,IN-WB
735225,735225,Nagrakata,West Bengal,IN-WB
735226,735227,Kalchini,West Bengal,IN-WB
735228,735228,Madarihat,West Bengal,IN-WB
735229,735230,Mal,West Bengal,IN-WB
735231,735231,Gorubathan,West Bengal,IN-WB
735232,735232,Dhupgari,West Bengal,IN-WB
735233,735233,Nagrakata,West Bengal,IN-WB
735234,735234,Mal,West Bengal,IN-WB
735301,735301,Mekliganj,West Bengal,IN-WB
735302,735302,Jalpaiguri,West Bengal,IN-WB
735303,735304,Mekliganj,West Bengal,IN-WB
735305,735305,Mainaguri,West Bengal,IN-WB
736101,736101,Koch Bihar,West Bengal,IN-WB
736121,736123,Alipur Duar,West Bengal,IN-WB
736131,736131,Tufanganj,West Bengal,IN-WB
736133,736133,Cooch Behar,West Bengal,IN-WB
736134,736134,Coochbehar,West Bengal,IN-WB
736135,736145,Dinhata,West Bengal,IN-WB
736146,736146,Matabhanga,West Bengal,IN-WB
736156,736156,Cooch Behar,West Bengal,IN-WB
736157,736157,Mathabhanga,West Bengal,IN-WB
736158,736158,Sitalkuchi,West Bengal,IN-WB
736159,736160,Tufanganj,West Bengal,IN-WB
736165,736165,Cooch Behar,West Bengal,IN-WB
736167,736167,Sitai,West Bengal,IN-WB
736168,736169,Dinhata,West Bengal,IN-WB
736170,736170,Coochbehar,West Bengal,IN-WB
736171,736171,Mathabhanga,West Bengal,IN-WB
736172,736172,Sitalkuchi,West Bengal,IN-WB
736176,736176,Dinhata,West Bengal,IN-WB
736179,736179,Cooch Behar,West Bengal,IN-WB
736182,736182,Jaigaon,West Bengal,IN-WB
736201,736203,Kumargram,West Bengal,IN-WB
736204,736204,Alipur Duar,West Bengal,IN-WB
736205,736205,Kumargram,West Bengal,IN-WB
736206,736206,Alipurduar,West Bengal,IN-WB
736207,736207,Kumargram,West Bengal,IN-WB
736208,736208,Alipurduar,West Bengal,IN-WB
737101,737103,Gangtok,Sikkim,IN-SK
737106,737106,Pakyong,Sikkim,IN-SK
737107,737107,Mangan,Sikkim,IN-SK
737111,737113,Gyalshing,Sikkim,IN-SK
737116,737116,Mangan,Sikkim,IN-SK
737120,737120,Chungthang,Sikkim,IN-SK
737121,737121,Soreng,Sikkim,IN-SK
737126,737128,Namchi,Sikkim,IN-SK
737131,737131,Rongli,Sikkim,IN-SK
737132,737132,Rangpo,Sikkim,IN-SK
737133,737133,Rongli,Sikkim,IN-SK
737134,737134,Singtam,Sikkim,IN-SK
737135,737136,Gangtok,Sikkim,IN-SK
737139,737139,Ravong,Sikkim,IN-SK
741101,741103,Krishnanagar,West Bengal,IN-WB
741121,741121,Hanskhali,West Bengal,IN-WB
741122,741122,Karimpur,West Bengal,IN-WB
741123,741124,Chhapra,West Bengal,IN-WB
741125,741125,Krishnagar,West Bengal,IN-WB
741126,741126,Nakashipara,West Bengal,IN-WB
741127,741127,Ranaghat,West Bengal,IN-WB
741137,741137,Kaliganj,West Bengal,IN-WB
741138,741138,Muragacha,West Bengal,IN-WB
741139,741140,Krishnagar,West Bengal,IN-WB
741150,741150,Kaliganj,West Bengal,IN-WB
741151,741151,Hanskhali,West Bengal,IN-WB
741152,741152,Karimpur,West Bengal,IN-WB
741153,741153,Kaliganj,West Bengal,IN-WB
741154,741154,Muragacha,West Bengal,IN-WB
741155,741155,Tehatta,West Bengal,IN-WB
741156,741157,Kaliganj,West Bengal,IN-WB
741158,741158,Karimpur,West Bengal,IN-WB
741159,741159,Ranaghat,West Bengal,IN-WB
741160,741160,Tehatta,West Bengal,IN-WB
741161,741161,Krishnanagar,West Bengal,IN-WB
741162,741162,Nakashipara,West Bengal,IN-WB
741163,741163,Tehatta,West Bengal,IN-WB
741164,741164,Chhapra,West Bengal,IN-WB
741165,741165,Karimpur,West Bengal,IN-WB
741166,741166,Chhapra,West Bengal,IN-WB
741167,741167,Krishnanagar,West Bengal,IN-WB
741181,741181,Kaliganj,West Bengal,IN-WB
741201,741202,Ranaghat,West Bengal,IN-WB
741221,741221,Haringhata,West Bengal,IN-WB
741222,741223,Chakdah,West Bengal,IN-WB
741232,741232,Ranaghat,West Bengal,IN-WB
741234,741234,Chakdah,West Bengal,IN-WB
741235,741235,Kalyani,West Bengal,IN-WB
741238,741238,Ranaghat,West Bengal,IN-WB
741245,741245,Madanpur,West Bengal,IN-WB
741246,741246,Haringhata,West Bengal,IN-WB
741247,741247,Ranaghat,West Bengal,IN-WB
741248,741248,Chakdah,West Bengal,IN-WB
741249,741249,Haringhata,West Bengal,IN-WB
741250,741251,Chakdah,West Bengal,IN-WB
741252,741252,Haringhata,West Bengal,IN-WB
741253,741256,Ranaghat,West Bengal,IN-WB
741257,741257,Nagarukhra,West Bengal,IN-WB
741301,741313,Nabadwip,West Bengal,IN-WB
741315,741315,Navadwip,West Bengal,IN-WB
741316,741316,Nabadwip,West Bengal,IN-WB
741317,741317,Krishnanagar,West Bengal,IN-WB
741319,741319,Purbasthali,West Bengal,IN-WB
741401,741401,Krishnanagar,West Bengal,IN-WB
741402,741404,Santipur,West Bengal,IN-WB
741501,741501,Ranaghat,West Bengal,IN-WB
741502,741502,Bagula,West Bengal,IN-WB
741503,741503,Krishnaganj,West Bengal,IN-WB
741504,741504,Ranaghat,West Bengal,IN-WB
741505,741505,Hanskhali,West Bengal,IN-WB
741506,741509,Krishnaganj,West Bengal,IN-WB
742101,742101,Berhampore,West Bengal,IN-WB
742102,742102,Baharampur,West Bengal,IN-WB
742103,742103,Berhampore,West Bengal,IN-WB
742104,742104,Nabagram,West Bengal,IN-WB
742113,742113,Bhagawangola,West Bengal,IN-WB
742121,742121,Nawda,West Bengal,IN-WB
742122,742122,Sagardighi,West Bengal,IN-WB
742123,742123,Murshidabad Jiaganj,West Bengal,IN-WB
742132,742132,Burwan,West Bengal,IN-WB
742133,742134,Beldanga,West Bengal,IN-WB
742135,742135,Bhagawangola,West Bengal,IN-WB
742136,742138,Kandi,West Bengal,IN-WB
742140,742140,Bharatpur,West Bengal,IN-WB
742147,742147,Khargram,West Bengal,IN-WB
742148,742148,Lalgola,West Bengal,IN-WB
742149,742149,Murshidabad,West Bengal,IN-WB
742151,742151,Lalgola,West Bengal,IN-WB
742159,742159,Khargram,West Bengal,IN-WB
742160,742160,Murshidabad Jiaganj,West Bengal,IN-WB
742161,742161,Burwan,West Bengal,IN-WB
742163,742163,Beldanga,West Bengal,IN-WB
742164,742164,Murshidabad Jiaganj,West Bengal,IN-WB
742165,742166,Hariharpara,West Bengal,IN-WB
742168,742168,Burwan,West Bengal,IN-WB
742174,742175,Nawda,West Bengal,IN-WB
742184,742184,Nabagram,West Bengal,IN-WB
742187,742187,Baharampur,West Bengal,IN-WB
742189,742189,Beldanga,West Bengal,IN-WB
742201,742201,Suti,West Bengal,IN-WB
742202,742202,Dhulian,West Bengal,IN-WB
742212,742212,Farakka,West Bengal,IN-WB
742213,742213,Jangipur,West Bengal,IN-WB
742223,742223,Suti,West Bengal,IN-WB
742224,742224,Samserganj,West Bengal,IN-WB
742225,742225,Jangipur,West Bengal,IN-WB
742226,742226,Sagardighi,West Bengal,IN-WB
742227,742235,Raghunathganj,West Bengal,IN-WB
742236,742236,Farakka,West Bengal,IN-WB
742237,742237,Sagardighi,West Bengal,IN-WB
742238,742238,Nabagram,West Bengal,IN-WB
742301,742301,Bharatpur,West Bengal,IN-WB
742302,742302,Berhampore,West Bengal,IN-WB
742303,742303,Domkal,West Bengal,IN-WB
742304,742304,Raninagar,West Bengal,IN-WB
742305,742305,Jalangi,West Bengal,IN-WB
742306,742308,Raninagar,West Bengal,IN-WB
742401,742404,Bharatpur,West Bengal,IN-WB
742405,742405,Berhampore,West Bengal,IN-WB
742406,742406,Domkal,West Bengal,IN-WB
742407,742407,Berhampore,West Bengal,IN-WB
742408,742408,Beldanga,West Bengal,IN-WB
742409,742409,Raninagar,West Bengal,IN-WB
742410,742410,Beldanga,West Bengal,IN-WB
743122,743122,North Barrackpore,West Bengal,IN-WB
743123,743126,Bhatpara,West Bengal,IN-WB
743127,743127,Shyamnagar,West Bengal,IN-WB
743128,743129,Bhatpara,West Bengal,IN-WB
743130,743130,Naihati,West Bengal,IN-WB
743133,743133,Shyamnagar,West Bengal,IN-WB
743134,743134,Halisahar,West Bengal,IN-WB
743135,743135,Naihati,West Bengal,IN-WB
743136,743136,Halisahar,West Bengal,IN-WB
743144,743144,North Barrackpore,West Bengal,IN-WB
743145,743145,Kanchrapara,West Bengal,IN-WB
743165,743166,Naihati,West Bengal,IN-WB
743193,743193,Barrackpur,West Bengal,IN-WB
743194,743194,Bhatpara,West Bengal,IN-WB
743221,743221,Amdanga,West Bengal,IN-WB
743222,743223,Ashokenagar Kalyangarh,West Bengal,IN-WB
743232,743232,Bagda,West Bengal,IN-WB
743233,743234,Habra,West Bengal,IN-WB
743235,743235,Bongaon,West Bengal,IN-WB
743245,743245,Gaighata,West Bengal,IN-WB
743247,743247,Baduria,West Bengal,IN-WB
743248,743248,Barasat,West Bengal,IN-WB
743249,743249,Gaighata,West Bengal,IN-WB
743251,743251,Bongaon,West Bengal,IN-WB
743252,743252,Gobardanga,West Bengal,IN-WB
743262,743262,Bongaon,West Bengal,IN-WB
743263,743268,Habra,West Bengal,IN-WB
743270,743270,Bagda,West Bengal,IN-WB
743271,743271,Habra,West Bengal,IN-WB
743272,743272,Ashokenagar Kalyangarh,West Bengal,IN-WB
743273,743273,Gobardanga,West Bengal,IN-WB
743286,743286,Swarupnagar,West Bengal,IN-WB
743287,743287,Gaighata,West Bengal,IN-WB
743289,743289,Habra,West Bengal,IN-WB
743290,743290,Bongaon,West Bengal,IN-WB
743291,743292,Basirhat,West Bengal,IN-WB
743293,743293,Gurdaha,West Bengal,IN-WB
743294,743294,Barasat,West Bengal,IN-WB
743297,743297,Bagda,West Bengal,IN-WB
743312,743312,Gosaba,West Bengal,IN-WB
743318,743318,Budge Budge,West Bengal,IN-WB
743329,743329,Canning,West Bengal,IN-WB
743330,743330,Champahati,West Bengal,IN-WB
743331,743331,Diamond Harbour,West Bengal,IN-WB
743332,743332,Kakdwip,West Bengal,IN-WB
743336,743336,Mandirbazar,West Bengal,IN-WB
743337,743337,Jaynagar-Majilpur,West Bengal,IN-WB
743338,743338,Jaynagar,West Bengal,IN-WB
743345,743345,Mandirbazar,West Bengal,IN-WB
743347,743348,Kakdwip,West Bengal,IN-WB
743349,743349,Mathurapur,West Bengal,IN-WB
743351,743351,Kakdwip,West Bengal,IN-WB
743354,743354,Mathurapur,West Bengal,IN-WB
743355,743355,Magrahat,West Bengal,IN-WB
743356,743357,Kakdwip,West Bengal,IN-WB
743363,743363,Bhangar,West Bengal,IN-WB
743368,743368,Diamond Harbour,West Bengal,IN-WB
743370,743370,Gosaba,West Bengal,IN-WB
743371,743371,Namkhana,West Bengal,IN-WB
743372,743372,Barasat,West Bengal,IN-WB
743373,743373,Sagar,West Bengal,IN-WB
743374,743374,Kakdwip,West Bengal,IN-WB
743375,743375,Magrahat,West Bengal,IN-WB
743376,743376,Canning,West Bengal,IN-WB
743377,743377,Budge Budge,West Bengal,IN-WB
743378,743378,Basanti,West Bengal,IN-WB
743383,743383,Mathurapur,West Bengal,IN-WB
743387,743387,Baruipur,West Bengal,IN-WB
743395,743395,Mandirbazar,West Bengal,IN-WB
743399,743399,Patharpratima,West Bengal,IN-WB
743401,743401,Baduria,West Bengal,IN-WB
743405,743405,Bongaon,West Bengal,IN-WB
743411,743422,Basirhat,West Bengal,IN-WB
743423,743424,Deganga,West Bengal,IN-WB
743425,743425,Haroa,West Bengal,IN-WB
743426,743426,Hasnabad,West Bengal,IN-WB
743427,743427,Baduria,West Bengal,IN-WB
743428,743428,Basirhat,West Bengal,IN-WB
743429,743429,Taki,West Bengal,IN-WB
743435,743435,Hingalganj,West Bengal,IN-WB
743437,743437,Basirhat,West Bengal,IN-WB
743438,743438,Deganga,West Bengal,IN-WB
743439,743439,Hingalganj,West Bengal,IN-WB
743442,743442,Sandeshkhali,West Bengal,IN-WB
743445,743445,Gopalpur,West Bengal,IN-WB
743446,743446,Sandeshkhali,West Bengal,IN-WB
743456,743456,Hasnabad,West Bengal,IN-WB
743502,743502,Bhangar,West Bengal,IN-WB
743503,743503,Bishnupur,West Bengal,IN-WB
743504,743513,Falta,West Bengal,IN-WB
743609,743609,Magrahat,West Bengal,IN-WB
743610,743610,Baruipur,West Bengal,IN-WB
743611,743611,Basanti,West Bengal,IN-WB
743613,743613,Sonar pur,West Bengal,IN-WB
743701,743701,Bongaon,West Bengal,IN-WB
743702,743704,Habra,West Bengal,IN-WB
743710,743710,Bongaon,West Bengal,IN-WB
743711,743711,Habra,West Bengal,IN-WB
744101,744102,Port Blair,Andaman and Nicobar Islands,IN-AN
744103,744103,Ferrargunj,Andaman and Nicobar Islands,IN-AN
744104,744106,Port Blair,Andaman and Nicobar Islands,IN-AN
744107,744107,Bamboo Flat,Andaman and Nicobar Islands,IN-AN
744112,744112,Port Blair,Andaman and Nicobar Islands,IN-AN
744201,744201,Mayabunder,Andaman and Nicobar Islands,IN-AN
744202,744202,Diglipur,Andaman and Nicobar Islands,IN-AN
744203,744203,Rangat,Andaman and Nicobar Islands,IN-AN
744204,744204,Mayabunder,Andaman and Nicobar Islands,IN-AN
744205,744205,Rangat,Andaman and Nicobar Islands,IN-AN
744206,744206,Ferrargunj,Andaman and Nicobar Islands,IN-AN
744207,744207,Little Andaman,Andaman and Nicobar Islands,IN-AN
744209,744210,Rangat,Andaman and Nicobar Islands,IN-AN
744211,744211,Port Blair,Andaman and Nicobar Islands,IN-AN
744301,744301,Car Nicobar,Andaman and Nicobar Islands,IN-AN
744302,744302,Great Nicobar,Andaman and Nicobar Islands,IN-AN
744303,744304,Nancowry,Andaman and Nicobar Islands,IN-AN
751001,751034,Bhubaneswar,Odisha,IN-OD
752001,752004,Puri,Odisha,IN-OD
752010,752010,Krushna Prasad,Odisha,IN-OD
752011,752011,Brahmagiri,Odisha,IN-OD
752012,752012,Chandanpur,Odisha,IN-OD
752013,752013,Brahmagiri,Odisha,IN-OD
752014,752014,Satyabadi,Odisha,IN-OD
752015,752016,Delanga,Odisha,IN-OD
752017,752017,Gadisagada,Odisha,IN-OD
752018,752018,Jankia,Odisha,IN-OD
752019,752019,Nirakarpur,Odisha,IN-OD
752020,752020,Jankia,Odisha,IN-OD
752021,752023,Tangi,Odisha,IN-OD
752024,752025,Ranapur,Odisha,IN-OD
752026,752026,Ranpur Sagar,Odisha,IN-OD
752027,752027,Tangi,Odisha,IN-OD
752030,752030,Balugaon,Odisha,IN-OD
752031,752031,Banpur,Odisha,IN-OD
752032,752032,Krushna Prasad,Odisha,IN-OD
752034,752034,Balugaon,Odisha,IN-OD
752035,752035,Banpur,Odisha,IN-OD
752037,752037,Balugaon,Odisha,IN-OD
752038,752038,Begunia,Odisha,IN-OD
752045,752045,Satyabadi,Odisha,IN-OD
752046,752046,Pipili,Odisha,IN-OD
752050,752054,Jatani,Odisha,IN-OD
752055,752055,Khurda,Odisha,IN-OD
752056,752061,Khordha,Odisha,IN-OD
752062,752062,Begunia,Odisha,IN-OD
752063,752063,Fategarh,Odisha,IN-OD
752064,752064,Begunia,Odisha,IN-OD
752065,752066,Bolagad,Odisha,IN-OD
752068,752068,Itamati,Odisha,IN-OD
752069,752070,Nayagarh,Odisha,IN-OD
752077,752077,Khandapada,Odisha,IN-OD
752078,752078,Kantilo,Odisha,IN-OD
752079,752079,Itamati,Odisha,IN-OD
752080,752080,Sarankul,Odisha,IN-OD
752081,752082,Odagaon,Odisha,IN-OD
752083,752083,Nuagaon,Odisha,IN-OD
752084,752084,Daspalla,Odisha,IN-OD
752085,752085,Gania,Odisha,IN-OD
752089,752089,Banigochha,Odisha,IN-OD
752090,752090,Odagaon,Odisha,IN-OD
752091,752091,Daspalla,Odisha,IN-OD
752092,752092,Sarankul,Odisha,IN-OD
752093,752093,Daspalla,Odisha,IN-OD
752094,752094,Nuagaon,Odisha,IN-OD
752100,752101,Balianta,Odisha,IN-OD
752102,752103,Balipatna,Odisha,IN-OD
752104,752105,Pipili,Odisha,IN-OD
752106,752106,Nimapara,Odisha,IN-OD
752107,752107,Gop,Odisha,IN-OD
752108,752108,Kakatpur,Odisha,IN-OD
752109,752109,Astaranga,Odisha,IN-OD
752110,752110,Gop,Odisha,IN-OD
752111,752111,Konark,Odisha,IN-OD
752113,752114,Nimapara,Odisha,IN-OD
752115,752115,Balianta,Odisha,IN-OD
752116,752116,Gop,Odisha,IN-OD
752118,752119,Kakatpur,Odisha,IN-OD
752120,752121,Nimapara,Odisha,IN-OD
753001,753016,Cuttack,Odisha,IN-OD
754001,754001,Cuttack,Odisha,IN-OD
754002,754002,Olatapur,Odisha,IN-OD
754003,754003,Gobindpur,Odisha,IN-OD
754004,754004,Niali,Odisha,IN-OD
754005,754006,Barang,Odisha,IN-OD
754007,754008,Banki,Odisha,IN-OD
754009,754009,Begunia,Odisha,IN-OD
754010,754011,Olatapur,Odisha,IN-OD
754012,754012,Chandaka,Odisha,IN-OD
754013,754013,Barang,Odisha,IN-OD
754018,754018,Gobindpur,Odisha,IN-OD
754021,754021,Cuttack,Odisha,IN-OD
754022,754022,Tangi,Odisha,IN-OD
754023,754024,Badachana,Odisha,IN-OD
754025,754028,Choudwar,Odisha,IN-OD
754029,754029,Athagarh,Odisha,IN-OD
754030,754030,Tigiria,Odisha,IN-OD
754031,754031,Badamba,Odisha,IN-OD
754032,754032,Narasinghpur,Odisha,IN-OD
754034,754034,Badamba,Odisha,IN-OD
754035,754035,Tigiria,Odisha,IN-OD
754037,754037,Kanpur,Odisha,IN-OD
754071,754071,Choudwar,Odisha,IN-OD
754082,754082,Badachana,Odisha,IN-OD
754100,754100,Kandarpur,Odisha,IN-OD
754102,754102,Biridi,Odisha,IN-OD
754103,754104,Jagatsinghapur,Odisha,IN-OD
754105,754105,Niali,Odisha,IN-OD
754106,754106,Jagatsinghapur,Odisha,IN-OD
754107,754108,Balikuda,Odisha,IN-OD
754109,754109,Naugaon,Odisha,IN-OD
754110,754110,Ersama,Odisha,IN-OD
754111,754111,Biridi,Odisha,IN-OD
754112,754112,Cuttack,Odisha,IN-OD
754113,754113,Naugaon,Odisha,IN-OD
754114,754114,Biridi,Odisha,IN-OD
754119,754119,Balikuda,Odisha,IN-OD
754120,754120,Paradip,Odisha,IN-OD
754130,754131,Kishannagar,Odisha,IN-OD
754132,754133,Jagatsinghapur,Odisha,IN-OD
754134,754134,Patkura,Odisha,IN-OD
754135,754138,Tirtol,Odisha,IN-OD
754139,754139,Ersama,Odisha,IN-OD
754140,754141,Kujang,Odisha,IN-OD
754142,754145,Paradeep,Odisha,IN-OD
754153,754153,Patkura,Odisha,IN-OD
754160,754162,Tirtol,Odisha,IN-OD
754200,754200,Jagatpur,Odisha,IN-OD
754201,754203,Salepur,Odisha,IN-OD
754204,754204,Mahanga,Odisha,IN-OD
754205,754205,Balichandrapur,Odisha,IN-OD
754206,754206,Mahanga,Odisha,IN-OD
754207,754207,Nischintakoili,Odisha,IN-OD
754208,754208,Derabish,Odisha,IN-OD
754209,754209,Nischintakoili,Odisha,IN-OD
754210,754210,Derabish,Odisha,IN-OD
754211,754212,Kendrapara,Odisha,IN-OD
754213,754213,Marsaghai,Odisha,IN-OD
754214,754214,Nikirai,Odisha,IN-OD
754215,754217,Pattamundai,Odisha,IN-OD
754218,754219,Aali,Odisha,IN-OD
754220,754220,Rajkanika,Odisha,IN-OD
754221,754221,Salepur,Odisha,IN-OD
754222,754222,Nikirai,Odisha,IN-OD
754223,754223,Derabish,Odisha,IN-OD
754224,754224,Mahakalapada,Odisha,IN-OD
754225,754225,Rajnagar,Odisha,IN-OD
754227,754227,Rajkanika,Odisha,IN-OD
754228,754228,Marsaghai,Odisha,IN-OD
754231,754239,Aali,Odisha,IN-OD
754240,754240,Pattamundai,Odisha,IN-OD
754244,754244,Marsaghai,Odisha,IN-OD
754245,754245,Mahakalapada,Odisha,IN-OD
754246,754246,Pattamundai,Odisha,IN-OD
754248,754248,Rajnagar,Odisha,IN-OD
754250,754250,Derabish,Odisha,IN-OD
754253,754253,Patkura,Odisha,IN-OD
754289,754289,Derabish,Odisha,IN-OD
754290,754290,Mahanga,Odisha,IN-OD
754292,754292,Balichandrapur,Odisha,IN-OD
754293,754293,Nemalo,Odisha,IN-OD
754294,754294,Jagatsinghapur,Odisha,IN-OD
754295,754295,Athagarh,Odisha,IN-OD
754296,754296,Badachana,Odisha,IN-OD
754297,754297,Khuntuni,Odisha,IN-OD
754298,754298,Kishannagar,Odisha,IN-OD
755001,755001,Jajpur,Odisha,IN-OD
755003,755003,Bari - Ramachandrapur,Odisha,IN-OD
755004,755004,Binjharpur,Odisha,IN-OD
755005,755005,Kuakhia,Odisha,IN-OD
755006,755006,Mangalpur,Odisha,IN-OD
755007,755007,Jajpur,Odisha,IN-OD
755008,755008,Dharmasala,Odisha,IN-OD
755009,755009,Jajpur,Odisha,IN-OD
755010,755010,Bari - Ramachandrapur,Odisha,IN-OD
755011,755011,Mangalpur,Odisha,IN-OD
755012,755013,Binjharpur,Odisha,IN-OD
755014,755014,Jajapur,Odisha,IN-OD
755015,755015,Kuakhia,Odisha,IN-OD
755016,755016,Rajkanika,Odisha,IN-OD
755017,755017,Jajpur,Odisha,IN-OD
755018,755018,Sukinda,Odisha,IN-OD
755019,755020,Byasanagar,Odisha,IN-OD
755022,755022,Korai,Odisha,IN-OD
755023,755023,Jenapur,Odisha,IN-OD
755024,755024,Dharmasala,Odisha,IN-OD
755025,755025,Korai,Odisha,IN-OD
755026,755026,Jakhapura,Odisha,IN-OD
755027,755027,Binjharpur,Odisha,IN-OD
755028,755028,Kaliapani,Odisha,IN-OD
755036,755036,Mangalpur,Odisha,IN-OD
755043,755043,Jajpur,Odisha,IN-OD
755044,755044,Badachana,Odisha,IN-OD
755049,755050,Dharmasala,Odisha,IN-OD
755051,755051,Kuakhia,Odisha,IN-OD
755061,755061,Aali,Odisha,IN-OD
755062,755062,Jajapur,Odisha,IN-OD
756001,756003,Balasore,Odisha,IN-OD
756019,756019,Remuna,Odisha,IN-OD
756020,756020,Nilagiri,Odisha,IN-OD
756021,756021,Chandipur,Odisha,IN-OD
756022,756022,Basta,Odisha,IN-OD
756023,756023,Singla,Odisha,IN-OD
756024,756024,Baliapal,Odisha,IN-OD
756025,756025,Balaramgadi Marine,Odisha,IN-OD
756026,756026,Baliapal,Odisha,IN-OD
756027,756028,Balasore,Odisha,IN-OD
756029,756030,Basta,Odisha,IN-OD
756032,756032,Jaleshwar,Odisha,IN-OD
756033,756033,Raibania,Odisha,IN-OD
756034,756034,Jaleshwar,Odisha,IN-OD
756035,756035,Kamarda,Odisha,IN-OD
756036,756039,Bhograi,Odisha,IN-OD
756040,756041,Nilagiri,Odisha,IN-OD
756042,756046,Soro,Odisha,IN-OD
756047,756047,Oupada,Odisha,IN-OD
756048,756048,Khaira,Odisha,IN-OD
756049,756049,Oupada,Odisha,IN-OD
756051,756055,Soro,Odisha,IN-OD
756056,756056,Bampada,Odisha,IN-OD
756058,756058,Berhampur,Odisha,IN-OD
756059,756059,Khaira,Odisha,IN-OD
756060,756060,Balasore,Odisha,IN-OD
756079,756079,Kamarda,Odisha,IN-OD
756080,756081,Singla,Odisha,IN-OD
756083,756083,Baliapal,Odisha,IN-OD
756084,756084,Jaleshwar,Odisha,IN-OD
756085,756085,Bhograi,Odisha,IN-OD
756086,756088,Jaleshwar,Odisha,IN-OD
756089,756089,Remuna,Odisha,IN-OD
756100,756111,Bhadrak,Odisha,IN-OD
756112,756112,Bhandari Pokhari,Odisha,IN-OD
756113,756113,Bhadrak,Odisha,IN-OD
756114,756114,Bant,Odisha,IN-OD
756115,756115,Khaira,Odisha,IN-OD
756116,756116,Bhadrak,Odisha,IN-OD
756117,756117,Dhamanagar,Odisha,IN-OD
756118,756119,Dhusuri,Odisha,IN-OD
756120,756120,Bhandari Pokhari,Odisha,IN-OD
756121,756121,Nandipada,Odisha,IN-OD
756122,756122,Bhandari Pokhari,Odisha,IN-OD
756123,756123,Bhadrak,Odisha,IN-OD
756124,756125,Basudevpur,Odisha,IN-OD
756126,756126,Similia,Odisha,IN-OD
756127,756127,Tihidi,Odisha,IN-OD
756128,756128,Bhadrak,Odisha,IN-OD
756129,756129,Bansada,Odisha,IN-OD
756130,756131,Tihidi,Odisha,IN-OD
756132,756132,Bansada,Odisha,IN-OD
756133,756133,Chandbali,Odisha,IN-OD
756134,756134,Similia,Odisha,IN-OD
756135,756135,Bhadrak,Odisha,IN-OD
756137,756137,Dhusuri,Odisha,IN-OD
756138,756138,Chandbali,Odisha,IN-OD
756139,756139,Tihidi,Odisha,IN-OD
756144,756144,Bant,Odisha,IN-OD
756162,756162,Basudevpur,Odisha,IN-OD
756163,756163,Tihidi,Odisha,IN-OD
756164,756164,Bansada,Odisha,IN-OD
756165,756165,Basudevpur,Odisha,IN-OD
756166,756166,Similia,Odisha,IN-OD
756167,756167,Bhadrak,Odisha,IN-OD
756168,756168,Similia,Odisha,IN-OD
756171,756171,Bansada,Odisha,IN-OD
756181,756181,Bhadrak,Odisha,IN-OD
756182,756182,Khaira,Odisha,IN-OD
757001,757003,Baripada,Odisha,IN-OD
757014,757014,Chandua,Odisha,IN-OD
757016,757016,Rasagobindapur,Odisha,IN-OD
757017,757017,Barsahi,Odisha,IN-OD
757018,757018,Muruda,Odisha,IN-OD
757019,757019,Khunta,Odisha,IN-OD
757020,757020,Rasagobindapur,Odisha,IN-OD
757021,757022,Suliapada,Odisha,IN-OD
757023,757023,Muruda,Odisha,IN-OD
757024,757024,Baripada,Odisha,IN-OD
757025,757026,Barsahi,Odisha,IN-OD
757027,757027,Khunta,Odisha,IN-OD
757028,757028,Baisinga,Odisha,IN-OD
757029,757029,Baripada,Odisha,IN-OD
757030,757030,Koliana,Odisha,IN-OD
757031,757031,Jharpokharia,Odisha,IN-OD
757032,757032,Bangiriposi,Odisha,IN-OD
757033,757033,Bisoi,Odisha,IN-OD
757034,757034,Jashipur,Odisha,IN-OD
757035,757035,Ghagarbeda,Odisha,IN-OD
757036,757037,Karanjia,Odisha,IN-OD
757038,757038,Thakurmunda,Odisha,IN-OD
757039,757039,Raruan,Odisha,IN-OD
757040,757040,Kaptipada,Odisha,IN-OD
757041,757041,Udala,Odisha,IN-OD
757042,757042,Gorumahisani,Odisha,IN-OD
757043,757043,Rairangpur,Odisha,IN-OD
757045,757045,Jamda,Odisha,IN-OD
757046,757046,Bahalda,Odisha,IN-OD
757047,757047,Badampahar,Odisha,IN-OD
757048,757048,Rairangpur,Odisha,IN-OD
757049,757049,Baripada,Odisha,IN-OD
757050,757050,Badampahar,Odisha,IN-OD
757051,757051,Jharpokharia,Odisha,IN-OD
757052,757052,Baisinga,Odisha,IN-OD
757053,757053,Tiring,Odisha,IN-OD
757054,757054,Bahalda,Odisha,IN-OD
757055,757073,Rasagobindapur,Odisha,IN-OD
757074,757074,Khunta,Odisha,IN-OD
757075,757075,Barsahi,Odisha,IN-OD
757077,757077,Kaptipada,Odisha,IN-OD
757079,757079,Sharata,Odisha,IN-OD
757081,757081,Chandua,Odisha,IN-OD
757082,757082,Baisinga,Odisha,IN-OD
757083,757083,Barsahi,Odisha,IN-OD
757084,757084,Suliapada,Odisha,IN-OD
757085,757085,Khunta,Odisha,IN-OD
757086,757086,Jharpokharia,Odisha,IN-OD
757087,757087,Khunta,Odisha,IN-OD
757091,757091,Jashipur,Odisha,IN-OD
757092,757092,Bangiriposi,Odisha,IN-OD
757093,757093,Jharpokharia,Odisha,IN-OD
757100,757100,Betanati,Odisha,IN-OD
757101,757101,Udala,Odisha,IN-OD
757102,757102,Khunta,Odisha,IN-OD
757103,757103,Barsahi,Odisha,IN-OD
757104,757104,Khunta,Odisha,IN-OD
757105,757105,Koliana,Odisha,IN-OD
757106,757106,Sharata,Odisha,IN-OD
757107,757107,Baripada,Odisha,IN-OD
758001,758014,Kendujhar,Odisha,IN-OD
758015,758015,Anandpur,Odisha,IN-OD
758016,758016,Patana,Odisha,IN-OD
758017,758017,Turumunga,Odisha,IN-OD
758018,758018,Kanjipani,Odisha,IN-OD
758019,758019,Telkoi,Odisha,IN-OD
758020,758020,Ghasipura,Odisha,IN-OD
758021,758022,Anandpur,Odisha,IN-OD
758023,758023,Soso,Odisha,IN-OD
758025,758025,Ghasipura,Odisha,IN-OD
758026,758026,Daitari,Odisha,IN-OD
758027,758027,Ghatgaon,Odisha,IN-OD
758028,758028,Harichandanpur,Odisha,IN-OD
758029,758029,Ghatgaon,Odisha,IN-OD
758030,758030,Patana,Odisha,IN-OD
758031,758031,Jhumpura,Odisha,IN-OD
758032,758032,Baria,Odisha,IN-OD
758034,758034,Joda,Odisha,IN-OD
758035,758036,Barbil,Odisha,IN-OD
758037,758037,Bolanikhodan,Odisha,IN-OD
758038,758038,Joda,Odisha,IN-OD
758040,758040,Bolani,Odisha,IN-OD
758041,758041,Champua,Odisha,IN-OD
758043,758043,Sainkul,Odisha,IN-OD
758044,758044,Champua,Odisha,IN-OD
758045,758045,Patana,Odisha,IN-OD
758046,758046,Turumunga,Odisha,IN-OD
758047,758047,Champua,Odisha,IN-OD
758076,758076,Telkoi,Odisha,IN-OD
758078,758078,Soso,Odisha,IN-OD
758079,758079,Pandapara,Odisha,IN-OD
758080,758080,Harichandanpur,Odisha,IN-OD
758081,758081,Patana,Odisha,IN-OD
758082,758082,Daitari,Odisha,IN-OD
758083,758083,Nandipada,Odisha,IN-OD
758084,758084,Telkoi,Odisha,IN-OD
758085,758085,Nayakote,Odisha,IN-OD
758086,758086,Bamebari,Odisha,IN-OD
758087,758087,Pandapara,Odisha,IN-OD
759001,759013,Dhenkanal,Odisha,IN-OD
759014,759014,Gandia,Odisha,IN-OD
759015,759015,Dhenkanal,Odisha,IN-OD
759016,759016,Gandia,Odisha,IN-OD
759017,759017,Bhuban,Odisha,IN-OD
759018,759018,Kamakshya Nagar,Odisha,IN-OD
759019,759021,Rasol,Odisha,IN-OD
759022,759022,Hindol,Odisha,IN-OD
759023,759024,Bhuban,Odisha,IN-OD
759025,759025,Dhenkanal,Odisha,IN-OD
759026,759026,Tumusingha,Odisha,IN-OD
759027,759027,Dhenkanal,Odisha,IN-OD
759028,759028,Kankadahad,Odisha,IN-OD
759029,759029,Parajang,Odisha,IN-OD
759037,759037,Samal Barrage,Odisha,IN-OD
759039,759039,Kamakshya Nagar,Odisha,IN-OD
759040,759040,Banarpal,Odisha,IN-OD
759100,759100,Talcher,Odisha,IN-OD
759101,759101,Colliery,Odisha,IN-OD
759102,759103,Talcher,Odisha,IN-OD
759104,759105,Rengali Damsite,Odisha,IN-OD
759106,759106,Bikrampur,Odisha,IN-OD
759107,759107,Talcher,Odisha,IN-OD
759111,759111,Industrial,Odisha,IN-OD
759116,759116,Colliery,Odisha,IN-OD
759117,759117,N.t.p.c,Odisha,IN-OD
759118,759118,Khamar,Odisha,IN-OD
759119,759119,Palalahada,Odisha,IN-OD
759120,759120,Parajang,Odisha,IN-OD
759121,759121,Motunga,Odisha,IN-OD
759122,759123,Angul,Odisha,IN-OD
759124,759124,Chhendipada,Odisha,IN-OD
759125,759125,Athmallik,Odisha,IN-OD
759126,759126,Kishorenagar,Odisha,IN-OD
759127,759127,Handapa,Odisha,IN-OD
759128,759128,Banarpal,Odisha,IN-OD
759129,759129,Bantala,Odisha,IN-OD
759130,759130,Jarapada,Odisha,IN-OD
759132,759132,Purunakot,Odisha,IN-OD
759141,759141,Chhendipada,Odisha,IN-OD
759143,759143,Industrial,Odisha,IN-OD
759145,759145,Nalco,Odisha,IN-OD
759146,759146,Parajang,Odisha,IN-OD
759147,759147,N.t.p.c,Odisha,IN-OD
759148,759148,Colliery,Odisha,IN-OD
759149,759149,Jarapada,Odisha,IN-OD
759151,759151,Samal Barrage,Odisha,IN-OD
760001,760006,Brahmapur,Odisha,IN-OD
760007,760007,Gopalpur,Odisha,IN-OD
760008,760011,Brahmapur,Odisha,IN-OD
761001,761001,Brahmapur,Odisha,IN-OD
761002,761002,Gopalpur,Odisha,IN-OD
761003,761003,Purusottampur,Odisha,IN-OD
761004,761006,Jarada,Odisha,IN-OD
761007,761007,Digapahandi N.a.c,Odisha,IN-OD
761008,761009,Golanthara,Odisha,IN-OD
761010,761010,Chikiti,Odisha,IN-OD
761011,761011,Nuagaon,Odisha,IN-OD
761012,761012,Digapahandi N.a.c,Odisha,IN-OD
761013,761014,Patapur,Odisha,IN-OD
761015,761015,Mohana,Odisha,IN-OD
761016,761016,R.Udayagiri,Odisha,IN-OD
761017,761017,Mohana,Odisha,IN-OD
761018,761019,Purusottampur,Odisha,IN-OD
761020,761020,Chhatrapur,Odisha,IN-OD
761025,761026,Ganjam,Odisha,IN-OD
761027,761028,Rambha,Odisha,IN-OD
761029,761030,Khallikote,Odisha,IN-OD
761031,761035,Kodala,Odisha,IN-OD
761037,761037,Jarada,Odisha,IN-OD
761041,761041,Kabisurjyanagar,Odisha,IN-OD
761042,761042,Nuagaon,Odisha,IN-OD
761043,761043,Purusottampur,Odisha,IN-OD
761045,761045,Chamakhandi,Odisha,IN-OD
761052,761052,Gopalpur,Odisha,IN-OD
761054,761054,Brahmapur,Odisha,IN-OD
761055,761055,Digapahandi N.a.c,Odisha,IN-OD
761100,761100,Brahmapur,Odisha,IN-OD
761101,761101,Hinjilikatu,Odisha,IN-OD
761102,761102,Hinjilicut,Odisha,IN-OD
761103,761103,Seragad,Odisha,IN-OD
761104,761104,Kabisurjyanagar,Odisha,IN-OD
761105,761105,Polasara,Odisha,IN-OD
761106,761106,Seragad,Odisha,IN-OD
761107,761107,Badagada,Odisha,IN-OD
761108,761108,Surada,Odisha,IN-OD
761109,761109,Badagada,Odisha,IN-OD
761110,761111,Asika,Odisha,IN-OD
761114,761114,Dharakote,Odisha,IN-OD
761115,761116,Asika,Odisha,IN-OD
761117,761118,Buguda,Odisha,IN-OD
761119,761119,Bellaguntha,Odisha,IN-OD
761120,761121,Jagannath Prasad,Odisha,IN-OD
761122,761124,Gangapur,Odisha,IN-OD
761125,761126,Bhanjanagar,Odisha,IN-OD
761131,761131,Tarasingi,Odisha,IN-OD
761132,761140,Bhanjanagar,Odisha,IN-OD
761141,761141,Tarasingi,Odisha,IN-OD
761143,761143,Buguda,Odisha,IN-OD
761144,761144,Patapur,Odisha,IN-OD
761146,761146,Hinjilikatu,Odisha,IN-OD
761151,761151,Surada,Odisha,IN-OD
761200,761201,Paralakhemundi,Odisha,IN-OD
761206,761206,Kasinagar,Odisha,IN-OD
761207,761207,Serango,Odisha,IN-OD
761208,761208,Kasinagar,Odisha,IN-OD
761209,761209,Jarada,Odisha,IN-OD
761210,761211,Gurandi,Odisha,IN-OD
761212,761213,Rayagada,Odisha,IN-OD
761214,761214,R.Udayagiri,Odisha,IN-OD
761215,761215,Garabandha,Odisha,IN-OD
761217,761217,Adava,Odisha,IN-OD
762001,762001,Phulbani,Odisha,IN-OD
762002,762002,Ghtphulabani,Odisha,IN-OD
762010,762010,Tikabali,Odisha,IN-OD
762011,762011,Phiringia,Odisha,IN-OD
762012,762012,Khajuripada,Odisha,IN-OD
762013,762013,Puruna Katak,Odisha,IN-OD
762014,762014,Boudhagarh,Odisha,IN-OD
762015,762015,Baunsuni,Odisha,IN-OD
762016,762016,Sonepur,Odisha,IN-OD
762017,762018,Kantamal,Odisha,IN-OD
762019,762019,Tikabali,Odisha,IN-OD
762020,762020,Harbhanga,Odisha,IN-OD
762021,762021,Brahmanigaon,Odisha,IN-OD
762022,762022,G Udyagiri,Odisha,IN-OD
762023,762023,Puruna Katak,Odisha,IN-OD
762024,762026,Baud,Odisha,IN-OD
762027,762027,G Udyagiri,Odisha,IN-OD
762028,762028,Chakapada,Odisha,IN-OD
762029,762029,Phulabani,Odisha,IN-OD
762030,762030,Manamunda,Odisha,IN-OD
762100,762100,G Udyagiri,Odisha,IN-OD
762101,762101,Raikia,Odisha,IN-OD
762102,762102,Nuagaon,Odisha,IN-OD
762103,762103,Balliguda,Odisha,IN-OD
762104,762104,Daringbadi,Odisha,IN-OD
762105,762105,Kotagarh,Odisha,IN-OD
762106,762106,Sarangagarh,Odisha,IN-OD
762107,762109,Tumudibandha,Odisha,IN-OD
762110,762110,Balliguda,Odisha,IN-OD
762112,762112,Tikabali,Odisha,IN-OD
763001,763004,Sunabeda,Odisha,IN-OD
763008,763008,Damonjodi,Odisha,IN-OD
764001,764006,Jeypore,Odisha,IN-OD
764011,764011,Koraput,Odisha,IN-OD
764014,764014,Narayanpatana,Odisha,IN-OD
764020,764021,Koraput,Odisha,IN-OD
764027,764027,Bandhugaon,Odisha,IN-OD
764028,764028,Dasamantapur,Odisha,IN-OD
764036,764036,Pottangi,Odisha,IN-OD
764037,764038,Padua,Odisha,IN-OD
764039,764039,Pottangi,Odisha,IN-OD
764040,764040,Machh kund,Odisha,IN-OD
764041,764041,Padua,Odisha,IN-OD
764042,764042,Mudulipada,Odisha,IN-OD
764043,764043,Boipariguda,Odisha,IN-OD
764044,764044,Mathili,Odisha,IN-OD
764045,764045,Malkangiri,Odisha,IN-OD
764046,764046,Orkel,Odisha,IN-OD
764047,764047,Kalimela,Odisha,IN-OD
764048,764048,Malkangiri,Odisha,IN-OD
764049,764049,Tentulikhunti,Odisha,IN-OD
764051,764051,Balimela,Odisha,IN-OD
764052,764052,Chittarkonda,Odisha,IN-OD
764055,764055,Jeypore,Odisha,IN-OD
764056,764056,Boriguma,Odisha,IN-OD
764057,764057,Bhairabsingipur,Odisha,IN-OD
764058,764058,Kotpad,Odisha,IN-OD
764059,764059,Nowrangapur,Odisha,IN-OD
764061,764061,Kosagumuda,Odisha,IN-OD
764062,764062,Gunupur,Odisha,IN-OD
764063,764063,Nowrangapur,Odisha,IN-OD
764070,764070,Tentulikhunti,Odisha,IN-OD
764071,764071,Paparahandi,Odisha,IN-OD
764072,764072,Dabugan,Odisha,IN-OD
764073,764073,Umerkote,Odisha,IN-OD
764074,764074,Raighar,Odisha,IN-OD
764075,764075,Kodinga,Odisha,IN-OD
764076,764076,Jharigan,Odisha,IN-OD
764077,764077,Chandahandi,Odisha,IN-OD
764078,764078,Tentulikhunti,Odisha,IN-OD
764081,764081,Machh kund,Odisha,IN-OD
764085,764085,Khatiguda,Odisha,IN-OD
764086,764086,Malkangiri,Odisha,IN-OD
764087,764087,MV-79,Odisha,IN-OD
764088,764088,Kundei,Odisha,IN-OD
765001,765002,Rayagada,Odisha,IN-OD
765013,765013,Lakshmipur,Odisha,IN-OD
765015,765015,Kashipur,Odisha,IN-OD
765016,765016,Kalyanasingpur,Odisha,IN-OD
765017,765017,Seskhal,Odisha,IN-OD
765018,765019,Bishamakatak,Odisha,IN-OD
765020,765020,Muniguda,Odisha,IN-OD
765021,765021,Ambadala,Odisha,IN-OD
765022,765023,Gunupur,Odisha,IN-OD
765024,765024,Gudari,Odisha,IN-OD
765025,765025,Padmapur,Odisha,IN-OD
765026,765026,Gudari,Odisha,IN-OD
765029,765034,Gunupur,Odisha,IN-OD
766001,766003,Bhawanipatna,Odisha,IN-OD
766011,766012,Kesinga,Odisha,IN-OD
766013,766013,Jayapatna,Odisha,IN-OD
766014,766014,Junagarh,Odisha,IN-OD
766015,766015,Dharmagarh,Odisha,IN-OD
766016,766016,Golamunda,Odisha,IN-OD
766017,766017,Kokasara,Odisha,IN-OD
766018,766018,Jayapatna,Odisha,IN-OD
766019,766019,Kokasara,Odisha,IN-OD
766020,766020,Biswanathpur,Odisha,IN-OD
766023,766023,Junagarh,Odisha,IN-OD
766026,766026,Jayapatna,Odisha,IN-OD
766027,766027,Lanjigarh,Odisha,IN-OD
766028,766028,Kokasara,Odisha,IN-OD
766029,766029,Golamunda,Odisha,IN-OD
766031,766032,Madanpur Rampur,Odisha,IN-OD
766036,766036,Bhawanipatna,Odisha,IN-OD
766037,766037,Thuamul Rampur,Odisha,IN-OD
766100,766100,Narala,Odisha,IN-OD
766101,766101,Kesinga,Odisha,IN-OD
766102,766102,Madanpur Rampur,Odisha,IN-OD
766103,766103,Dharmagarh,Odisha,IN-OD
766104,766104,Khariar Road,Odisha,IN-OD
766105,766105,Nuapada,Odisha,IN-OD
766106,766106,Komna,Odisha,IN-OD
766107,766107,Khariar,Odisha,IN-OD
766108,766108,Sinapali,Odisha,IN-OD
766110,766110,Narala,Odisha,IN-OD
766111,766111,Boden,Odisha,IN-OD
766118,766118,Khariar,Odisha,IN-OD
767001,767002,Balangir,Odisha,IN-OD
767016,767016,Tarbha,Odisha,IN-OD
767017,767017,Sonepur,Odisha,IN-OD
767018,767018,Biramaharajpur,Odisha,IN-OD
767019,767019,Binika,Odisha,IN-OD
767020,767022,Loisinga,Odisha,IN-OD
767023,767023,Dunguripali,Odisha,IN-OD
767024,767024,Balangir,Odisha,IN-OD
767025,767025,Patnagarh,Odisha,IN-OD
767026,767026,Belpara,Odisha,IN-OD
767027,767027,Patnagarh,Odisha,IN-OD
767028,767028,Khaprakhol,Odisha,IN-OD
767029,767030,Tusura,Odisha,IN-OD
767032,767032,Saintala,Odisha,IN-OD
767033,767033,Titilagarh,Odisha,IN-OD
767035,767035,Sindhekela,Odisha,IN-OD
767037,767037,Titilagarh,Odisha,IN-OD
767038,767038,Khaprakhol,Odisha,IN-OD
767039,767039,Kantabanji,Odisha,IN-OD
767040,767040,Bangomunda,Odisha,IN-OD
767041,767041,Patnagarh,Odisha,IN-OD
767042,767042,Titilagarh,Odisha,IN-OD
767045,767045,Binika,Odisha,IN-OD
767046,767046,Tusura,Odisha,IN-OD
767048,767048,Balangir,Odisha,IN-OD
767060,767060,Turekela,Odisha,IN-OD
767061,767061,Loisinga,Odisha,IN-OD
767062,767062,Ulunda,Odisha,IN-OD
767065,767065,Balangir,Odisha,IN-OD
767066,767066,Titilagarh,Odisha,IN-OD
767067,767067,Tusura,Odisha,IN-OD
767068,767068,Dunguripali,Odisha,IN-OD
767070,767070,Saintala,Odisha,IN-OD
767071,767071,Balangir,Odisha,IN-OD
768001,768006,Sambalpur,Odisha,IN-OD
768016,768016,Hirakud,Odisha,IN-OD
768017,768017,Burla,Odisha,IN-OD
768018,768020,Sambalpur,Odisha,IN-OD
768025,768025,Burla,Odisha,IN-OD
768027,768027,Attabira,Odisha,IN-OD
768028,768028,Bargarh,Odisha,IN-OD
768029,768029,Barpali,Odisha,IN-OD
768030,768030,Bhatli,Odisha,IN-OD
768031,768031,Ambabhona,Odisha,IN-OD
768032,768032,Bijepur,Odisha,IN-OD
768033,768033,Sohela,Odisha,IN-OD
768034,768035,Melchhamunda,Odisha,IN-OD
768036,768036,Padmapur,Odisha,IN-OD
768037,768037,Gaisilet,Odisha,IN-OD
768038,768038,Bhatli,Odisha,IN-OD
768039,768039,Paikamal,Odisha,IN-OD
768040,768040,Bargarh,Odisha,IN-OD
768042,768042,Jharbandha,Odisha,IN-OD
768045,768045,Ambabhona,Odisha,IN-OD
768048,768048,Bijepur,Odisha,IN-OD
768049,768049,Padmapur,Odisha,IN-OD
768050,768050,Paikamal,Odisha,IN-OD
768052,768052,Ambabhona,Odisha,IN-OD
768053,768102,Attabira,Odisha,IN-OD
768103,768104,Bheden,Odisha,IN-OD
768105,768105,Jujomura,Odisha,IN-OD
768106,768106,Rairakhol,Odisha,IN-OD
768107,768107,Jamankira,Odisha,IN-OD
768108,768108,Deogarh,Odisha,IN-OD
768109,768109,Reamal,Odisha,IN-OD
768110,768110,Barkot,Odisha,IN-OD
768111,768111,Attabira,Odisha,IN-OD
768112,768112,Jujomura,Odisha,IN-OD
768113,768113,Dhama,Odisha,IN-OD
768115,768115,Bheden,Odisha,IN-OD
768118,768118,Naktideul,Odisha,IN-OD
768119,768119,Debagarh,Odisha,IN-OD
768121,768121,Kisinda,Odisha,IN-OD
768200,768200,Sasan,Odisha,IN-OD
768201,768204,Jharsuguda,Odisha,IN-OD
768210,768210,Thelkoloi,Odisha,IN-OD
768211,768211,Banaharapali,Odisha,IN-OD
768212,768212,Rengali,Odisha,IN-OD
768213,768213,Kolabira,Odisha,IN-OD
768214,768214,Katarbaga,Odisha,IN-OD
768215,768215,Laikera,Odisha,IN-OD
768216,768216,Brajarajnagar,Odisha,IN-OD
768217,768218,Belpahar,Odisha,IN-OD
768219,768219,Lakhanpur,Odisha,IN-OD
768220,768220,Laikera,Odisha,IN-OD
768221,768221,Govindpur,Odisha,IN-OD
768222,768222,Kuchinda,Odisha,IN-OD
768224,768224,Govindpur,Odisha,IN-OD
768225,768225,Brajarajnagar,Odisha,IN-OD
768226,768226,Rengali,Odisha,IN-OD
768227,768228,Mahulpalli,Odisha,IN-OD
768233,768233,Brajarajnagar,Odisha,IN-OD
768234,768234,Banaharapali,Odisha,IN-OD
769001,769016,Rourkela,Odisha,IN-OD
769042,769043,Raurkela,Odisha,IN-OD
770001,770002,Sundargarh,Odisha,IN-OD
770011,770012,Lephripara,Odisha,IN-OD
770013,770013,Hemgir,Odisha,IN-OD
770014,770015,Talasara,Odisha,IN-OD
770016,770016,Baragaon,Odisha,IN-OD
770017,770017,Rajagangapur,Odisha,IN-OD
770018,770018,Kutra,Odisha,IN-OD
770019,770019,Bhasma,Odisha,IN-OD
770020,770020,Sundargarh,Odisha,IN-OD
770021,770021,Lephripara,Odisha,IN-OD
770022,770022,Dharuadihi,Odisha,IN-OD
770023,770023,Rajagangapur,Odisha,IN-OD
770024,770024,Hemgir,Odisha,IN-OD
770025,770025,Bhasma,Odisha,IN-OD
770031,770031,Brahmani Tarang,Odisha,IN-OD
770032,770032,Rourkela,Odisha,IN-OD
770033,770033,Biramitrapur,Odisha,IN-OD
770034,770034,Rajagangapur,Odisha,IN-OD
770035,770035,Hatibari,Odisha,IN-OD
770036,770037,Lathikata,Odisha,IN-OD
770038,770038,Banei,Odisha,IN-OD
770039,770039,Biramitrapur,Odisha,IN-OD
770040,770041,Lahunipara,Odisha,IN-OD
770042,770042,Koida,Odisha,IN-OD
770043,770043,Gurundia,Odisha,IN-OD
770044,770044,Banei,Odisha,IN-OD
770046,770046,Hatibari,Odisha,IN-OD
770048,770048,Koida,Odisha,IN-OD
770051,770051,Banei,Odisha,IN-OD
770052,770052,Koida,Odisha,IN-OD
770070,770070,Kutra,Odisha,IN-OD
770072,770072,Lephripara,Odisha,IN-OD
770073,770073,Sundargarh,Odisha,IN-OD
770074,770074,Talasara,Odisha,IN-OD
770075,770076,Hemgir,Odisha,IN-OD
781001,781101,Guwahati,Assam,IN-AS
781102,781102,Hajo,Assam,IN-AS
781103,781103,Soalkuchi,Assam,IN-AS
781104,781104,Hajo,Assam,IN-AS
781120,781120,Palasbari,Assam,IN-AS
781121,781121,Kamalpur,Assam,IN-AS
781122,781122,Palasbari,Assam,IN-AS
781123,781123,Boko,Assam,IN-AS
781124,781124,Chhaygaon,Assam,IN-AS
781125,781125,Palasbari,Assam,IN-AS
781126,781126,Chamaria,Assam,IN-AS
781127,781127,Nagarbera,Assam,IN-AS
781128,781128,Palasbari,Assam,IN-AS
781129,781129,Boko,Assam,IN-AS
781131,781131,Azara,Assam,IN-AS
781132,781132,Palasbari,Assam,IN-AS
781133,781133,Rangia,Assam,IN-AS
781134,781134,Palasbari,Assam,IN-AS
781135,781135,Boko,Assam,IN-AS
781136,781136,Chamaria,Assam,IN-AS
781137,781137,Goroimari,Assam,IN-AS
781138,781138,Barkhetri,Assam,IN-AS
781141,781141,Chhaygaon,Assam,IN-AS
781150,781171,Guwahati,Assam,IN-AS
781301,781301,Barpeta,Assam,IN-AS
781302,781302,Chenga,Assam,IN-AS
781303,781304,Pachim Nalbari,Assam,IN-AS
781305,781305,Chenga,Assam,IN-AS
781306,781306,Pachim Nalbari,Assam,IN-AS
781307,781307,Sarthebari,Assam,IN-AS
781308,781308,Baghbor,Assam,IN-AS
781309,781309,Barpeta,Assam,IN-AS
781310,781310,Pachim Nalbari,Assam,IN-AS
781311,781311,Sarthebari,Assam,IN-AS
781312,781312,Barkhetri,Assam,IN-AS
781313,781313,Sarupeta,Assam,IN-AS
781314,781314,Barpeta,Assam,IN-AS
781315,781315,Barpeta Road,Assam,IN-AS
781316,781316,Howli,Assam,IN-AS
781317,781317,Sorbhog,Assam,IN-AS
781318,781318,Sarupeta,Assam,IN-AS
781319,781319,Kalgachia,Assam,IN-AS
781320,781320,Sarupeta,Assam,IN-AS
781321,781321,Baghbor,Assam,IN-AS
781325,781325,Pathsala,Assam,IN-AS
781326,781326,Patacharkuchi,Assam,IN-AS
781327,781327,Jalah,Assam,IN-AS
781328,781328,Sarupeta,Assam,IN-AS
781329,781329,Bajali,Assam,IN-AS
781330,781330,Jalah,Assam,IN-AS
781333,781333,Barama Pt,Assam,IN-AS
781334,781337,Nalbari,Assam,IN-AS
781338,781338,Pachim Nalbari,Assam,IN-AS
781339,781339,Barbhag,Assam,IN-AS
781340,781340,Banekuchi,Assam,IN-AS
781341,781341,Nalbari,Assam,IN-AS
781343,781343,Baska,Assam,IN-AS
781344,781344,Baganpara,Assam,IN-AS
781346,781346,Barama Pt,Assam,IN-AS
781347,781348,Barbhag,Assam,IN-AS
781349,781349,Baganpara,Assam,IN-AS
781350,781350,Koya,Assam,IN-AS
781351,781351,Ghograpar,Assam,IN-AS
781352,781352,Sarupeta,Assam,IN-AS
781353,781353,Pachim Nalbari,Assam,IN-AS
781354,781354,Rangia,Assam,IN-AS
781355,781355,Tihu,Assam,IN-AS
781360,781360,Tamulpur,Assam,IN-AS
781364,781364,Goreswar,Assam,IN-AS
781365,781365,Rangia,Assam,IN-AS
781366,781366,Goreswar,Assam,IN-AS
781367,781368,Tamulpur,Assam,IN-AS
781369,781369,Ghograpar,Assam,IN-AS
781370,781370,Banekuchi,Assam,IN-AS
781371,781371,Tihu,Assam,IN-AS
781372,781372,Baska,Assam,IN-AS
781373,781373,Jalah,Assam,IN-AS
781374,781374,Tihu,Assam,IN-AS
781375,781375,Sarthebari,Assam,IN-AS
781376,781376,Rangia,Assam,IN-AS
781377,781377,Baska,Assam,IN-AS
781378,781378,Tihu,Assam,IN-AS
781380,781382,Kamalpur,Assam,IN-AS
782001,782102,Nagaon,Assam,IN-AS
782103,782103,Raha,Assam,IN-AS
782104,782105,Morigaon,Assam,IN-AS
782106,782106,Mikirbheta,Assam,IN-AS
782120,782120,Tezpur,Assam,IN-AS
782121,782121,Bhuragaon,Assam,IN-AS
782122,782123,Dhing,Assam,IN-AS
782124,782125,Rupahi,Assam,IN-AS
782126,782127,Laharighat,Assam,IN-AS
782128,782128,Rupahi,Assam,IN-AS
782135,782135,Samaguri,Assam,IN-AS
782136,782136,Na-Duar,Assam,IN-AS
782137,782139,Kaliabor,Assam,IN-AS
782140,782141,Samaguri,Assam,IN-AS
782142,782142,Nagaon,Assam,IN-AS
782143,782143,Kaliabor,Assam,IN-AS
782144,782144,Nagaon,Assam,IN-AS
782401,782403,Guwahati,Assam,IN-AS
782410,782411,Mayong,Assam,IN-AS
782412,782412,Morigaon,Assam,IN-AS
782413,782413,Sarupathar,Assam,IN-AS
782425,782425,Raha,Assam,IN-AS
782426,782427,Kampur,Assam,IN-AS
782428,782428,Doboka,Assam,IN-AS
782429,782435,Hojai,Assam,IN-AS
782439,782439,Lanka,Assam,IN-AS
782440,782440,Doboka,Assam,IN-AS
782441,782441,Dokmoka,Assam,IN-AS
782442,782442,Lanka,Assam,IN-AS
782445,782445,Doboka,Assam,IN-AS
782446,782446,Lanka,Assam,IN-AS
782447,782447,Donka,Assam,IN-AS
782448,782450,Sarupathar,Assam,IN-AS
782460,782460,Diphu,Assam,IN-AS
782461,782461,Donka,Assam,IN-AS
782462,782462,Diphu,Assam,IN-AS
782470,782470,Donka,Assam,IN-AS
782480,782480,Bokajan,Assam,IN-AS
782481,782481,Howraghat,Assam,IN-AS
782482,782482,Diphu,Assam,IN-AS
782485,782486,Sarupathar,Assam,IN-AS
782490,782490,Bokajan,Assam,IN-AS
783101,783101,Goalpara,Assam,IN-AS
783120,783120,Balijana,Assam,IN-AS
783122,783122,Dudhnai,Assam,IN-AS
783123,783123,Rangjuli,Assam,IN-AS
783124,783124,Dudhnai,Assam,IN-AS
783125,783126,Matia,Assam,IN-AS
783127,783128,Salmara,Assam,IN-AS
783129,783129,Lakhipur,Assam,IN-AS
783130,783130,Rangjuli,Assam,IN-AS
783131,783131,Mankachar,Assam,IN-AS
783132,783132,Lakhipur,Assam,IN-AS
783133,783133,Matia,Assam,IN-AS
783134,783134,Dudhnai,Assam,IN-AS
783135,783135,Mankachar,Assam,IN-AS
783301,783330,Dhubri,Assam,IN-AS
783331,783331,Gauripur,Assam,IN-AS
783332,783332,Golakganj,Assam,IN-AS
783333,783333,Goshaingaon,Assam,IN-AS
783334,783334,Golakganj,Assam,IN-AS
783335,783335,Agamoni,Assam,IN-AS
783336,783336,Goshaingaon,Assam,IN-AS
783337,783337,Sapatgram,Assam,IN-AS
783339,783339,Dhubri,Assam,IN-AS
783345,783345,Dotoma,Assam,IN-AS
783346,783346,Kokrajhar,Assam,IN-AS
783347,783347,Dotoma,Assam,IN-AS
783348,783348,Bilasipara,Assam,IN-AS
783349,783349,Bagribari,Assam,IN-AS
783350,783350,Goshaingaon,Assam,IN-AS
783354,783354,Dotoma,Assam,IN-AS
783360,783361,Goshaingaon,Assam,IN-AS
783369,783370,Kokrajhar,Assam,IN-AS
783371,783371,Chapar,Assam,IN-AS
783372,783372,Basugaon,Assam,IN-AS
783373,783373,Bengtol,Assam,IN-AS
783375,783375,Srijangram,Assam,IN-AS
783376,783376,Kokrajhar,Assam,IN-AS
783380,783381,Bongaigaon,Assam,IN-AS
783382,783382,Boitamari,Assam,IN-AS
783383,783383,Katlichara,Assam,IN-AS
783384,783384,Abhayapuri,Assam,IN-AS
783385,783385,Bengtol,Assam,IN-AS
783388,783389,Bongaigaon,Assam,IN-AS
783390,783390,Bijni,Assam,IN-AS
783391,783391,Sidli,Assam,IN-AS
783392,783392,Bijni,Assam,IN-AS
783393,783393,Sidli,Assam,IN-AS
783394,783394,Srijangram,Assam,IN-AS
784001,784025,Tezpur,Assam,IN-AS
784026,784026,Chariduar,Assam,IN-AS
784027,784028,Tezpur,Assam,IN-AS
784101,784103,Chariduar,Assam,IN-AS
784104,784104,Tezpur,Assam,IN-AS
784105,784105,Chariduar,Assam,IN-AS
784110,784112,Dhekiajuli,Assam,IN-AS
784113,784113,Udalguri,Assam,IN-AS
784114,784114,Dalgaon,Assam,IN-AS
784115,784115,Kharupetia,Assam,IN-AS
784116,784116,Dalgaon,Assam,IN-AS
784117,784117,Dhekiajuli,Assam,IN-AS
784125,784125,Mangaldai,Assam,IN-AS
784144,784144,Pathorighat,Assam,IN-AS
784145,784145,Sipajhar,Assam,IN-AS
784146,784146,Dalgaon,Assam,IN-AS
784147,784148,Pathorighat,Assam,IN-AS
784149,784149,Thelamara,Assam,IN-AS
784150,784154,Tezpur,Assam,IN-AS
784160,784161,Bihpuriagaon,Assam,IN-AS
784163,784165,Narayanpur,Assam,IN-AS
784166,784167,Biswanath,Assam,IN-AS
784168,784169,Gohpur,Assam,IN-AS
784170,784172,Helem,Assam,IN-AS
784173,784174,Biswanath,Assam,IN-AS
784175,784175,Na-Duar,Assam,IN-AS
784176,784177,Biswanath,Assam,IN-AS
784178,784178,Gohpur,Assam,IN-AS
784179,784179,Helem,Assam,IN-AS
784180,784182,Na-Duar,Assam,IN-AS
784184,784184,Biswanath,Assam,IN-AS
784189,784189,Na-Duar,Assam,IN-AS
784190,784190,Dalgaon,Assam,IN-AS
784501,784501,Tezpur,Assam,IN-AS
784502,784504,Chariduar,Assam,IN-AS
784505,784505,Rangapara,Assam,IN-AS
784506,784506,Thelamara,Assam,IN-AS
784507,784508,Mazbat,Assam,IN-AS
784509,784509,Udalguri,Assam,IN-AS
784510,784510,Harisinga,Assam,IN-AS
784513,784513,Udalguri,Assam,IN-AS
784514,784514,Dalgaon,Assam,IN-AS
784521,784521,Tangla,Assam,IN-AS
784522,784522,Kalaigaon,Assam,IN-AS
784523,784524,Harisinga,Assam,IN-AS
784525,784525,Khoirabari,Assam,IN-AS
784526,784528,Harisinga,Assam,IN-AS
784529,784529,Mangaldai,Assam,IN-AS
785001,785008,Jorhat,Assam,IN-AS
785009,785009,Titabar,Assam,IN-AS
785010,785101,Jorhat,Assam,IN-AS
785102,785106,Majuli,Assam,IN-AS
785107,785107,Teok,Assam,IN-AS
785108,785108,Jorhat,Assam,IN-AS
785110,785110,Majuli,Assam,IN-AS
785111,785111,Jorhat,Assam,IN-AS
785112,785112,Teok,Assam,IN-AS
785601,785601,Sarupathar,Assam,IN-AS
785602,785602,Barpathar,Assam,IN-AS
785603,785603,Golaghat,Assam,IN-AS
785609,785609,Bokakhat,Assam,IN-AS
785610,785610,Golaghat,Assam,IN-AS
785611,785611,Khumtai,Assam,IN-AS
785612,785612,Bokakhat,Assam,IN-AS
785613,785613,Morangi,Assam,IN-AS
785614,785614,Dergaon,Assam,IN-AS
785615,785615,Numaligarh,Assam,IN-AS
785616,785616,Titabar,Assam,IN-AS
785618,785618,Dergaon,Assam,IN-AS
785619,785619,Bokakhat,Assam,IN-AS
785621,785625,Golaghat,Assam,IN-AS
785626,785626,Dergaon,Assam,IN-AS
785630,785632,Titabar,Assam,IN-AS
785633,785636,Mariani,Assam,IN-AS
785640,785640,Sivasagar,Assam,IN-AS
785661,785661,Amguri,Assam,IN-AS
785662,785662,Dimow,Assam,IN-AS
785663,785664,Sivasagar,Assam,IN-AS
785665,785666,Amguri,Assam,IN-AS
785667,785667,Sivasagar,Assam,IN-AS
785669,785669,Dimow,Assam,IN-AS
785670,785670,Moranha,Assam,IN-AS
785671,785672,Dimow,Assam,IN-AS
785673,785673,Mahmora,Assam,IN-AS
785674,785674,Dimow,Assam,IN-AS
785675,785676,Moranha,Assam,IN-AS
785680,785681,Amguri,Assam,IN-AS
785682,785682,Teok,Assam,IN-AS
785683,785684,Amguri,Assam,IN-AS
785685,785687,Nazira,Assam,IN-AS
785688,785690,Sonari,Assam,IN-AS
785691,785691,Mahmora,Assam,IN-AS
785692,785693,Sonari,Assam,IN-AS
785696,785696,Nazira,Assam,IN-AS
785697,785697,Sivasagar,Assam,IN-AS
785698,785698,Sonari,Assam,IN-AS
785699,785699,Bokakhat,Assam,IN-AS
785700,785700,Teok,Assam,IN-AS
785701,785701,Sivasagar,Assam,IN-AS
785702,785702,Golaghat,Assam,IN-AS
785703,785704,Jorhat,Assam,IN-AS
785705,785705,Golaghat,Assam,IN-AS
786001,786012,Dibrugarh,Assam,IN-AS
786101,786102,Chabua,Assam,IN-AS
786103,786103,Tengakhat,Assam,IN-AS
786125,786148,Tinsukia,Assam,IN-AS
786150,786150,Doom Dooma,Assam,IN-AS
786151,786151,Dum Duma,Assam,IN-AS
786152,786154,Doom Dooma,Assam,IN-AS
786155,786155,Sadiya,Assam,IN-AS
786156,786156,Doom Dooma,Assam,IN-AS
786157,786158,Sadiya,Assam,IN-AS
786159,786159,Dum Duma,Assam,IN-AS
786160,786160,Doom Dooma,Assam,IN-AS
786170,786170,Makum,Assam,IN-AS
786171,786173,Digboi,Assam,IN-AS
786174,786182,Margherita,Assam,IN-AS
786183,786183,Tinsukia,Assam,IN-AS
786184,786184,Chabua,Assam,IN-AS
786187,786188,Margherita,Assam,IN-AS
786189,786189,Chabua,Assam,IN-AS
786190,786190,Doom Dooma,Assam,IN-AS
786191,786191,Tengakhat,Assam,IN-AS
786192,786601,Tinsukia,Assam,IN-AS
786602,786602,Tengakhat,Assam,IN-AS
786610,786610,Nahorkatiya,Assam,IN-AS
786611,786613,Tingkhong,Assam,IN-AS
786614,786614,Naharkatiya,Assam,IN-AS
786621,786621,Namrup,Assam,IN-AS
786622,786623,Naharkatiya,Assam,IN-AS
786692,786692,Duliagaon,Assam,IN-AS
787001,787001,North Lakhimpur,Assam,IN-AS
787023,787023,Naobaicha,Assam,IN-AS
787026,787026,Gogamukh,Assam,IN-AS
787031,787031,North Lakhimpur,Assam,IN-AS
787032,787032,Kadam,Assam,IN-AS
787033,787033,Narayanpur,Assam,IN-AS
787034,787035,Gogamukh,Assam,IN-AS
787051,787052,North Lakhimpur,Assam,IN-AS
787053,787053,Subansiri,Assam,IN-AS
787054,787054,Bihpuriagaon,Assam,IN-AS
787055,787055,Dhakuakhana,Assam,IN-AS
787056,787056,Kadam,Assam,IN-AS
787057,787057,Dhemaji,Assam,IN-AS
787058,787058,Dhakuakhana,Assam,IN-AS
787059,787059,Silapathar,Assam,IN-AS
787060,787061,Jonai,Assam,IN-AS
787110,787110,Sissibargaon,Assam,IN-AS
788001,788001,Silchar,Assam,IN-AS
788002,788002,Katigora,Assam,IN-AS
788003,788005,Silchar,Assam,IN-AS
788006,788006,Katigora,Assam,IN-AS
788007,788009,Silchar,Assam,IN-AS
788010,788015,Katigora,Assam,IN-AS
788025,788025,Maibang,Assam,IN-AS
788026,788026,Katigora,Assam,IN-AS
788030,788031,Silchar,Assam,IN-AS
788098,788098,Sonai,Assam,IN-AS
788099,788099,Udarbond,Assam,IN-AS
788101,788102,Sonai,Assam,IN-AS
788103,788103,Lakhipur,Assam,IN-AS
788104,788107,Sonai,Assam,IN-AS
788108,788109,Silchar,Assam,IN-AS
788110,788113,Katigora,Assam,IN-AS
788114,788116,Udarbond,Assam,IN-AS
788117,788118,Katigora,Assam,IN-AS
788119,788119,Sonai,Assam,IN-AS
788120,788123,Udarbond,Assam,IN-AS
788126,788126,Sonai,Assam,IN-AS
788127,788127,Katigora,Assam,IN-AS
788150,788150,Ramkrishna Nagar,Assam,IN-AS
788151,788151,Hailakandi,Assam,IN-AS
788152,788152,Algapur,Assam,IN-AS
788155,788155,Hailakandi,Assam,IN-AS
788156,788156,Patharkandi,Assam,IN-AS
788160,788160,Hailakandi,Assam,IN-AS
788161,788163,Lala,Assam,IN-AS
788164,788164,Hailakandi,Assam,IN-AS
788165,788165,Lala,Assam,IN-AS
788166,788166,Patharkandi,Assam,IN-AS
788168,788168,Hailakandi,Assam,IN-AS
788701,788701,Karimganj,Assam,IN-AS
788709,788709,Lakhipur,Assam,IN-AS
788710,788712,Karimganj,Assam,IN-AS
788713,788713,Lakhipur,Assam,IN-AS
788719,788723,Badarpur,Assam,IN-AS
788724,788728,Nilambazar,Assam,IN-AS
788733,788738,Patharkandi,Assam,IN-AS
788781,788781,Lakhipur,Assam,IN-AS
788801,788801,Ramkrishna Nagar,Assam,IN-AS
788802,788803,Badarpur,Assam,IN-AS
788804,788805,Maibang,Assam,IN-AS
788806,788806,Karimganj,Assam,IN-AS
788815,788817,Maibang,Assam,IN-AS
788818,788818,Umrangso,Assam,IN-AS
788819,788820,Haflong,Assam,IN-AS
788830,788830,Mahur,Assam,IN-AS
788831,788831,Maibang,Assam,IN-AS
788832,788832,Mahur,Assam,IN-AS
788931,788931,Silonijan,Assam,IN-AS
790001,790001,Bomdila,Arunachal Pradesh,IN-AR
790002,790002,Kalaktang,Arunachal Pradesh,IN-AR
790003,790003,Shergaon,Arunachal Pradesh,IN-AR
790101,790101,Dirang,Arunachal Pradesh,IN-AR
790102,790102,Pipu Dipu,Arunachal Pradesh,IN-AR
790103,790103,Seijosa,Arunachal Pradesh,IN-AR
790104,790104,Kitpi,Arunachal Pradesh,IN-AR
790105,790105,Thingbu,Arunachal Pradesh,IN-AR
790106,790106,Zemithang,Arunachal Pradesh,IN-AR
790114,790114,Seijosa,Arunachal Pradesh,IN-AR
790116,790116,Singchung,Arunachal Pradesh,IN-AR
791001,791001,Aalo,Arunachal Pradesh,IN-AR
791002,791002,Yingkiong,Arunachal Pradesh,IN-AR
791003,791003,Nacho,Arunachal Pradesh,IN-AR
791101,791101,Daring,Arunachal Pradesh,IN-AR
791102,791102,Pasighat,Arunachal Pradesh,IN-AR
791103,791104,Mebo,Arunachal Pradesh,IN-AR
791105,791105,Tuting,Arunachal Pradesh,IN-AR
791109,791109,Naharlagun,Arunachal Pradesh,IN-AR
791110,791111,Itanagar,Arunachal Pradesh,IN-AR
791112,791112,Doimukh,Arunachal Pradesh,IN-AR
791113,791113,Sangdupota Basar Nello,Arunachal Pradesh,IN-AR
791114,791114,Sagalee,Arunachal Pradesh,IN-AR
791118,791118,Parsi-Parlo,Arunachal Pradesh,IN-AR
791119,791119,Yazali,Arunachal Pradesh,IN-AR
791120,791120,Ziro,Arunachal Pradesh,IN-AR
791121,791121,Dollungmukh,Arunachal Pradesh,IN-AR
791122,791122,Daporijo,Arunachal Pradesh,IN-AR
791123,791123,Naharlagun,Arunachal Pradesh,IN-AR
791125,791125,Kangku,Arunachal Pradesh,IN-AR
792001,792001,Tezu,Arunachal Pradesh,IN-AR
792055,792055,Vijoynagar,Arunachal Pradesh,IN-AR
792056,792056,Piyong,Arunachal Pradesh,IN-AR
792101,792101,Etalin,Arunachal Pradesh,IN-AR
792102,792102,Wakro,Arunachal Pradesh,IN-AR
792103,792103,Namsai,Arunachal Pradesh,IN-AR
792104,792104,Hawai,Arunachal Pradesh,IN-AR
792105,792105,Lekang Mahadevpur,Arunachal Pradesh,IN-AR
792110,792110,Roing,Arunachal Pradesh,IN-AR
792111,792111,Sunpura,Arunachal Pradesh,IN-AR
792120,792120,Khimiyang,Arunachal Pradesh,IN-AR
792121,792121,Manmao,Arunachal Pradesh,IN-AR
792122,792122,Miao,Arunachal Pradesh,IN-AR
792123,792123,Tikhak Rima Putok,Arunachal Pradesh,IN-AR
792129,792129,Deomali,Arunachal Pradesh,IN-AR
792130,792130,Khonsa,Arunachal Pradesh,IN-AR
792131,792131,Pangchao,Arunachal Pradesh,IN-AR
793001,793008,Shillong,Meghalaya,IN-ML
793009,793009,Mylliem,Meghalaya,IN-ML
793010,793014,Shillong,Meghalaya,IN-ML
793015,793015,Mawkynrew,Meghalaya,IN-ML
793016,793016,Mawphlang,Meghalaya,IN-ML
793017,793017,Shillong,Meghalaya,IN-ML
793018,793018,Mawryngkneng,Meghalaya,IN-ML
793019,793019,Shillong,Meghalaya,IN-ML
793021,793021,Mawryngkneng,Meghalaya,IN-ML
793022,793022,Shillong,Meghalaya,IN-ML
793101,793101,Umling,Meghalaya,IN-ML
793102,793102,Nongpoh,Meghalaya,IN-ML
793103,793103,Mylliem,Meghalaya,IN-ML
793104,793105,Umsning,Meghalaya,IN-ML
793106,793106,Ranikor,Meghalaya,IN-ML
793107,793107,Shella Bholaganj,Meghalaya,IN-ML
793108,793108,Cherrapunji,Meghalaya,IN-ML
793109,793109,Amlarem,Meghalaya,IN-ML
793110,793110,Pynursla,Meghalaya,IN-ML
793111,793111,Shillong,Meghalaya,IN-ML
793112,793112,Shella Bholaganj,Meghalaya,IN-ML
793113,793113,Mawsynram,Meghalaya,IN-ML
793114,793114,Mawkyrwat,Meghalaya,IN-ML
793115,793115,Mawphlang,Meghalaya,IN-ML
793116,793116,Umsning,Meghalaya,IN-ML
793119,793119,Nongstoin,Meghalaya,IN-ML
793120,793120,Mairang,Meghalaya,IN-ML
793121,793121,Mawsynram,Meghalaya,IN-ML
793122,793122,Umsning,Meghalaya,IN-ML
793123,793123,Jirang,Meghalaya,IN-ML
793126,793126,Mawshynrut,Meghalaya,IN-ML
793150,793151,Thadlaskein,Meghalaya,IN-ML
793160,793160,Khliehriat,Meghalaya,IN-ML
793161,793161,Amlarem,Meghalaya,IN-ML
793200,793200,Saipung,Meghalaya,IN-ML
793210,793210,Khliehriat,Meghalaya,IN-ML
794001,794002,Tura,Meghalaya,IN-ML
794003,794003,Dadenggiri,Meghalaya,IN-ML
794005,794005,Tura,Meghalaya,IN-ML
794101,794101,Rongram,Meghalaya,IN-ML
794102,794102,Baghmara,Meghalaya,IN-ML
794103,794103,Dalu,Meghalaya,IN-ML
794104,794105,Selsella,Meghalaya,IN-ML
794106,794106,Zikzak,Meghalaya,IN-ML
794107,794107,Mawshynrut,Meghalaya,IN-ML
794108,794108,Resubelpara,Meghalaya,IN-ML
794109,794109,Tikrikilla,Meghalaya,IN-ML
794110,794110,Dambo Rongjeng,Meghalaya,IN-ML
794111,794111,Songsak,Meghalaya,IN-ML
794112,794112,Kharkutta,Meghalaya,IN-ML
794114,794114,Rongara,Meghalaya,IN-ML
794115,794115,Zikzak,Meghalaya,IN-ML
795001,795001,Imphal,Manipur,IN-MN
795002,795002,Saitu-Gamphazol,Manipur,IN-MN
795003,795005,Imphal,Manipur,IN-MN
795006,795006,Singngat,Manipur,IN-MN
795007,795007,Tadubi,Manipur,IN-MN
795008,795008,Imphal,Manipur,IN-MN
795009,795009,Wangoi,Manipur,IN-MN
795010,795010,Imphal,Manipur,IN-MN
795011,795011,Bishnupur,Manipur,IN-MN
795101,795101,Chandel,Manipur,IN-MN
795102,795102,Chakpikarong,Manipur,IN-MN
795103,795103,Kakching,Manipur,IN-MN
795104,795105,Paomata,Manipur,IN-MN
795106,795106,Tadubi,Manipur,IN-MN
795107,795107,Saitu-Gamphazol,Manipur,IN-MN
795112,795112,Tamenglong,Manipur,IN-MN
795113,795113,Patsoi,Manipur,IN-MN
795114,795114,Saikul,Manipur,IN-MN
795115,795115,Tamenglong,Manipur,IN-MN
795116,795116,Tipaimukh,Manipur,IN-MN
795117,795117,Saikot,Manipur,IN-MN
795118,795118,Saikul,Manipur,IN-MN
795122,795122,Saitu-Gamphazol,Manipur,IN-MN
795124,795124,Bishnupur,Manipur,IN-MN
795125,795125,Tamenglong,Manipur,IN-MN
795126,795126,Bishnupur,Manipur,IN-MN
795127,795127,Chandel,Manipur,IN-MN
795128,795128,Churachandpur,Manipur,IN-MN
795129,795129,Kangpokpi,Manipur,IN-MN
795130,795130,Lilong,Manipur,IN-MN
795131,795131,Tengnoupal,Manipur,IN-MN
795132,795132,Mayang Imphal,Manipur,IN-MN
795133,795133,Moirang,Manipur,IN-MN
795134,795134,Nambol,Manipur,IN-MN
795135,795135,Tengnoupal,Manipur,IN-MN
795136,795136,Lamsang,Manipur,IN-MN
795138,795138,Thoubal,Manipur,IN-MN
795139,795139,Singngat,Manipur,IN-MN
795140,795140,Wangoi,Manipur,IN-MN
795141,795141,Tamenglong,Manipur,IN-MN
795142,795144,Ukhrul,Manipur,IN-MN
795145,795145,Kamjong,Manipur,IN-MN
795146,795146,Lamsang,Manipur,IN-MN
795147,795147,Nungba,Manipur,IN-MN
795148,795148,Wangjing,Manipur,IN-MN
795149,795149,Yairipok,Manipur,IN-MN
795150,795150,Tadubi,Manipur,IN-MN
795159,795159,Tamenglong,Manipur,IN-MN
796001,796014,Aizawl,Mizoram,IN-MZ
796015,796015,Tlangnuam,Mizoram,IN-MZ
796017,796017,Darlawn,Mizoram,IN-MZ
796036,796036,Aizawl,Mizoram,IN-MZ
796070,796075,'N' Thingdawl,Mizoram,IN-MZ
796081,796081,Kolasib,Mizoram,IN-MZ
796091,796101,Bilkhawthlir,Mizoram,IN-MZ
796111,796111,Darlawn,Mizoram,IN-MZ
796161,796181,Serchhip,Mizoram,IN-MZ
796184,796184,Lungdar,Mizoram,IN-MZ
796186,796186,Thenzawl,Mizoram,IN-MZ
796190,796190,Aibawk,Mizoram,IN-MZ
796230,796230,Aizawl,Mizoram,IN-MZ
796261,796261,Phullen,Mizoram,IN-MZ
796290,796290,Ngopa,Mizoram,IN-MZ
796310,796310,Khawzawl,Mizoram,IN-MZ
796320,796320,Khawbung,Mizoram,IN-MZ
796321,796321,Champhai,Mizoram,IN-MZ
796370,796370,Khawzawl,Mizoram,IN-MZ
796410,796410,Sairang,Mizoram,IN-MZ
796421,796421,Reiek,Mizoram,IN-MZ
796431,796431,Phaileng,Mizoram,IN-MZ
796441,796441,Mamit,Mizoram,IN-MZ
796470,796471,Zawlnuam,Mizoram,IN-MZ
796501,796501,Reiek,Mizoram,IN-MZ
796571,796581,Hnahthial,Mizoram,IN-MZ
796691,796701,Lunglei,Mizoram,IN-MZ
796710,796710,Bunghmun,Mizoram,IN-MZ
796751,796751,Lungsen,Mizoram,IN-MZ
796770,796770,Chawngte,Mizoram,IN-MZ
796772,796772,Lawngtlai,Mizoram,IN-MZ
796810,796810,Sangau,Mizoram,IN-MZ
796891,796891,Lawngtlai,Mizoram,IN-MZ
796901,796901,Saiha,Mizoram,IN-MZ
797001,797001,Kohima,Nagaland,IN-NL
797002,797002,Sechu-Zubza,Nagaland,IN-NL
797003,797004,Kohima,Nagaland,IN-NL
797006,797006,Jakhama,Nagaland,IN-NL
797099,797099,Bhandaritc,Nagaland,IN-NL
797101,797101,Tening,Nagaland,IN-NL
797103,797103,Medziphema,Nagaland,IN-NL
797104,797104,Phek,Nagaland,IN-NL
797105,797105,Chiephobozou,Nagaland,IN-NL
797106,797106,Medziphema,Nagaland,IN-NL
797107,797108,Phek,Nagaland,IN-NL
797109,797109,Tsogin,Nagaland,IN-NL
797110,797110,Athibung,Nagaland,IN-NL
797111,797111,Wokha,Nagaland,IN-NL
797112,797113,Dimapur,Nagaland,IN-NL
797114,797114,Meluri,Nagaland,IN-NL
797115,797118,Dimapur,Nagaland,IN-NL
797120,797121,Kohima,Nagaland,IN-NL
798601,798601,Mokokchung,Nagaland,IN-NL
798602,798602,Tizit,Nagaland,IN-NL
798603,798603,Mopong,Nagaland,IN-NL
798604,798604,Changpang,Nagaland,IN-NL
798607,798607,Ongpangkong,Nagaland,IN-NL
798611,798611,Pungro,Nagaland,IN-NL
798612,798612,Tuensang,Nagaland,IN-NL
798613,798613,Changtongya,Nagaland,IN-NL
798614,798614,Chuchuyimlang,Nagaland,IN-NL
798615,798615,Kubolong,Nagaland,IN-NL
798616,798616,Longkhim,Nagaland,IN-NL
798618,798618,Tuli,Nagaland,IN-NL
798620,798620,Zunheboto,Nagaland,IN-NL
798621,798621,Mon,Nagaland,IN-NL
798622,798622,Naginimora,Nagaland,IN-NL
798623,798623,Tuli,Nagaland,IN-NL
798625,798625,Longleng,Nagaland,IN-NL
798627,798627,Akuluto,Nagaland,IN-NL
799001,799010,Agartala,Tripura,IN-TR
799011,799011,Jampuijala,Tripura,IN-TR
799012,799012,Agartala,Tripura,IN-TR
799013,799013,Udaipur,Tripura,IN-TR
799014,799014,Agartala,Tripura,IN-TR
799015,799015,Mohanpur,Tripura,IN-TR
799022,799022,Agartala,Tripura,IN-TR
799035,799035,Ranir Bazar,Tripura,IN-TR
799045,799046,Jirania,Tripura,IN-TR
799101,799101,Amarpur,Tripura,IN-TR
799102,799103,Bishalgarh,Tripura,IN-TR
799104,799104,Karbook,Tripura,IN-TR
799105,799114,Udaipur,Tripura,IN-TR
799115,799115,Sonamura,Tripura,IN-TR
799120,799125,Udaipur,Tripura,IN-TR
799130,799130,Agartala,Tripura,IN-TR
799131,799132,Sonamura,Tripura,IN-TR
799141,799142,Santirbazar,Tripura,IN-TR
799143,799143,Sabroom,Tripura,IN-TR
799144,799144,Santirbazar,Tripura,IN-TR
799145,799145,Sabrum,Tripura,IN-TR
799150,799157,Belonia,Tripura,IN-TR
799201,799202,Khowai,Tripura,IN-TR
799203,799203,Teliamura,Tripura,IN-TR
799204,799204,Ambasa,Tripura,IN-TR
799205,799205,Teliamura,Tripura,IN-TR
799207,799212,Mohanpur,Tripura,IN-TR
799250,799254,Dharmanagar,Tripura,IN-TR
799256,799256,Kanchanpur,Tripura,IN-TR
799260,799260,Panisagar,Tripura,IN-TR
799261,799262,Dharmanagar,Tripura,IN-TR
799263,799264,Kumarghat,Tripura,IN-TR
799266,799266,Longtharai Valley,Tripura,IN-TR
799269,799271,Kanchanpur,Tripura,IN-TR
799273,799275,Longtharai Valley,Tripura,IN-TR
799277,799277,Kailashahar,Tripura,IN-TR
799278,799278,Kamalpur,Tripura,IN-TR
799279,799282,Kailashahar,Tripura,IN-TR
799284,799284,Gandacherra,Tripura,IN-TR
799285,799287,Kamalpur,Tripura,IN-TR
799288,799288,Kumarghat,Tripura,IN-TR
799289,799289,Ambasa,Tripura,IN-TR
799290,799290,Kumarghat,Tripura,IN-TR
800001,800030,Patna,Bihar,IN-BR
801102,801102,Dulhin Bazar,Bihar,IN-BR
801103,801103,Bihta,Bihar,IN-BR
801104,801104,Bikram,Bihar,IN-BR
801105,801105,Patna,Bihar,IN-BR
801106,801106,Bihta,Bihar,IN-BR
801108,801108,Maner,Bihar,IN-BR
801109,801109,Naubatpur,Bihar,IN-BR
801110,801110,Paliganj,Bihar,IN-BR
801111,801111,Naubatpur,Bihar,IN-BR
801112,801112,Bikram,Bihar,IN-BR
801113,801113,Bihta,Bihar,IN-BR
801301,801301,Ekangarsarai,Bihar,IN-BR
801302,801302,Hilsa,Bihar,IN-BR
801303,801303,Islampur,Bihar,IN-BR
801304,801304,Daniawan,Bihar,IN-BR
801305,801305,Nagar Nausa,Bihar,IN-BR
801306,801306,Ekangarsarai,Bihar,IN-BR
801307,801307,Tharthari,Bihar,IN-BR
801503,801503,Dinapore,Bihar,IN-BR
801505,801506,Patna,Bihar,IN-BR
801507,801507,Phulwari,Bihar,IN-BR
802101,802103,Buxar,Bihar,IN-BR
802111,802111,Chakki,Bihar,IN-BR
802112,802112,Shahpur,Bihar,IN-BR
802113,802113,Simri,Bihar,IN-BR
802114,802114,Chausa,Bihar,IN-BR
802115,802115,Chaugain,Bihar,IN-BR
802116,802116,Buxar,Bihar,IN-BR
802117,802117,Rajpur,Bihar,IN-BR
802118,802118,Buxar,Bihar,IN-BR
802119,802119,Dumraon,Bihar,IN-BR
802120,802120,Simri,Bihar,IN-BR
802122,802122,Rajpur,Bihar,IN-BR
802123,802123,Itarhi,Bihar,IN-BR
802125,802125,Nawanagar,Bihar,IN-BR
802126,802126,Dumraon,Bihar,IN-BR
802127,802127,Chaugain,Bihar,IN-BR
802128,802128,Rajpur,Bihar,IN-BR
802129,802129,Nawanagar,Bihar,IN-BR
802130,802130,Chakki,Bihar,IN-BR
802131,802131,Simri,Bihar,IN-BR
802132,802132,Nuaon,Bihar,IN-BR
802133,802133,Simri,Bihar,IN-BR
802134,802134,Barhampur,Bihar,IN-BR
802135,802135,Simri,Bihar,IN-BR
802136,802136,Dumraon,Bihar,IN-BR
802152,802154,Behea,Bihar,IN-BR
802155,802155,Piro,Bihar,IN-BR
802156,802156,Ara,Bihar,IN-BR
802157,802157,Udwant Nagar,Bihar,IN-BR
802158,802158,Jagdispur,Bihar,IN-BR
802159,802159,Piro,Bihar,IN-BR
802160,802161,Koelwar,Bihar,IN-BR
802162,802162,Jagdispur,Bihar,IN-BR
802163,802163,Barhara,Bihar,IN-BR
802164,802164,Sandesh,Bihar,IN-BR
802165,802166,Shahpur,Bihar,IN-BR
802183,802183,Behea,Bihar,IN-BR
802201,802201,Agiaon,Bihar,IN-BR
802202,802202,Piro,Bihar,IN-BR
802203,802203,Garhani,Bihar,IN-BR
802204,802204,Piro,Bihar,IN-BR
802205,802205,Tarari,Bihar,IN-BR
802206,802206,Udwant Nagar,Bihar,IN-BR
802207,802207,Tarari,Bihar,IN-BR
802208,802208,Sahar,Bihar,IN-BR
802209,802209,Tarari,Bihar,IN-BR
802210,802210,Udwant Nagar,Bihar,IN-BR
802211,802211,Dawath,Bihar,IN-BR
802212,802212,Bikramganj,Bihar,IN-BR
802213,802213,Dinara,Bihar,IN-BR
802214,802214,Karakat,Bihar,IN-BR
802215,802215,Nokha,Bihar,IN-BR
802216,802216,Koath,Bihar,IN-BR
802217,802217,Nokha,Bihar,IN-BR
802218,802218,Dinara,Bihar,IN-BR
802219,802219,Rajpur,Bihar,IN-BR
802220,802220,Sanjhauli,Bihar,IN-BR
802221,802221,Suryapura,Bihar,IN-BR
802222,802222,Tarari,Bihar,IN-BR
802223,802223,Charpokhari,Bihar,IN-BR
802226,802226,Dawath,Bihar,IN-BR
802301,802302,Ara,Bihar,IN-BR
802311,802311,Barhara,Bihar,IN-BR
802312,802312,Ara,Bihar,IN-BR
802313,802313,Barhara,Bihar,IN-BR
802314,802314,Koelwar,Bihar,IN-BR
802316,802316,Barhara,Bihar,IN-BR
802351,802351,Ara,Bihar,IN-BR
802352,802352,Sandesh,Bihar,IN-BR
803101,803101,Bihar Sharif,Bihar,IN-BR
803107,803107,Asthawan,Bihar,IN-BR
803108,803108,Chandi,Bihar,IN-BR
803109,803109,Giriak,Bihar,IN-BR
803110,803110,Harnaut,Bihar,IN-BR
803111,803111,Silao,Bihar,IN-BR
803113,803113,Noorsarai,Bihar,IN-BR
803114,803114,Ben,Bihar,IN-BR
803115,803115,Giriak,Bihar,IN-BR
803116,803116,Rajgir,Bihar,IN-BR
803117,803117,Silao,Bihar,IN-BR
803118,803118,Bihar Sharif,Bihar,IN-BR
803119,803119,Rahui,Bihar,IN-BR
803120,803120,Tharthari,Bihar,IN-BR
803121,803121,Rajgir,Bihar,IN-BR
803201,803201,Fatwah,Bihar,IN-BR
803202,803202,Khusropur,Bihar,IN-BR
803203,803203,Fatwah,Bihar,IN-BR
803211,803211,Athmalgola,Bihar,IN-BR
803212,803212,Bakhtiarpur,Bihar,IN-BR
803213,803214,Barh,Bihar,IN-BR
803215,803215,Pandarak,Bihar,IN-BR
803216,803216,Bihar Sharif,Bihar,IN-BR
803221,803221,Pandarak,Bihar,IN-BR
803301,803303,Mokameh,Bihar,IN-BR
803306,803307,Pandarak,Bihar,IN-BR
804401,804402,Arwal,Bihar,IN-BR
804403,804403,Belaganj,Bihar,IN-BR
804404,804404,Gaya,Bihar,IN-BR
804405,804405,Makhdumpur,Bihar,IN-BR
804406,804406,Ghoshi,Bihar,IN-BR
804407,804407,Hulasganj,Bihar,IN-BR
804408,804417,Jehanabad,Bihar,IN-BR
804418,804418,Kako,Bihar,IN-BR
804419,804419,Karpi,Bihar,IN-BR
804420,804420,Ghoshi,Bihar,IN-BR
804421,804421,Kurtha,Bihar,IN-BR
804422,804422,Makhdumpur,Bihar,IN-BR
804423,804423,Karpi,Bihar,IN-BR
804424,804424,Makhdumpur,Bihar,IN-BR
804425,804425,Ratni Faridpur,Bihar,IN-BR
804426,804426,Karpi,Bihar,IN-BR
804427,804427,Makhdumpur,Bihar,IN-BR
804428,804428,Kaler,Bihar,IN-BR
804429,804429,Jehanabad,Bihar,IN-BR
804432,804432,Modanganj,Bihar,IN-BR
804435,804435,Tikari,Bihar,IN-BR
804451,804451,Dhanarua,Bihar,IN-BR
804452,804452,Masaurhi,Bihar,IN-BR
804453,804453,Patna,Bihar,IN-BR
804454,804454,Masaurhi,Bihar,IN-BR
805101,805101,Pakribarawan,Bihar,IN-BR
805102,805102,Gobindpur,Bihar,IN-BR
805103,805103,Hisua,Bihar,IN-BR
805104,805104,Nawada,Bihar,IN-BR
805105,805105,Katrisarai,Bihar,IN-BR
805106,805106,Kawakol,Bihar,IN-BR
805107,805107,Roh,Bihar,IN-BR
805108,805108,Kashi Chak,Bihar,IN-BR
805109,805109,Nardiganj,Bihar,IN-BR
805110,805112,Nawada,Bihar,IN-BR
805113,805113,Kashi Chak,Bihar,IN-BR
805114,805114,Sirdala,Bihar,IN-BR
805121,805121,Akbarpur,Bihar,IN-BR
805122,805122,Narhat,Bihar,IN-BR
805123,805123,Nawada,Bihar,IN-BR
805124,805124,Pakribarawan,Bihar,IN-BR
805125,805125,Rajauli,Bihar,IN-BR
805126,805126,Akbarpur,Bihar,IN-BR
805127,805127,Sirdala,Bihar,IN-BR
805128,805128,Fatehpur,Bihar,IN-BR
805129,805129,Wazirganj,Bihar,IN-BR
805130,805130,Waris Aliganj,Bihar,IN-BR
805131,805131,Wazirganj,Bihar,IN-BR
805132,805132,Waris Aliganj,Bihar,IN-BR
811101,811101,Bar Bigha,Bihar,IN-BR
811102,811102,Sarmera,Bihar,IN-BR
811103,811103,Shekhopur Sarai,Bihar,IN-BR
811104,811104,Sarmera,Bihar,IN-BR
811105,811105,Sheikhpura,Bihar,IN-BR
811106,811106,Surajgarha,Bihar,IN-BR
811107,811107,Ghat Kusumbha,Bihar,IN-BR
811112,811112,Surajgarha,Bihar,IN-BR
811201,811202,Munger,Bihar,IN-BR
811211,811211,Bariarpur,Bihar,IN-BR
811212,811212,Dharhara,Bihar,IN-BR
811213,811213,Kharagpur,Bihar,IN-BR
811214,811214,Jamalpur,Bihar,IN-BR
811301,811301,Islamnagar Aliganj,Bihar,IN-BR
811302,811302,Barahiya,Bihar,IN-BR
811303,811303,Chakai,Bihar,IN-BR
811304,811304,Chewara,Bihar,IN-BR
811305,811305,Gidhaur,Bihar,IN-BR
811307,811307,Jamui,Bihar,IN-BR
811308,811308,Jha-Jha,Bihar,IN-BR
811309,811309,Surajgarha,Bihar,IN-BR
811310,811311,Luckeesarai,Bihar,IN-BR
811312,811312,Lakshmipur,Bihar,IN-BR
811313,811313,Jamui,Bihar,IN-BR
811314,811314,Sono,Bihar,IN-BR
811315,811315,Sikandra,Bihar,IN-BR
811316,811316,Chakai,Bihar,IN-BR
811317,811317,Khaira,Bihar,IN-BR
812001,812003,Bhagalpur,Bihar,IN-BR
812004,812004,Nathnagar,Bihar,IN-BR
812005,812005,Bhagalpur,Bihar,IN-BR
812006,812006,Nathnagar,Bihar,IN-BR
812007,812007,Bhagalpur,Bihar,IN-BR
813101,813101,Amarpur,Bihar,IN-BR
813102,813102,Banka,Bihar,IN-BR
813103,813103,Barahat,Bihar,IN-BR
813104,813104,Bausi,Bihar,IN-BR
813105,813105,Rajaun,Bihar,IN-BR
813106,813106,Katoria,Bihar,IN-BR
813107,813107,Rajaun,Bihar,IN-BR
813108,813108,Shahkund,Bihar,IN-BR
813109,813109,Rajaun,Bihar,IN-BR
813110,813110,Dhuraiya,Bihar,IN-BR
813201,813201,Asarganj,Bihar,IN-BR
813202,813202,Belhar,Bihar,IN-BR
813203,813205,Kahalgaon,Bihar,IN-BR
813206,813206,Pirpainti,Bihar,IN-BR
813207,813207,Phulidumar,Bihar,IN-BR
813208,813208,Mandro,Jharkhand,IN-JH
813209,813209,Pirpainti,Bihar,IN-BR
813210,813210,Goradih,Bihar,IN-BR
813211,813211,Shambhuganj,Bihar,IN-BR
813212,813212,Belhar,Bihar,IN-BR
813213,813213,Sultanganj,Bihar,IN-BR
813214,813214,Kahalgaon,Bihar,IN-BR
813221,813221,Tarapur,Bihar,IN-BR
813222,813222,Kahalgaon,Bihar,IN-BR
814101,814101,Dumka,Jharkhand,IN-JH
814102,814102,Ramgarh,Jharkhand,IN-JH
814103,814103,Kathikund,Jharkhand,IN-JH
814110,814110,Jama,Jharkhand,IN-JH
814111,814111,Amrapara,Jharkhand,IN-JH
814112,814112,Deoghar,Jharkhand,IN-JH
814113,814113,Mohanpur,Jharkhand,IN-JH
814114,814116,Deoghar,Jharkhand,IN-JH
814118,814118,Basukinath,Jharkhand,IN-JH
814119,814119,Dumka,Jharkhand,IN-JH
814120,814120,Jarmundi,Jharkhand,IN-JH
814131,814131,Chanan,Bihar,IN-BR
814133,814133,Godda,Jharkhand,IN-JH
814141,814141,Jarmundi,Jharkhand,IN-JH
814142,814142,Jasidih,Jharkhand,IN-JH
814143,814143,Mohanpur,Jharkhand,IN-JH
814144,814144,Ranishwar,Jharkhand,IN-JH
814145,814145,Ramgarh,Jharkhand,IN-JH
814146,814146,Palojori,Jharkhand,IN-JH
814147,814147,Boarijor,Jharkhand,IN-JH
814148,814148,Ranishwar,Jharkhand,IN-JH
814149,814149,Sarath,Jharkhand,IN-JH
814150,814150,Sarwan,Jharkhand,IN-JH
814151,814151,Saraiyahat,Jharkhand,IN-JH
814152,814152,Deoghar,Jharkhand,IN-JH
814153,814153,Poreyahat,Jharkhand,IN-JH
814154,814154,Mahagama,Jharkhand,IN-JH
814155,814155,Bashant Rai,Jharkhand,IN-JH
814156,814156,Sundarpahari,Jharkhand,IN-JH
814157,814157,Mohanpur,Jharkhand,IN-JH
814158,814158,Dumka,Jharkhand,IN-JH
814160,814160,Meherma,Jharkhand,IN-JH
814165,814165,Boarijor,Jharkhand,IN-JH
814166,814166,Fatehpur,Jharkhand,IN-JH
814167,814167,Masalia,Jharkhand,IN-JH
815301,815311,Giridih,Jharkhand,IN-JH
815312,815312,Bengabad,Jharkhand,IN-JH
815313,815313,Gawan,Jharkhand,IN-JH
815314,815315,Jamua,Jharkhand,IN-JH
815316,815316,Giridih,Jharkhand,IN-JH
815317,815317,Tisri,Jharkhand,IN-JH
815318,815318,Jamua,Jharkhand,IN-JH
815351,815351,Jamtara,Jharkhand,IN-JH
815352,815352,Narayanpur,Jharkhand,IN-JH
815353,815353,Madhupur,Jharkhand,IN-JH
815354,815354,Mihijam,Jharkhand,IN-JH
815355,815355,Nala,Jharkhand,IN-JH
815357,815357,Karon,Jharkhand,IN-JH
815359,815359,Kundhit,Jharkhand,IN-JH
816101,816101,Barharwa,Jharkhand,IN-JH
816102,816102,Barhait,Jharkhand,IN-JH
816103,816103,Shikaripara,Jharkhand,IN-JH
816104,816104,Litipara,Jharkhand,IN-JH
816105,816105,Pakaur,Jharkhand,IN-JH
816106,816106,Maheshpur,Jharkhand,IN-JH
816107,816107,Pakaur,Jharkhand,IN-JH
816108,816108,Rajmahal,Jharkhand,IN-JH
816109,816109,Sahibganj,Jharkhand,IN-JH
816110,816110,Pathna,Jharkhand,IN-JH
816115,816116,Taljhari,Jharkhand,IN-JH
816117,816117,Pakuria,Jharkhand,IN-JH
816118,816118,Shikaripara,Jharkhand,IN-JH
816120,816120,Borio,Jharkhand,IN-JH
816129,816129,Taljhari,Jharkhand,IN-JH
821101,821101,Bhabua,Bihar,IN-BR
821102,821102,Adhaura,Bihar,IN-BR
821103,821103,Chainpur,Bihar,IN-BR
821104,821104,Chenari,Bihar,IN-BR
821105,821105,Durgawati,Bihar,IN-BR
821106,821106,Chand,Bihar,IN-BR
821107,821107,Kargahar,Bihar,IN-BR
821108,821108,Kudra,Bihar,IN-BR
821109,821109,Mohania,Bihar,IN-BR
821110,821110,Ramgarh,Bihar,IN-BR
821111,821111,Sheosagar,Bihar,IN-BR
821112,821112,Kochas,Bihar,IN-BR
821113,821113,Sheosagar,Bihar,IN-BR
821115,821115,Sasaram,Bihar,IN-BR
821301,821301,Akorhi Gola,Bihar,IN-BR
821302,821303,Rohtas,Bihar,IN-BR
821304,821304,Nauhatta,Bihar,IN-BR
821305,821305,Dalmiya Nagar,Bihar,IN-BR
821306,821306,Dehri,Bihar,IN-BR
821307,821307,Dalmiya Nagar,Bihar,IN-BR
821308,821308,Dehri,Bihar,IN-BR
821309,821310,Nasriganj,Bihar,IN-BR
821311,821311,Rohtas,Bihar,IN-BR
821312,821312,Tilouthu,Bihar,IN-BR
822101,822101,Daltonganj,Jharkhand,IN-JH
822102,822102,Medininagar Daltonganj,Jharkhand,IN-JH
822110,822110,Chainpur,Jharkhand,IN-JH
822111,822111,Barwadih,Jharkhand,IN-JH
822112,822112,Bhawnathpur,Jharkhand,IN-JH
822113,822113,Chhatarpur,Jharkhand,IN-JH
822114,822114,Garhwa,Jharkhand,IN-JH
822115,822115,Haidernagar,Jharkhand,IN-JH
822116,822117,Hussainabad,Jharkhand,IN-JH
822118,822118,Nilambar-Pitambarpur,Jharkhand,IN-JH
822119,822119,Mahuadanr,Jharkhand,IN-JH
822120,822120,Mohammad Ganj,Jharkhand,IN-JH
822121,822121,Nagar Untari,Jharkhand,IN-JH
822122,822122,Panki,Jharkhand,IN-JH
822123,822123,Patan,Jharkhand,IN-JH
822124,822124,Bishrampur,Jharkhand,IN-JH
822125,822125,Bhandaria,Jharkhand,IN-JH
822126,822126,Satbarwa,Jharkhand,IN-JH
822128,822128,Bardiha,Jharkhand,IN-JH
822129,822129,Bhawnathpur,Jharkhand,IN-JH
822131,822131,Pipra,Jharkhand,IN-JH
822132,822132,Bishrampur,Jharkhand,IN-JH
822133,822133,Meral,Jharkhand,IN-JH
822134,822134,Majhion,Jharkhand,IN-JH
823001,823002,Gaya,Bihar,IN-BR
823003,823003,Manpur,Bihar,IN-BR
823004,823005,Gaya,Bihar,IN-BR
823311,823311,Muhra,Bihar,IN-BR
824101,824102,Aurangabad,Bihar,IN-BR
824103,824103,Madanpur,Bihar,IN-BR
824111,824111,Kutumba,Bihar,IN-BR
824112,824112,Barun,Bihar,IN-BR
824113,824113,Obra,Bihar,IN-BR
824114,824114,Goh,Bihar,IN-BR
824115,824115,Haspura,Bihar,IN-BR
824116,824116,Konch,Bihar,IN-BR
824118,824118,Guraru,Bihar,IN-BR
824120,824120,Haspura,Bihar,IN-BR
824121,824121,Aurangabad,Bihar,IN-BR
824122,824122,Rafiganj,Bihar,IN-BR
824123,824123,Kutumba,Bihar,IN-BR
824124,824124,Obra,Bihar,IN-BR
824125,824125,Rafiganj,Bihar,IN-BR
824127,824127,Kaler,Bihar,IN-BR
824129,824129,Goh,Bihar,IN-BR
824143,824143,Daudnagar,Bihar,IN-BR
824201,824201,Barachatti,Bihar,IN-BR
824202,824202,Deo,Bihar,IN-BR
824203,824203,Goh,Bihar,IN-BR
824205,824205,Gurua,Bihar,IN-BR
824206,824206,Imamganj,Bihar,IN-BR
824207,824207,Konch,Bihar,IN-BR
824208,824208,Madanpur,Bihar,IN-BR
824209,824209,Paraiya,Bihar,IN-BR
824210,824210,Imamganj,Bihar,IN-BR
824211,824211,Sherghati,Bihar,IN-BR
824217,824217,Banke Bazar,Bihar,IN-BR
824219,824219,Amas,Bihar,IN-BR
824220,824220,Sherghati,Bihar,IN-BR
824221,824221,Dumaria,Bihar,IN-BR
824231,824231,Bodh Gaya,Bihar,IN-BR
824232,824232,Fatehpur,Bihar,IN-BR
824233,824233,Khizirsarai,Bihar,IN-BR
824234,824234,Bodh Gaya,Bihar,IN-BR
824235,824235,Tikari,Bihar,IN-BR
824236,824236,Tekari,Bihar,IN-BR
824237,824237,Paraiya,Bihar,IN-BR
824301,824304,Nabinagar,Bihar,IN-BR
825101,825101,Dulmi,Jharkhand,IN-JH
825102,825102,Nawadih,Jharkhand,IN-JH
825103,825103,Simaria,Jharkhand,IN-JH
825106,825106,Dumri,Jharkhand,IN-JH
825108,825108,Pirtanr,Jharkhand,IN-JH
825109,825109,Chalkusa,Jharkhand,IN-JH
825132,825132,Satgawan,Jharkhand,IN-JH
825167,825167,Dumri,Jharkhand,IN-JH
825301,825303,Hazaribag,Jharkhand,IN-JH
825311,825311,Barkagaon,Jharkhand,IN-JH
825312,825312,Bishungarh,Jharkhand,IN-JH
825313,825313,Daru,Jharkhand,IN-JH
825314,825314,Mandu,Jharkhand,IN-JH
825315,825315,Gomia,Jharkhand,IN-JH
825316,825316,Kuju,Jharkhand,IN-JH
825317,825317,Hazaribag,Jharkhand,IN-JH
825318,825318,Markacho,Jharkhand,IN-JH
825319,825319,Katkamsandi,Jharkhand,IN-JH
825320,825320,Barki Saria,Jharkhand,IN-JH
825321,825321,Tandwa,Jharkhand,IN-JH
825322,825322,Bagodar,Jharkhand,IN-JH
825323,825323,Barkatha,Jharkhand,IN-JH
825324,825324,Birni,Jharkhand,IN-JH
825325,825325,Mandu,Jharkhand,IN-JH
825326,825326,Churchu,Jharkhand,IN-JH
825329,825329,Topchanchi,Jharkhand,IN-JH
825330,825330,Mandu,Jharkhand,IN-JH
825336,825336,Churchu,Jharkhand,IN-JH
825401,825401,Chatra,Jharkhand,IN-JH
825402,825402,Ichak,Jharkhand,IN-JH
825403,825403,Shaligram Ram Narayanpur,Jharkhand,IN-JH
825404,825404,Pratappur,Jharkhand,IN-JH
825405,825405,Barhi,Jharkhand,IN-JH
825406,825406,Chauparan,Jharkhand,IN-JH
825407,825407,Domchanch,Jharkhand,IN-JH
825408,825408,Gidhaur,Jharkhand,IN-JH
825409,825409,Jhumritelaiya,Jharkhand,IN-JH
825410,825410,Kodarma,Jharkhand,IN-JH
825411,825411,Padma,Jharkhand,IN-JH
825412,825412,Dhanwar,Jharkhand,IN-JH
825413,825413,Chandwara,Jharkhand,IN-JH
825414,825414,Shaligram Ram Narayanpur,Jharkhand,IN-JH
825415,825415,Tandwa,Jharkhand,IN-JH
825418,825418,Domchanch,Jharkhand,IN-JH
825421,825421,Jainagar,Jharkhand,IN-JH
826001,826003,Dhanbad,Jharkhand,IN-JH
826004,826004,Gobindpur,Jharkhand,IN-JH
826005,826005,Dhanbad,Jharkhand,IN-JH
826006,826006,Baghmara-Cum-Katras,Jharkhand,IN-JH
826007,826007,Dhanbad,Jharkhand,IN-JH
826008,826010,Gobindpur,Jharkhand,IN-JH
826011,826011,Dhanbad,Jharkhand,IN-JH
827001,827016,Chas,Jharkhand,IN-JH
827302,827302,Kasmar,Jharkhand,IN-JH
828101,828108,Dhanbad,Jharkhand,IN-JH
828109,828109,Gobindpur,Jharkhand,IN-JH
828110,828110,Dhanbad,Jharkhand,IN-JH
828111,828111,Jharia,Jharkhand,IN-JH
828112,828112,Jamadoba,Jharkhand,IN-JH
828113,828114,Katras,Jharkhand,IN-JH
828115,828117,Dhanbad,Jharkhand,IN-JH
828119,828119,Pathardih,Jharkhand,IN-JH
828120,828120,Dhanbad,Jharkhand,IN-JH
828121,828121,Sijua,Jharkhand,IN-JH
828122,828124,Dhanbad,Jharkhand,IN-JH
828125,828125,Baghmara-Cum-Katras,Jharkhand,IN-JH
828126,828127,Dhanbad,Jharkhand,IN-JH
828128,828128,Baghmara-Cum-Katras,Jharkhand,IN-JH
828129,828129,Bagra,Jharkhand,IN-JH
828130,828133,Dhanbad,Jharkhand,IN-JH
828134,828134,Chandankiyari,Jharkhand,IN-JH
828135,828135,Dhanbad,Jharkhand,IN-JH
828142,828142,Tundi,Jharkhand,IN-JH
828201,828201,Baliapur,Jharkhand,IN-JH
828202,828202,Chirkunda,Jharkhand,IN-JH
828203,828203,Egarkund,Jharkhand,IN-JH
828204,828204,Nirsa-Cum-Chirkunda,Jharkhand,IN-JH
828205,828205,Nirsa,Jharkhand,IN-JH
828206,828206,Nirsa-Cum-Chirkunda,Jharkhand,IN-JH
828207,828207,Egarkund,Jharkhand,IN-JH
828301,828301,Dhanbad,Jharkhand,IN-JH
828302,828302,Chandankiyari,Jharkhand,IN-JH
828303,828303,Bhojudih,Jharkhand,IN-JH
828304,828304,Malkera,Jharkhand,IN-JH
828305,828307,Baghmara-Cum-Katras,Jharkhand,IN-JH
828309,828309,Dhanbad,Jharkhand,IN-JH
828401,828401,Gomoh,Jharkhand,IN-JH
828402,828402,Topchanchi,Jharkhand,IN-JH
828403,828403,Chandrapura,Jharkhand,IN-JH
828404,828404,Dugda,Jharkhand,IN-JH
829101,829101,Patratu,Jharkhand,IN-JH
829102,829103,Barka Kana,Jharkhand,IN-JH
829104,829104,Phusro,Jharkhand,IN-JH
829105,829106,Patratu,Jharkhand,IN-JH
829107,829107,Bermo,Jharkhand,IN-JH
829108,829109,Dadi,Jharkhand,IN-JH
829110,829110,Gola,Jharkhand,IN-JH
829111,829112,Gumia,Jharkhand,IN-JH
829113,829113,Bermo,Jharkhand,IN-JH
829114,829114,Bokaro,Jharkhand,IN-JH
829116,829116,Bermo,Jharkhand,IN-JH
829117,829117,Ramgarh,Jharkhand,IN-JH
829118,829119,Patratu,Jharkhand,IN-JH
829121,829121,Peterwar,Jharkhand,IN-JH
829122,829122,Ramgarh,Jharkhand,IN-JH
829123,829123,Peterwar,Jharkhand,IN-JH
829125,829126,Patratu,Jharkhand,IN-JH
829127,829127,Bokaro,Jharkhand,IN-JH
829128,829129,Gomia,Jharkhand,IN-JH
829130,829131,Ramgarh,Jharkhand,IN-JH
829132,829132,Chandrapura,Jharkhand,IN-JH
829133,829133,Patratu,Jharkhand,IN-JH
829134,829134,Mandu,Jharkhand,IN-JH
829135,829143,Patratu,Jharkhand,IN-JH
829144,829144,Phusro,Jharkhand,IN-JH
829149,829149,Gomia,Jharkhand,IN-JH
829150,829150,Chitarpur,Jharkhand,IN-JH
829201,829201,Keredari,Jharkhand,IN-JH
829202,829202,Balumath,Jharkhand,IN-JH
829203,829203,Chandwa,Jharkhand,IN-JH
829204,829204,Barwadih,Jharkhand,IN-JH
829205,829205,Khelari,Jharkhand,IN-JH
829206,829207,Latehar,Jharkhand,IN-JH
829208,829208,Chandwa,Jharkhand,IN-JH
829209,829209,Ray,Jharkhand,IN-JH
829210,829210,Khelari,Jharkhand,IN-JH
829301,829301,Jaridih,Jharkhand,IN-JH
831001,831021,Jamshedpur,Jharkhand,IN-JH
832101,832101,Baharagora,Jharkhand,IN-JH
832102,832102,Potka,Jharkhand,IN-JH
832103,832103,Mushabani,Jharkhand,IN-JH
832104,832104,Dumaria,Jharkhand,IN-JH
832105,832105,Patamda,Jharkhand,IN-JH
832106,832107,Golmuri-Cum-Jugsalai,Jharkhand,IN-JH
832108,832109,Adityapur,Jharkhand,IN-JH
832111,832111,Potka,Jharkhand,IN-JH
832112,832112,Boram,Jharkhand,IN-JH
832113,832113,Potka,Jharkhand,IN-JH
832301,832301,Chakulia,Jharkhand,IN-JH
832302,832302,Gurbandha,Jharkhand,IN-JH
832303,832304,Ghatsila,Jharkhand,IN-JH
832401,832401,Nimdih,Jharkhand,IN-JH
832402,832402,Kandra,Jharkhand,IN-JH
832403,832403,Kukru,Jharkhand,IN-JH
832404,832404,Ichagarh,Jharkhand,IN-JH
833101,833101,Kharsawan,Jharkhand,IN-JH
833102,833102,Chakardharpur,Jharkhand,IN-JH
833103,833103,Goilkera,Jharkhand,IN-JH
833104,833104,Manoharpur,Jharkhand,IN-JH
833105,833105,Sonua,Jharkhand,IN-JH
833106,833106,Manoharpur,Jharkhand,IN-JH
833201,833201,Chaibasa,Jharkhand,IN-JH
833202,833202,Jhinkpani,Jharkhand,IN-JH
833203,833203,Jagannathpur,Jharkhand,IN-JH
833204,833204,Chaibasa,Jharkhand,IN-JH
833212,833212,Jagannathpur,Jharkhand,IN-JH
833213,833213,Gua,Jharkhand,IN-JH
833214,833214,Majhgaon,Jharkhand,IN-JH
833215,833215,Tonto,Jharkhand,IN-JH
833216,833216,Kharsawan,Jharkhand,IN-JH
833217,833218,Noamundi,Jharkhand,IN-JH
833219,833219,Seraikela,Jharkhand,IN-JH
833220,833220,Sini,Jharkhand,IN-JH
833221,833223,Noamundi,Jharkhand,IN-JH
834001,834013,Ranchi,Jharkhand,IN-JH
834014,834014,Nagri,Jharkhand,IN-JH
835101,835102,Silli,Jharkhand,IN-JH
835103,835103,Namkum,Jharkhand,IN-JH
835201,835201,Bano,Jharkhand,IN-JH
835202,835202,Bero,Jharkhand,IN-JH
835203,835203,Bharno,Jharkhand,IN-JH
835204,835204,Bundu,Jharkhand,IN-JH
835205,835205,Burmu,Jharkhand,IN-JH
835206,835206,Chainpur,Jharkhand,IN-JH
835207,835207,Gumla,Jharkhand,IN-JH
835208,835208,Ghaghra,Jharkhand,IN-JH
835209,835209,Karra,Jharkhand,IN-JH
835210,835210,Khunti,Jharkhand,IN-JH
835211,835211,Kolebira,Jharkhand,IN-JH
835212,835212,Kurdeg,Jharkhand,IN-JH
835213,835213,Kuru,Jharkhand,IN-JH
835214,835214,Burmu,Jharkhand,IN-JH
835215,835215,Kanke,Jharkhand,IN-JH
835216,835216,Murhu,Jharkhand,IN-JH
835217,835217,Kanke,Jharkhand,IN-JH
835218,835218,Mahuadanr,Jharkhand,IN-JH
835219,835219,Ormanjhi,Jharkhand,IN-JH
835220,835220,Palkot,Jharkhand,IN-JH
835221,835221,Ranchi,Jharkhand,IN-JH
835222,835222,Ratu,Jharkhand,IN-JH
835223,835223,Simdega,Jharkhand,IN-JH
835224,835224,Sisai,Jharkhand,IN-JH
835225,835225,Tamar,Jharkhand,IN-JH
835226,835226,Thethaitangar,Jharkhand,IN-JH
835227,835227,Torpa,Jharkhand,IN-JH
835228,835228,Pakar Tanr,Jharkhand,IN-JH
835229,835229,Basia,Jharkhand,IN-JH
835230,835230,Dumri,Jharkhand,IN-JH
835231,835231,Bishunpur,Jharkhand,IN-JH
835232,835232,Raidih,Jharkhand,IN-JH
835233,835233,Gumla,Jharkhand,IN-JH
835234,835234,Lapung,Jharkhand,IN-JH
835235,835235,Thethaitangar,Jharkhand,IN-JH
835301,835301,Itki,Jharkhand,IN-JH
835302,835302,Lohardaga,Jharkhand,IN-JH
835303,835303,Nagri,Jharkhand,IN-JH
835325,835325,Kairo,Jharkhand,IN-JH
841101,841101,Sonepur,Bihar,IN-BR
841201,841201,Manjhi,Bihar,IN-BR
841202,841202,Garkha,Bihar,IN-BR
841203,841203,Siswan,Bihar,IN-BR
841204,841204,Ekma,Bihar,IN-BR
841205,841205,Manjhi,Bihar,IN-BR
841206,841206,Lahladpur,Bihar,IN-BR
841207,841207,Dighwara,Bihar,IN-BR
841208,841208,Ekma,Bihar,IN-BR
841209,841209,Manjhi,Bihar,IN-BR
841210,841210,Siswan,Bihar,IN-BR
841211,841211,Chhapra,Bihar,IN-BR
841212,841212,Ekma,Bihar,IN-BR
841213,841213,Jalalpur,Bihar,IN-BR
841214,841214,Revelganj,Bihar,IN-BR
841215,841215,Maker,Bihar,IN-BR
841216,841216,Garkha,Bihar,IN-BR
841217,841217,Sonepur,Bihar,IN-BR
841218,841218,Amnour,Bihar,IN-BR
841219,841219,Parsa,Bihar,IN-BR
841220,841220,Ekma,Bihar,IN-BR
841221,841222,Dariapur,Bihar,IN-BR
841223,841223,Manjhi,Bihar,IN-BR
841224,841224,Lahladpur,Bihar,IN-BR
841225,841225,Dariapur,Bihar,IN-BR
841226,841227,Siwan,Bihar,IN-BR
841231,841231,Andar,Bihar,IN-BR
841232,841232,Barharia,Bihar,IN-BR
841233,841233,Daraundha,Bihar,IN-BR
841234,841235,Darauli,Bihar,IN-BR
841236,841236,Hasanpura,Bihar,IN-BR
841237,841237,Hussainganj,Bihar,IN-BR
841238,841238,Maharajgani,Bihar,IN-BR
841239,841239,Mairwa,Bihar,IN-BR
841240,841240,Hasanpura,Bihar,IN-BR
841241,841241,Pachrukhi,Bihar,IN-BR
841242,841242,Bhagwanpur Hat,Bihar,IN-BR
841243,841243,Nautan,Bihar,IN-BR
841244,841244,Maharajgani,Bihar,IN-BR
841245,841245,Ziradei,Bihar,IN-BR
841286,841286,Hasanpura,Bihar,IN-BR
841287,841287,Andar,Bihar,IN-BR
841301,841302,Chhapra,Bihar,IN-BR
841305,841305,Revelganj,Bihar,IN-BR
841311,841311,Amnour,Bihar,IN-BR
841312,841312,Revelganj,Bihar,IN-BR
841313,841313,Manjhi,Bihar,IN-BR
841316,841316,Chhapra,Bihar,IN-BR
841401,841402,Amnour,Bihar,IN-BR
841403,841403,Baniapur,Bihar,IN-BR
841404,841404,Daraundha,Bihar,IN-BR
841405,841405,Barauli,Bihar,IN-BR
841406,841406,Basantpur,Bihar,IN-BR
841407,841407,Sidhwalia,Bihar,IN-BR
841408,841408,Bhagwanpur Hat,Bihar,IN-BR
841409,841409,Baikunthpur,Bihar,IN-BR
841410,841410,Panapur,Bihar,IN-BR
841411,841411,Ishupur,Bihar,IN-BR
841412,841412,Jalalpur,Bihar,IN-BR
841413,841413,Goriakothi,Bihar,IN-BR
841414,841415,Nagra,Bihar,IN-BR
841416,841416,Lakri Nabiganj,Bihar,IN-BR
841417,841417,Mashrakh,Bihar,IN-BR
841418,841419,Marhaura,Bihar,IN-BR
841420,841420,Baikunthpur,Bihar,IN-BR
841421,841421,Ishupur,Bihar,IN-BR
841422,841422,Baniapur,Bihar,IN-BR
841423,841423,Sidhwalia,Bihar,IN-BR
841424,841424,Taraiya,Bihar,IN-BR
841425,841425,Phulwaria,Bihar,IN-BR
841426,841426,Bhorey,Bihar,IN-BR
841427,841427,Manjha,Bihar,IN-BR
841428,841428,Gopalganj,Bihar,IN-BR
841434,841434,Goriakothi,Bihar,IN-BR
841435,841435,Guthani,Bihar,IN-BR
841436,841436,Hathua,Bihar,IN-BR
841437,841437,Katiya,Bihar,IN-BR
841438,841438,Uchkagaon,Bihar,IN-BR
841439,841439,Goriakothi,Bihar,IN-BR
841440,841440,Thawe,Bihar,IN-BR
841441,841441,Kuchaikote,Bihar,IN-BR
841442,841442,Nagra,Bihar,IN-BR
841443,841443,Marhaura,Bihar,IN-BR
841446,841446,Ziradei,Bihar,IN-BR
841447,841447,Lakri Nabiganj,Bihar,IN-BR
841460,841460,Amnour,Bihar,IN-BR
841501,841501,Kuchaikote,Bihar,IN-BR
841502,841502,Raghunathpur,Bihar,IN-BR
841503,841503,Kuchaikote,Bihar,IN-BR
841504,841504,Raghunathpur,Bihar,IN-BR
841505,841505,Kuchaikote,Bihar,IN-BR
841506,841506,Barharia,Bihar,IN-BR
841507,841507,Bhagwanpur Hat,Bihar,IN-BR
841508,841508,Bijaipur,Bihar,IN-BR
841509,841509,Raghunathpur,Bihar,IN-BR
842001,842003,Muzaffarpur,Bihar,IN-BR
842004,842006,Musahri,Bihar,IN-BR
843101,843101,Saraiya,Bihar,IN-BR
843102,843102,Sakra,Bihar,IN-BR
843103,843103,Bochaha,Bihar,IN-BR
843104,843104,Patepur,Bihar,IN-BR
843105,843105,Dholi,Bihar,IN-BR
843106,843106,Saraiya,Bihar,IN-BR
843107,843107,Paroo,Bihar,IN-BR
843108,843109,Musahri,Bihar,IN-BR
843110,843110,Patepur,Bihar,IN-BR
843111,843111,Baruraj,Bihar,IN-BR
843112,843112,Paroo,Bihar,IN-BR
843113,843113,Marwan,Bihar,IN-BR
843114,843114,Patepur,Bihar,IN-BR
843115,843115,Bandra,Bihar,IN-BR
843116,843116,Aurai,Bihar,IN-BR
843117,843117,Minapur,Bihar,IN-BR
843118,843118,Gaighat,Bihar,IN-BR
843119,843119,Musahri,Bihar,IN-BR
843120,843120,Paroo,Bihar,IN-BR
843121,843121,Dholi,Bihar,IN-BR
843122,843122,Baruraj,Bihar,IN-BR
843123,843123,Saraiya,Bihar,IN-BR
843124,843124,Baruraj,Bihar,IN-BR
843125,843125,Sahebganj,Bihar,IN-BR
843126,843126,Saraiya,Bihar,IN-BR
843127,843127,Baruraj,Bihar,IN-BR
843128,843128,Minapur,Bihar,IN-BR
843129,843129,Katra,Bihar,IN-BR
843130,843130,Kanti,Bihar,IN-BR
843131,843131,Minapur,Bihar,IN-BR
843301,843302,Sitamarhi,Bihar,IN-BR
843311,843311,Runisaidpur,Bihar,IN-BR
843312,843312,Aurai,Bihar,IN-BR
843313,843313,Bairagnia,Bihar,IN-BR
843314,843314,Bajpatti,Bihar,IN-BR
843315,843315,Suppi,Bihar,IN-BR
843316,843316,Belsand,Bihar,IN-BR
843317,843317,Bathnaha,Bihar,IN-BR
843318,843318,Bokhara,Bihar,IN-BR
843319,843319,Charaut,Bihar,IN-BR
843320,843320,Pupri,Bihar,IN-BR
843321,843321,Katra,Bihar,IN-BR
843322,843322,Bathnaha,Bihar,IN-BR
843323,843323,Runisaidpur,Bihar,IN-BR
843324,843324,Parihar,Bihar,IN-BR
843325,843325,Parsauni,Bihar,IN-BR
843326,843326,Bokhara,Bihar,IN-BR
843327,843327,Riga,Bihar,IN-BR
843328,843328,Runisaidpur,Bihar,IN-BR
843329,843329,Sheohar,Bihar,IN-BR
843330,843330,Sonbarsa,Bihar,IN-BR
843331,843331,Sursand,Bihar,IN-BR
843332,843332,Majorganj,Bihar,IN-BR
843333,843333,Nanpur,Bihar,IN-BR
843334,843334,Piprarhi,Bihar,IN-BR
843335,843335,Purnahiya,Bihar,IN-BR
843360,843360,Katra,Bihar,IN-BR
844101,844103,Hajipur,Bihar,IN-BR
844111,844111,Paterhi Belsar,Bihar,IN-BR
844112,844112,Chehra Kalan,Bihar,IN-BR
844113,844113,Vaishali,Bihar,IN-BR
844114,844114,Bhagwanpur,Bihar,IN-BR
844115,844115,Bidupur,Bihar,IN-BR
844116,844116,Raja Pakar,Bihar,IN-BR
844117,844117,Hajipur,Bihar,IN-BR
844118,844118,Goraul,Bihar,IN-BR
844119,844119,Lalganj,Bihar,IN-BR
844120,844120,Kurhani,Bihar,IN-BR
844121,844121,Lalganj,Bihar,IN-BR
844122,844122,Mahua,Bihar,IN-BR
844123,844123,Bhagwanpur,Bihar,IN-BR
844124,844124,Mahua,Bihar,IN-BR
844125,844125,Bhagwanpur,Bihar,IN-BR
844126,844126,Patepur,Bihar,IN-BR
844127,844127,Kurhani,Bihar,IN-BR
844128,844128,Vaishali,Bihar,IN-BR
844501,844501,Mahnar,Bihar,IN-BR
844502,844503,Bidupur,Bihar,IN-BR
844504,844504,Desri,Bihar,IN-BR
844505,844505,Jandaha,Bihar,IN-BR
844506,844506,Mahnar Bazar,Bihar,IN-BR
844507,844507,Sahdai Buzurg,Bihar,IN-BR
844508,844508,Raghopur,Bihar,IN-BR
844509,844509,Sahdai Buzurg,Bihar,IN-BR
845101,845103,Bagaha,Bihar,IN-BR
845104,845104,Bhitaha,Bihar,IN-BR
845105,845105,Sidhaw,Bihar,IN-BR
845106,845106,Ramnagar,Bihar,IN-BR
845107,845107,Sidhaw,Bihar,IN-BR
845301,845301,Adapur,Bihar,IN-BR
845302,845302,Narkatia,Bihar,IN-BR
845303,845303,Ghorasahan,Bihar,IN-BR
845304,845304,Dhaka,Bihar,IN-BR
845305,845305,Raxaul,Bihar,IN-BR
845306,845306,Mainatanr,Bihar,IN-BR
845307,845307,Sikta,Bihar,IN-BR
845315,845315,Bankatwa,Bihar,IN-BR
845401,845401,Motihari,Bihar,IN-BR
845406,845406,Mehsi,Bihar,IN-BR
845411,845411,Areraj,Bihar,IN-BR
845412,845412,Chakia,Bihar,IN-BR
845413,845413,Kalyanpur,Bihar,IN-BR
845414,845414,Pakri Dayal,Bihar,IN-BR
845415,845415,Chiraia,Bihar,IN-BR
845416,845416,Chakia,Bihar,IN-BR
845417,845417,Sangrampur,Bihar,IN-BR
845418,845418,Dhaka,Bihar,IN-BR
845419,845419,Areraj,Bihar,IN-BR
845420,845420,Madhuban,Bihar,IN-BR
845422,845422,Harsidhi,Bihar,IN-BR
845423,845424,Kesaria,Bihar,IN-BR
845425,845425,Areraj,Bihar,IN-BR
845426,845426,Mehsi,Bihar,IN-BR
845427,845427,Patahi,Bihar,IN-BR
845428,845428,Pakri Dayal,Bihar,IN-BR
845429,845429,Motihari,Bihar,IN-BR
845430,845430,Phenhara,Bihar,IN-BR
845431,845431,Sagauli,Bihar,IN-BR
845432,845432,Kalyanpur,Bihar,IN-BR
845433,845433,Ramgarhwa,Bihar,IN-BR
845434,845434,Sangrampur,Bihar,IN-BR
845435,845435,Banjaria,Bihar,IN-BR
845436,845436,Tetaria,Bihar,IN-BR
845437,845437,Turkaulia,Bihar,IN-BR
845438,845438,Bettiah,Bihar,IN-BR
845440,845440,Ramgarhwa,Bihar,IN-BR
845449,845450,Chanpatia,Bihar,IN-BR
845451,845451,Narkatiaganj,Bihar,IN-BR
845452,845452,Jogapatti,Bihar,IN-BR
845453,845453,Lauriya,Bihar,IN-BR
845454,845454,Majhaulia,Bihar,IN-BR
845455,845455,Gaunaha,Bihar,IN-BR
845456,845456,Sagauli,Bihar,IN-BR
845457,845457,Patahi,Bihar,IN-BR
845458,845458,Paharpur,Bihar,IN-BR
845459,845459,Nautan,Bihar,IN-BR
846001,846008,Darbhanga,Bihar,IN-BR
846009,846009,Bahadurpur,Bihar,IN-BR
847101,847101,Hayaghat,Bihar,IN-BR
847102,847102,Benipatti,Bihar,IN-BR
847103,847103,Benipur,Bihar,IN-BR
847104,847104,Singhwara,Bihar,IN-BR
847105,847105,Baheri,Bihar,IN-BR
847106,847106,Singhwara,Bihar,IN-BR
847107,847107,Gaighat,Bihar,IN-BR
847108,847108,Laukahi,Bihar,IN-BR
847109,847109,Jhanjharpur,Bihar,IN-BR
847115,847115,Darbhanga,Bihar,IN-BR
847121,847121,Keotiranway,Bihar,IN-BR
847122,847122,Bisfi,Bihar,IN-BR
847123,847123,Singhwara,Bihar,IN-BR
847201,847201,Benipur,Bihar,IN-BR
847202,847203,Biraul,Bihar,IN-BR
847204,847204,Tardih,Bihar,IN-BR
847211,847215,Madhubani,Bihar,IN-BR
847222,847222,Bisfi,Bihar,IN-BR
847223,847223,Benipatti,Bihar,IN-BR
847224,847224,Babubarhi,Bihar,IN-BR
847225,847225,Basopatti,Bihar,IN-BR
847226,847226,Jaynagar,Bihar,IN-BR
847227,847227,Laukaha,Bihar,IN-BR
847228,847228,Jaynagar,Bihar,IN-BR
847229,847230,Benipatti,Bihar,IN-BR
847231,847231,Pandaul,Bihar,IN-BR
847232,847232,Ladania,Bihar,IN-BR
847233,847233,Benipur,Bihar,IN-BR
847234,847234,Pandaul,Bihar,IN-BR
847235,847236,Rajnagar,Bihar,IN-BR
847238,847238,Madhubani,Bihar,IN-BR
847239,847239,Manigachhi,Bihar,IN-BR
847240,847240,Harlakhi,Bihar,IN-BR
847301,847301,Hayaghat,Bihar,IN-BR
847302,847304,Jale,Bihar,IN-BR
847305,847305,Madhwapur,Bihar,IN-BR
847306,847306,Keotiranway,Bihar,IN-BR
847307,847307,Jale,Bihar,IN-BR
847308,847308,Madhwapur,Bihar,IN-BR
847337,847337,Keotiranway,Bihar,IN-BR
847401,847401,Andhratharhi,Bihar,IN-BR
847402,847402,Ghoghardiha,Bihar,IN-BR
847403,847403,Lakhnaur,Bihar,IN-BR
847404,847404,Jhanjharpur,Bihar,IN-BR
847405,847405,Alinagar,Bihar,IN-BR
847407,847407,Tardih,Bihar,IN-BR
847408,847408,Madhepur,Bihar,IN-BR
847409,847409,Phulparas,Bihar,IN-BR
847410,847410,Lakhnaur,Bihar,IN-BR
847411,847411,Andhratharhi,Bihar,IN-BR
847421,847421,Laukaha,Bihar,IN-BR
847422,847422,Manigachhi,Bihar,IN-BR
847423,847423,Tardih,Bihar,IN-BR
847424,847424,Pandaul,Bihar,IN-BR
847427,847427,Ghanshyampur,Bihar,IN-BR
847428,847428,Singhwara,Bihar,IN-BR
847429,847429,Bahadurpur,Bihar,IN-BR
847451,847452,Nirmali,Bihar,IN-BR
848101,848113,Samastipur,Bihar,IN-BR
848114,848114,Dalsingh Sarai,Bihar,IN-BR
848115,848115,Pusa,Bihar,IN-BR
848117,848117,Khanpur,Bihar,IN-BR
848121,848122,Morwa,Bihar,IN-BR
848125,848125,Kalyanpur,Bihar,IN-BR
848127,848127,Sarairanjan,Bihar,IN-BR
848129,848129,Samastipur,Bihar,IN-BR
848130,848130,Tajpur,Bihar,IN-BR
848131,848131,Pusa,Bihar,IN-BR
848132,848132,Ujiarpur,Bihar,IN-BR
848133,848133,Warisnagar,Bihar,IN-BR
848134,848134,Samastipur,Bihar,IN-BR
848160,848160,Bibhutpur,Bihar,IN-BR
848201,848201,Bakhri,Bihar,IN-BR
848202,848202,Chhorahi,Bihar,IN-BR
848203,848203,Alauli,Bihar,IN-BR
848204,848204,Garhpura,Bihar,IN-BR
848205,848205,Hasanpur,Bihar,IN-BR
848206,848206,Singhia,Bihar,IN-BR
848207,848207,Bithan,Bihar,IN-BR
848208,848208,Rosera,Bihar,IN-BR
848209,848209,Singhia,Bihar,IN-BR
848210,848210,Rosera,Bihar,IN-BR
848211,848211,Bibhutpur,Bihar,IN-BR
848213,848213,Kusheshwar Asthan Purbi,Bihar,IN-BR
848216,848216,Shivaji Nagar,Bihar,IN-BR
848236,848236,Bibhutpur,Bihar,IN-BR
848301,848301,Warisnagar,Bihar,IN-BR
848302,848302,Kalyanpur,Bihar,IN-BR
848501,848502,Mohiuddinnagar,Bihar,IN-BR
848503,848503,Vidyapati Nagar,Bihar,IN-BR
848504,848504,Patori,Bihar,IN-BR
848505,848505,Morwa,Bihar,IN-BR
848506,848506,Mohanpur,Bihar,IN-BR
851101,851101,Begusarai,Bihar,IN-BR
851111,851111,Bachhwara,Bihar,IN-BR
851112,851113,Baruni,Bihar,IN-BR
851114,851114,Barauni,Bihar,IN-BR
851115,851115,Bihat,Bihar,IN-BR
851116,851116,Barauni,Bihar,IN-BR
851117,851117,Begusarai,Bihar,IN-BR
851118,851118,Teghra,Bihar,IN-BR
851120,851120,Bhagwanpur,Bihar,IN-BR
851126,851126,Barauni,Bihar,IN-BR
851127,851127,Birpur,Bihar,IN-BR
851128,851128,Mansurchak,Bihar,IN-BR
851129,851129,Matihani,Bihar,IN-BR
851130,851130,Naokothi,Bihar,IN-BR
851131,851131,Begusarai,Bihar,IN-BR
851132,851132,Cheria Bariarpur,Bihar,IN-BR
851133,851133,Teghra,Bihar,IN-BR
851134,851134,Begusarai,Bihar,IN-BR
851135,851135,Bihat,Bihar,IN-BR
851201,851201,Chautham,Bihar,IN-BR
851202,851202,Bariarpur,Bihar,IN-BR
851203,851203,Gogri,Bihar,IN-BR
851204,851205,Khagariya,Bihar,IN-BR
851206,851206,Alauli,Bihar,IN-BR
851210,851210,Barauni,Bihar,IN-BR
851211,851211,Balia,Bihar,IN-BR
851212,851213,Gogri,Bihar,IN-BR
851214,851214,Khagariya,Bihar,IN-BR
851215,851216,Parbatta,Bihar,IN-BR
851217,851217,Sahebpur Kamal,Bihar,IN-BR
851218,851218,Begusarai,Bihar,IN-BR
852101,852101,Bihariganj,Bihar,IN-BR
852105,852105,Saraigarh Bhaptiyahi,Bihar,IN-BR
852106,852106,Simri Bakhtiarpur,Bihar,IN-BR
852107,852107,Patarghat,Bihar,IN-BR
852108,852108,Supaul,Bihar,IN-BR
852109,852109,Raghopur,Bihar,IN-BR
852110,852110,Supaul,Bihar,IN-BR
852111,852111,Raghopur,Bihar,IN-BR
852112,852112,Kumarkhand,Bihar,IN-BR
852113,852113,Madhipura,Bihar,IN-BR
852114,852114,Murliganj,Bihar,IN-BR
852115,852115,Gwalpara,Bihar,IN-BR
852116,852116,Puraini,Bihar,IN-BR
852121,852121,Madhipura,Bihar,IN-BR
852122,852122,Murliganj,Bihar,IN-BR
852123,852123,Nauhatta,Bihar,IN-BR
852124,852124,Satar Kataiya,Bihar,IN-BR
852125,852125,Pratapganj,Bihar,IN-BR
852126,852126,Salkhua,Bihar,IN-BR
852127,852127,Simri Bakhtiarpur,Bihar,IN-BR
852128,852128,Singheshwar,Bihar,IN-BR
852129,852129,Sonbarsa,Bihar,IN-BR
852130,852131,Supaul,Bihar,IN-BR
852132,852132,Shankarpur,Bihar,IN-BR
852133,852133,Marauna,Bihar,IN-BR
852137,852137,Chhatapur,Bihar,IN-BR
852138,852138,Kishanpur,Bihar,IN-BR
852139,852139,Tribeniganj,Bihar,IN-BR
852161,852161,Beldaur,Bihar,IN-BR
852201,852202,Saharsa,Bihar,IN-BR
852212,852212,Bangaon,Bihar,IN-BR
852213,852213,Chausa,Bihar,IN-BR
852214,852214,Tribeniganj,Bihar,IN-BR
852215,852215,Raghopur,Bihar,IN-BR
852216,852216,Mahishi,Bihar,IN-BR
852217,852217,Sonbarsa,Bihar,IN-BR
852218,852218,Pipra,Bihar,IN-BR
852219,852219,Alamnagar,Bihar,IN-BR
852220,852220,Kishanganj,Bihar,IN-BR
852221,852221,Saur Bazar,Bihar,IN-BR
853201,853201,Bihpur,Bihar,IN-BR
853202,853202,Kharik,Bihar,IN-BR
853203,853203,Narayanpur,Bihar,IN-BR
853204,853204,Naugachhia,Bihar,IN-BR
853205,853205,Gopalpur,Bihar,IN-BR
854101,854101,Rupauli,Bihar,IN-BR
854102,854102,Banmankhi,Bihar,IN-BR
854103,854103,Mansahi,Bihar,IN-BR
854104,854104,Barari,Bihar,IN-BR
854105,854105,Katihar,Bihar,IN-BR
854106,854106,Korha,Bihar,IN-BR
854107,854107,Katihar,Bihar,IN-BR
854108,854108,Korha,Bihar,IN-BR
854109,854109,Katihar,Bihar,IN-BR
854112,854112,Amdabad,Bihar,IN-BR
854113,854113,Manihari,Bihar,IN-BR
854114,854114,Falka,Bihar,IN-BR
854115,854115,Barari,Bihar,IN-BR
854116,854116,Pranpur,Bihar,IN-BR
854117,854117,Amdabad,Bihar,IN-BR
854201,854201,Srinagar,Bihar,IN-BR
854202,854202,Banmankhi,Bihar,IN-BR
854203,854203,Barhara,Bihar,IN-BR
854204,854204,Bhawanipur,Bihar,IN-BR
854205,854205,Dhamdaha,Bihar,IN-BR
854301,854302,Purnia,Bihar,IN-BR
854303,854303,Krityanand Nagar,Bihar,IN-BR
854304,854304,Srinagar,Bihar,IN-BR
854305,854305,Purnia,Bihar,IN-BR
854306,854306,Dhamdaha,Bihar,IN-BR
854311,854311,Araria,Bihar,IN-BR
854312,854312,Raniganj,Bihar,IN-BR
854315,854315,Amour,Bihar,IN-BR
854316,854316,Narpatganj,Bihar,IN-BR
854317,854317,Balrampur,Bihar,IN-BR
854318,854318,Forbesganj,Bihar,IN-BR
854325,854325,Jokihat,Bihar,IN-BR
854326,854326,Dagarua,Bihar,IN-BR
854327,854327,Jalalgarh,Bihar,IN-BR
854328,854328,Jogbani,Bihar,IN-BR
854329,854329,Jokihat,Bihar,IN-BR
854330,854330,Kasba,Bihar,IN-BR
854331,854331,Araria,Bihar,IN-BR
854332,854332,Sikti,Bihar,IN-BR
854333,854333,Palasi,Bihar,IN-BR
854334,854334,Bhargama,Bihar,IN-BR
854335,854336,Narpatganj,Bihar,IN-BR
854337,854337,Purnia,Bihar,IN-BR
854338,854339,Basantpur,Bihar,IN-BR
854340,854340,Birpur,Bihar,IN-BR
855101,855101,Bahadurganj,Bihar,IN-BR
855102,855102,Barsoi,Bihar,IN-BR
855105,855105,Kadwa,Bihar,IN-BR
855106,855106,Thakurganj,Bihar,IN-BR
855107,855107,Kishanganj,Bihar,IN-BR
855108,855108,Thakurganj,Bihar,IN-BR
855113,855113,Azamnagar,Bihar,IN-BR
855114,855114,Kadwa,Bihar,IN-BR
855115,855115,Kochadhamin,Bihar,IN-BR
855116,855116,Thakurganj,Bihar,IN-BR
855117,855117,Pothia,Bihar,IN-BR
900056,900056,Padrauna,Uttar Pradesh,IN-UP
900099,900099,Kolkata,West Bengal,IN-WB
999999,999999,Nizamabad,Telangana,IN-TS
